<?xml version='1.0' encoding='utf-8'?>
<gpx xmlns="http://www.topografix.com/GPX/1/1" version="1.1" creator="smooth_ppk">
  <metadata>
    <extensions>
      <fitcompare_data>
        <total_distance>3056.20</total_distance>
        <max_gap>0.749</max_gap>
        <avg_precision>0.136</avg_precision>
        <max_precision>0.300</max_precision>
      <tolerance>1.2571</tolerance></fitcompare_data>
    </extensions>
  </metadata>
  <trk><name>Smoothed PPK trace</name><trkseg>
    <trkpt lat="46.565194080" lon="6.688855390">
      <ele>854.8</ele>
    </trkpt>
    <trkpt lat="46.565197786" lon="6.688851646">
      <ele>854.5</ele>
    </trkpt>
    <trkpt lat="46.565200019" lon="6.688849307">
      <ele>854.4</ele>
    </trkpt>
    <trkpt lat="46.565202414" lon="6.688847222">
      <ele>854.2</ele>
    </trkpt>
    <trkpt lat="46.565206451" lon="6.688843047">
      <ele>853.8</ele>
    </trkpt>
    <trkpt lat="46.565208564" lon="6.688840405">
      <ele>853.5</ele>
    </trkpt>
    <trkpt lat="46.565210820" lon="6.688837622">
      <ele>853.3</ele>
    </trkpt>
    <trkpt lat="46.565215014" lon="6.688832937">
      <ele>852.8</ele>
    </trkpt>
    <trkpt lat="46.565217896" lon="6.688830405">
      <ele>852.6</ele>
    </trkpt>
    <trkpt lat="46.565220667" lon="6.688827677">
      <ele>852.3</ele>
    </trkpt>
    <trkpt lat="46.565223385" lon="6.688824947">
      <ele>852.0</ele>
    </trkpt>
    <trkpt lat="46.565227803" lon="6.688818097">
      <ele>850.2</ele>
    </trkpt>
    <trkpt lat="46.565230416" lon="6.688815950">
      <ele>850.0</ele>
    </trkpt>
    <trkpt lat="46.565232549" lon="6.688814208">
      <ele>849.9</ele>
    </trkpt>
    <trkpt lat="46.565235386" lon="6.688812452">
      <ele>849.7</ele>
    </trkpt>
    <trkpt lat="46.565239080" lon="6.688809903">
      <ele>849.5</ele>
    </trkpt>
    <trkpt lat="46.565241854" lon="6.688807774">
      <ele>849.4</ele>
    </trkpt>
    <trkpt lat="46.565244779" lon="6.688805804">
      <ele>849.2</ele>
    </trkpt>
    <trkpt lat="46.565247954" lon="6.688803646">
      <ele>849.1</ele>
    </trkpt>
    <trkpt lat="46.565251462" lon="6.688801458">
      <ele>849.0</ele>
    </trkpt>
    <trkpt lat="46.565254463" lon="6.688799293">
      <ele>849.0</ele>
    </trkpt>
    <trkpt lat="46.565257591" lon="6.688796984">
      <ele>848.9</ele>
    </trkpt>
    <trkpt lat="46.565260674" lon="6.688794843">
      <ele>848.8</ele>
    </trkpt>
    <trkpt lat="46.565263997" lon="6.688792686">
      <ele>848.7</ele>
    </trkpt>
    <trkpt lat="46.565267242" lon="6.688790595">
      <ele>848.6</ele>
    </trkpt>
    <trkpt lat="46.565270540" lon="6.688788525">
      <ele>848.5</ele>
    </trkpt>
    <trkpt lat="46.565273888" lon="6.688786523">
      <ele>848.3</ele>
    </trkpt>
    <trkpt lat="46.565277284" lon="6.688784608">
      <ele>848.2</ele>
    </trkpt>
    <trkpt lat="46.565280722" lon="6.688782799">
      <ele>848.0</ele>
    </trkpt>
    <trkpt lat="46.565284188" lon="6.688781103">
      <ele>847.7</ele>
    </trkpt>
    <trkpt lat="46.565287664" lon="6.688779520">
      <ele>847.5</ele>
    </trkpt>
    <trkpt lat="46.565291129" lon="6.688778036">
      <ele>847.2</ele>
    </trkpt>
    <trkpt lat="46.565294567" lon="6.688776627">
      <ele>847.0</ele>
    </trkpt>
    <trkpt lat="46.565297971" lon="6.688775259">
      <ele>846.8</ele>
    </trkpt>
    <trkpt lat="46.565301341" lon="6.688773894">
      <ele>846.6</ele>
    </trkpt>
    <trkpt lat="46.565304685" lon="6.688772494">
      <ele>846.5</ele>
    </trkpt>
    <trkpt lat="46.565308016" lon="6.688771026">
      <ele>846.4</ele>
    </trkpt>
    <trkpt lat="46.565311343" lon="6.688769466">
      <ele>846.3</ele>
    </trkpt>
    <trkpt lat="46.565314668" lon="6.688767806">
      <ele>846.3</ele>
    </trkpt>
    <trkpt lat="46.565317994" lon="6.688766043">
      <ele>846.3</ele>
    </trkpt>
    <trkpt lat="46.565321314" lon="6.688764185">
      <ele>846.3</ele>
    </trkpt>
    <trkpt lat="46.565324624" lon="6.688762243">
      <ele>846.3</ele>
    </trkpt>
    <trkpt lat="46.565327918" lon="6.688760234">
      <ele>846.3</ele>
    </trkpt>
    <trkpt lat="46.565331194" lon="6.688758173">
      <ele>846.3</ele>
    </trkpt>
    <trkpt lat="46.565334450" lon="6.688756071">
      <ele>846.3</ele>
    </trkpt>
    <trkpt lat="46.565337695" lon="6.688753939">
      <ele>846.4</ele>
    </trkpt>
    <trkpt lat="46.565340931" lon="6.688751781">
      <ele>846.4</ele>
    </trkpt>
    <trkpt lat="46.565344159" lon="6.688749601">
      <ele>846.4</ele>
    </trkpt>
    <trkpt lat="46.565347380" lon="6.688747396">
      <ele>846.5</ele>
    </trkpt>
    <trkpt lat="46.565350593" lon="6.688745164">
      <ele>846.5</ele>
    </trkpt>
    <trkpt lat="46.565353798" lon="6.688742900">
      <ele>846.5</ele>
    </trkpt>
    <trkpt lat="46.565356991" lon="6.688740603">
      <ele>846.6</ele>
    </trkpt>
    <trkpt lat="46.565360172" lon="6.688738271">
      <ele>846.6</ele>
    </trkpt>
    <trkpt lat="46.565363341" lon="6.688735907">
      <ele>846.6</ele>
    </trkpt>
    <trkpt lat="46.565366502" lon="6.688733510">
      <ele>846.6</ele>
    </trkpt>
    <trkpt lat="46.565369656" lon="6.688731084">
      <ele>846.7</ele>
    </trkpt>
    <trkpt lat="46.565372807" lon="6.688728633">
      <ele>846.7</ele>
    </trkpt>
    <trkpt lat="46.565375962" lon="6.688726158">
      <ele>846.8</ele>
    </trkpt>
    <trkpt lat="46.565379123" lon="6.688723659">
      <ele>846.8</ele>
    </trkpt>
    <trkpt lat="46.565382290" lon="6.688721135">
      <ele>846.8</ele>
    </trkpt>
    <trkpt lat="46.565385462" lon="6.688718585">
      <ele>846.9</ele>
    </trkpt>
    <trkpt lat="46.565388634" lon="6.688716009">
      <ele>846.9</ele>
    </trkpt>
    <trkpt lat="46.565391798" lon="6.688713409">
      <ele>847.0</ele>
    </trkpt>
    <trkpt lat="46.565394950" lon="6.688710788">
      <ele>847.0</ele>
    </trkpt>
    <trkpt lat="46.565398084" lon="6.688708153">
      <ele>847.1</ele>
    </trkpt>
    <trkpt lat="46.565401196" lon="6.688705514">
      <ele>847.1</ele>
    </trkpt>
    <trkpt lat="46.565404285" lon="6.688702885">
      <ele>847.2</ele>
    </trkpt>
    <trkpt lat="46.565407352" lon="6.688700280">
      <ele>847.2</ele>
    </trkpt>
    <trkpt lat="46.565410403" lon="6.688697712">
      <ele>847.2</ele>
    </trkpt>
    <trkpt lat="46.565413440" lon="6.688695195">
      <ele>847.3</ele>
    </trkpt>
    <trkpt lat="46.565416466" lon="6.688692742">
      <ele>847.3</ele>
    </trkpt>
    <trkpt lat="46.565419489" lon="6.688690360">
      <ele>847.3</ele>
    </trkpt>
    <trkpt lat="46.565422515" lon="6.688688052">
      <ele>847.3</ele>
    </trkpt>
    <trkpt lat="46.565425552" lon="6.688685819">
      <ele>847.3</ele>
    </trkpt>
    <trkpt lat="46.565428606" lon="6.688683656">
      <ele>847.4</ele>
    </trkpt>
    <trkpt lat="46.565431687" lon="6.688681553">
      <ele>847.4</ele>
    </trkpt>
    <trkpt lat="46.565434803" lon="6.688679498">
      <ele>847.4</ele>
    </trkpt>
    <trkpt lat="46.565437959" lon="6.688677476">
      <ele>847.4</ele>
    </trkpt>
    <trkpt lat="46.565441157" lon="6.688675473">
      <ele>847.4</ele>
    </trkpt>
    <trkpt lat="46.565444390" lon="6.688673477">
      <ele>847.4</ele>
    </trkpt>
    <trkpt lat="46.565447651" lon="6.688671478">
      <ele>847.4</ele>
    </trkpt>
    <trkpt lat="46.565450933" lon="6.688669469">
      <ele>847.4</ele>
    </trkpt>
    <trkpt lat="46.565454221" lon="6.688667453">
      <ele>847.4</ele>
    </trkpt>
    <trkpt lat="46.565457507" lon="6.688665429">
      <ele>847.4</ele>
    </trkpt>
    <trkpt lat="46.565460782" lon="6.688663393">
      <ele>847.4</ele>
    </trkpt>
    <trkpt lat="46.565464041" lon="6.688661348">
      <ele>847.4</ele>
    </trkpt>
    <trkpt lat="46.565467286" lon="6.688659290">
      <ele>847.4</ele>
    </trkpt>
    <trkpt lat="46.565470522" lon="6.688657212">
      <ele>847.4</ele>
    </trkpt>
    <trkpt lat="46.565473747" lon="6.688655108">
      <ele>847.5</ele>
    </trkpt>
    <trkpt lat="46.565476968" lon="6.688652967">
      <ele>847.5</ele>
    </trkpt>
    <trkpt lat="46.565480187" lon="6.688650784">
      <ele>847.6</ele>
    </trkpt>
    <trkpt lat="46.565483408" lon="6.688648558">
      <ele>847.6</ele>
    </trkpt>
    <trkpt lat="46.565486637" lon="6.688646298">
      <ele>847.7</ele>
    </trkpt>
    <trkpt lat="46.565489878" lon="6.688644023">
      <ele>847.8</ele>
    </trkpt>
    <trkpt lat="46.565493140" lon="6.688641757">
      <ele>847.9</ele>
    </trkpt>
    <trkpt lat="46.565496429" lon="6.688639531">
      <ele>848.0</ele>
    </trkpt>
    <trkpt lat="46.565499744" lon="6.688637378">
      <ele>848.1</ele>
    </trkpt>
    <trkpt lat="46.565503078" lon="6.688635322">
      <ele>848.2</ele>
    </trkpt>
    <trkpt lat="46.565506423" lon="6.688633375">
      <ele>848.2</ele>
    </trkpt>
    <trkpt lat="46.565509756" lon="6.688631542">
      <ele>848.2</ele>
    </trkpt>
    <trkpt lat="46.565513053" lon="6.688629810">
      <ele>848.2</ele>
    </trkpt>
    <trkpt lat="46.565516293" lon="6.688628162">
      <ele>848.2</ele>
    </trkpt>
    <trkpt lat="46.565519460" lon="6.688626581">
      <ele>848.2</ele>
    </trkpt>
    <trkpt lat="46.565522552" lon="6.688625047">
      <ele>848.2</ele>
    </trkpt>
    <trkpt lat="46.565525578" lon="6.688623546">
      <ele>848.2</ele>
    </trkpt>
    <trkpt lat="46.565528555" lon="6.688622069">
      <ele>848.2</ele>
    </trkpt>
    <trkpt lat="46.565531509" lon="6.688620604">
      <ele>848.3</ele>
    </trkpt>
    <trkpt lat="46.565534468" lon="6.688619147">
      <ele>848.3</ele>
    </trkpt>
    <trkpt lat="46.565537458" lon="6.688617690">
      <ele>848.4</ele>
    </trkpt>
    <trkpt lat="46.565540500" lon="6.688616235">
      <ele>848.4</ele>
    </trkpt>
    <trkpt lat="46.565543603" lon="6.688614774">
      <ele>848.5</ele>
    </trkpt>
    <trkpt lat="46.565546773" lon="6.688613306">
      <ele>848.5</ele>
    </trkpt>
    <trkpt lat="46.565550005" lon="6.688611836">
      <ele>848.5</ele>
    </trkpt>
    <trkpt lat="46.565553295" lon="6.688610366">
      <ele>848.5</ele>
    </trkpt>
    <trkpt lat="46.565556631" lon="6.688608901">
      <ele>848.5</ele>
    </trkpt>
    <trkpt lat="46.565559999" lon="6.688607441">
      <ele>848.5</ele>
    </trkpt>
    <trkpt lat="46.565563384" lon="6.688605987">
      <ele>848.5</ele>
    </trkpt>
    <trkpt lat="46.565566773" lon="6.688604541">
      <ele>848.5</ele>
    </trkpt>
    <trkpt lat="46.565570159" lon="6.688603102">
      <ele>848.5</ele>
    </trkpt>
    <trkpt lat="46.565573533" lon="6.688601678">
      <ele>848.5</ele>
    </trkpt>
    <trkpt lat="46.565576896" lon="6.688600273">
      <ele>848.5</ele>
    </trkpt>
    <trkpt lat="46.565580247" lon="6.688598899">
      <ele>848.5</ele>
    </trkpt>
    <trkpt lat="46.565583592" lon="6.688597566">
      <ele>848.5</ele>
    </trkpt>
    <trkpt lat="46.565586937" lon="6.688596283">
      <ele>848.5</ele>
    </trkpt>
    <trkpt lat="46.565590295" lon="6.688595055">
      <ele>848.5</ele>
    </trkpt>
    <trkpt lat="46.565593677" lon="6.688593885">
      <ele>848.5</ele>
    </trkpt>
    <trkpt lat="46.565597091" lon="6.688592770">
      <ele>848.5</ele>
    </trkpt>
    <trkpt lat="46.565600548" lon="6.688591703">
      <ele>848.5</ele>
    </trkpt>
    <trkpt lat="46.565604048" lon="6.688590675">
      <ele>848.5</ele>
    </trkpt>
    <trkpt lat="46.565607589" lon="6.688589676">
      <ele>848.5</ele>
    </trkpt>
    <trkpt lat="46.565611165" lon="6.688588700">
      <ele>848.5</ele>
    </trkpt>
    <trkpt lat="46.565614759" lon="6.688587740">
      <ele>848.5</ele>
    </trkpt>
    <trkpt lat="46.565618355" lon="6.688586797">
      <ele>848.5</ele>
    </trkpt>
    <trkpt lat="46.565621940" lon="6.688585873">
      <ele>848.6</ele>
    </trkpt>
    <trkpt lat="46.565625503" lon="6.688584973">
      <ele>848.6</ele>
    </trkpt>
    <trkpt lat="46.565629043" lon="6.688584098">
      <ele>848.6</ele>
    </trkpt>
    <trkpt lat="46.565632564" lon="6.688583251">
      <ele>848.6</ele>
    </trkpt>
    <trkpt lat="46.565636073" lon="6.688582430">
      <ele>848.6</ele>
    </trkpt>
    <trkpt lat="46.565639580" lon="6.688581634">
      <ele>848.6</ele>
    </trkpt>
    <trkpt lat="46.565643093" lon="6.688580859">
      <ele>848.6</ele>
    </trkpt>
    <trkpt lat="46.565646618" lon="6.688580098">
      <ele>848.6</ele>
    </trkpt>
    <trkpt lat="46.565650156" lon="6.688579351">
      <ele>848.7</ele>
    </trkpt>
    <trkpt lat="46.565653704" lon="6.688578617">
      <ele>848.7</ele>
    </trkpt>
    <trkpt lat="46.565657259" lon="6.688577896">
      <ele>848.7</ele>
    </trkpt>
    <trkpt lat="46.565660819" lon="6.688577190">
      <ele>848.7</ele>
    </trkpt>
    <trkpt lat="46.565664379" lon="6.688576504">
      <ele>848.7</ele>
    </trkpt>
    <trkpt lat="46.565667938" lon="6.688575837">
      <ele>848.7</ele>
    </trkpt>
    <trkpt lat="46.565671493" lon="6.688575192">
      <ele>848.7</ele>
    </trkpt>
    <trkpt lat="46.565675044" lon="6.688574566">
      <ele>848.8</ele>
    </trkpt>
    <trkpt lat="46.565678585" lon="6.688573955">
      <ele>848.8</ele>
    </trkpt>
    <trkpt lat="46.565682121" lon="6.688573353">
      <ele>848.8</ele>
    </trkpt>
    <trkpt lat="46.565685648" lon="6.688572755">
      <ele>848.8</ele>
    </trkpt>
    <trkpt lat="46.565689169" lon="6.688572154">
      <ele>848.8</ele>
    </trkpt>
    <trkpt lat="46.565692689" lon="6.688571546">
      <ele>848.8</ele>
    </trkpt>
    <trkpt lat="46.565696208" lon="6.688570926">
      <ele>848.9</ele>
    </trkpt>
    <trkpt lat="46.565699729" lon="6.688570294">
      <ele>848.9</ele>
    </trkpt>
    <trkpt lat="46.565703257" lon="6.688569648">
      <ele>848.9</ele>
    </trkpt>
    <trkpt lat="46.565706794" lon="6.688568989">
      <ele>848.9</ele>
    </trkpt>
    <trkpt lat="46.565710335" lon="6.688568319">
      <ele>848.9</ele>
    </trkpt>
    <trkpt lat="46.565713879" lon="6.688567642">
      <ele>849.0</ele>
    </trkpt>
    <trkpt lat="46.565717422" lon="6.688566963">
      <ele>849.0</ele>
    </trkpt>
    <trkpt lat="46.565720960" lon="6.688566286">
      <ele>849.0</ele>
    </trkpt>
    <trkpt lat="46.565724489" lon="6.688565616">
      <ele>849.0</ele>
    </trkpt>
    <trkpt lat="46.565728007" lon="6.688564955">
      <ele>849.1</ele>
    </trkpt>
    <trkpt lat="46.565731512" lon="6.688564303">
      <ele>849.1</ele>
    </trkpt>
    <trkpt lat="46.565735009" lon="6.688563656">
      <ele>849.1</ele>
    </trkpt>
    <trkpt lat="46.565738505" lon="6.688563005">
      <ele>849.1</ele>
    </trkpt>
    <trkpt lat="46.565742002" lon="6.688562343">
      <ele>849.2</ele>
    </trkpt>
    <trkpt lat="46.565745506" lon="6.688561658">
      <ele>849.2</ele>
    </trkpt>
    <trkpt lat="46.565749021" lon="6.688560943">
      <ele>849.2</ele>
    </trkpt>
    <trkpt lat="46.565752546" lon="6.688560194">
      <ele>849.3</ele>
    </trkpt>
    <trkpt lat="46.565756081" lon="6.688559411">
      <ele>849.3</ele>
    </trkpt>
    <trkpt lat="46.565759620" lon="6.688558596">
      <ele>849.3</ele>
    </trkpt>
    <trkpt lat="46.565763159" lon="6.688557755">
      <ele>849.4</ele>
    </trkpt>
    <trkpt lat="46.565766693" lon="6.688556894">
      <ele>849.4</ele>
    </trkpt>
    <trkpt lat="46.565770221" lon="6.688556019">
      <ele>849.4</ele>
    </trkpt>
    <trkpt lat="46.565773741" lon="6.688555134">
      <ele>849.4</ele>
    </trkpt>
    <trkpt lat="46.565777253" lon="6.688554241">
      <ele>849.5</ele>
    </trkpt>
    <trkpt lat="46.565780758" lon="6.688553342">
      <ele>849.5</ele>
    </trkpt>
    <trkpt lat="46.565784261" lon="6.688552433">
      <ele>849.5</ele>
    </trkpt>
    <trkpt lat="46.565787765" lon="6.688551514">
      <ele>849.5</ele>
    </trkpt>
    <trkpt lat="46.565791271" lon="6.688550581">
      <ele>849.6</ele>
    </trkpt>
    <trkpt lat="46.565794784" lon="6.688549632">
      <ele>849.6</ele>
    </trkpt>
    <trkpt lat="46.565798305" lon="6.688548666">
      <ele>849.6</ele>
    </trkpt>
    <trkpt lat="46.565801836" lon="6.688547682">
      <ele>849.7</ele>
    </trkpt>
    <trkpt lat="46.565805374" lon="6.688546684">
      <ele>849.7</ele>
    </trkpt>
    <trkpt lat="46.565808916" lon="6.688545673">
      <ele>849.7</ele>
    </trkpt>
    <trkpt lat="46.565812460" lon="6.688544656">
      <ele>849.7</ele>
    </trkpt>
    <trkpt lat="46.565816005" lon="6.688543637">
      <ele>849.8</ele>
    </trkpt>
    <trkpt lat="46.565819547" lon="6.688542621">
      <ele>849.8</ele>
    </trkpt>
    <trkpt lat="46.565823087" lon="6.688541609">
      <ele>849.8</ele>
    </trkpt>
    <trkpt lat="46.565826623" lon="6.688540603">
      <ele>849.9</ele>
    </trkpt>
    <trkpt lat="46.565830155" lon="6.688539600">
      <ele>849.9</ele>
    </trkpt>
    <trkpt lat="46.565833682" lon="6.688538597">
      <ele>849.9</ele>
    </trkpt>
    <trkpt lat="46.565837201" lon="6.688537590">
      <ele>849.9</ele>
    </trkpt>
    <trkpt lat="46.565840712" lon="6.688536575">
      <ele>849.9</ele>
    </trkpt>
    <trkpt lat="46.565844210" lon="6.688535548">
      <ele>850.0</ele>
    </trkpt>
    <trkpt lat="46.565847697" lon="6.688534508">
      <ele>850.0</ele>
    </trkpt>
    <trkpt lat="46.565851175" lon="6.688533452">
      <ele>850.0</ele>
    </trkpt>
    <trkpt lat="46.565854647" lon="6.688532382">
      <ele>850.0</ele>
    </trkpt>
    <trkpt lat="46.565858114" lon="6.688531298">
      <ele>850.0</ele>
    </trkpt>
    <trkpt lat="46.565861577" lon="6.688530203">
      <ele>850.0</ele>
    </trkpt>
    <trkpt lat="46.565865039" lon="6.688529100">
      <ele>850.0</ele>
    </trkpt>
    <trkpt lat="46.565868497" lon="6.688527992">
      <ele>850.0</ele>
    </trkpt>
    <trkpt lat="46.565871950" lon="6.688526884">
      <ele>850.0</ele>
    </trkpt>
    <trkpt lat="46.565875397" lon="6.688525781">
      <ele>850.0</ele>
    </trkpt>
    <trkpt lat="46.565878839" lon="6.688524689">
      <ele>850.0</ele>
    </trkpt>
    <trkpt lat="46.565882279" lon="6.688523612">
      <ele>850.0</ele>
    </trkpt>
    <trkpt lat="46.565885716" lon="6.688522554">
      <ele>850.0</ele>
    </trkpt>
    <trkpt lat="46.565889158" lon="6.688521522">
      <ele>850.0</ele>
    </trkpt>
    <trkpt lat="46.565892605" lon="6.688520521">
      <ele>850.0</ele>
    </trkpt>
    <trkpt lat="46.565896059" lon="6.688519553">
      <ele>850.0</ele>
    </trkpt>
    <trkpt lat="46.565899522" lon="6.688518623">
      <ele>850.0</ele>
    </trkpt>
    <trkpt lat="46.565902991" lon="6.688517735">
      <ele>850.0</ele>
    </trkpt>
    <trkpt lat="46.565906464" lon="6.688516891">
      <ele>850.0</ele>
    </trkpt>
    <trkpt lat="46.565909945" lon="6.688516091">
      <ele>850.0</ele>
    </trkpt>
    <trkpt lat="46.565913436" lon="6.688515330">
      <ele>850.0</ele>
    </trkpt>
    <trkpt lat="46.565916938" lon="6.688514605">
      <ele>850.0</ele>
    </trkpt>
    <trkpt lat="46.565920454" lon="6.688513907">
      <ele>850.0</ele>
    </trkpt>
    <trkpt lat="46.565923987" lon="6.688513227">
      <ele>850.0</ele>
    </trkpt>
    <trkpt lat="46.565927534" lon="6.688512554">
      <ele>849.9</ele>
    </trkpt>
    <trkpt lat="46.565931088" lon="6.688511878">
      <ele>849.9</ele>
    </trkpt>
    <trkpt lat="46.565934636" lon="6.688511191">
      <ele>849.9</ele>
    </trkpt>
    <trkpt lat="46.565938167" lon="6.688510489">
      <ele>849.9</ele>
    </trkpt>
    <trkpt lat="46.565941668" lon="6.688509774">
      <ele>849.9</ele>
    </trkpt>
    <trkpt lat="46.565945135" lon="6.688509053">
      <ele>849.8</ele>
    </trkpt>
    <trkpt lat="46.565948567" lon="6.688508338">
      <ele>849.8</ele>
    </trkpt>
    <trkpt lat="46.565951969" lon="6.688507645">
      <ele>849.8</ele>
    </trkpt>
    <trkpt lat="46.565955354" lon="6.688506989">
      <ele>849.8</ele>
    </trkpt>
    <trkpt lat="46.565958728" lon="6.688506385">
      <ele>849.8</ele>
    </trkpt>
    <trkpt lat="46.565962100" lon="6.688505844">
      <ele>849.8</ele>
    </trkpt>
    <trkpt lat="46.565965477" lon="6.688505372">
      <ele>849.7</ele>
    </trkpt>
    <trkpt lat="46.565968859" lon="6.688504969">
      <ele>849.7</ele>
    </trkpt>
    <trkpt lat="46.565972248" lon="6.688504626">
      <ele>849.7</ele>
    </trkpt>
    <trkpt lat="46.565975643" lon="6.688504335">
      <ele>849.7</ele>
    </trkpt>
    <trkpt lat="46.565979051" lon="6.688504080">
      <ele>849.7</ele>
    </trkpt>
    <trkpt lat="46.565982479" lon="6.688503840">
      <ele>849.7</ele>
    </trkpt>
    <trkpt lat="46.565985932" lon="6.688503587">
      <ele>849.7</ele>
    </trkpt>
    <trkpt lat="46.565989419" lon="6.688503290">
      <ele>849.8</ele>
    </trkpt>
    <trkpt lat="46.565992942" lon="6.688502915">
      <ele>849.9</ele>
    </trkpt>
    <trkpt lat="46.565996495" lon="6.688502423">
      <ele>850.0</ele>
    </trkpt>
    <trkpt lat="46.566000077" lon="6.688501798">
      <ele>850.1</ele>
    </trkpt>
    <trkpt lat="46.566003677" lon="6.688501035">
      <ele>850.2</ele>
    </trkpt>
    <trkpt lat="46.566007289" lon="6.688500152">
      <ele>850.4</ele>
    </trkpt>
    <trkpt lat="46.566010905" lon="6.688499181">
      <ele>850.6</ele>
    </trkpt>
    <trkpt lat="46.566014520" lon="6.688498166">
      <ele>850.8</ele>
    </trkpt>
    <trkpt lat="46.566018132" lon="6.688497145">
      <ele>851.0</ele>
    </trkpt>
    <trkpt lat="46.566021738" lon="6.688496150">
      <ele>851.1</ele>
    </trkpt>
    <trkpt lat="46.566025336" lon="6.688495191">
      <ele>851.2</ele>
    </trkpt>
    <trkpt lat="46.566028924" lon="6.688494264">
      <ele>851.3</ele>
    </trkpt>
    <trkpt lat="46.566032497" lon="6.688493352">
      <ele>851.4</ele>
    </trkpt>
    <trkpt lat="46.566036052" lon="6.688492443">
      <ele>851.5</ele>
    </trkpt>
    <trkpt lat="46.566039590" lon="6.688491529">
      <ele>851.6</ele>
    </trkpt>
    <trkpt lat="46.566043111" lon="6.688490616">
      <ele>851.6</ele>
    </trkpt>
    <trkpt lat="46.566046622" lon="6.688489721">
      <ele>851.7</ele>
    </trkpt>
    <trkpt lat="46.566050128" lon="6.688488864">
      <ele>851.8</ele>
    </trkpt>
    <trkpt lat="46.566053634" lon="6.688488061">
      <ele>851.8</ele>
    </trkpt>
    <trkpt lat="46.566057151" lon="6.688487321">
      <ele>851.8</ele>
    </trkpt>
    <trkpt lat="46.566060685" lon="6.688486643">
      <ele>851.8</ele>
    </trkpt>
    <trkpt lat="46.566064237" lon="6.688486014">
      <ele>851.8</ele>
    </trkpt>
    <trkpt lat="46.566067807" lon="6.688485417">
      <ele>851.8</ele>
    </trkpt>
    <trkpt lat="46.566071391" lon="6.688484834">
      <ele>851.8</ele>
    </trkpt>
    <trkpt lat="46.566074984" lon="6.688484250">
      <ele>851.8</ele>
    </trkpt>
    <trkpt lat="46.566078576" lon="6.688483651">
      <ele>851.8</ele>
    </trkpt>
    <trkpt lat="46.566082157" lon="6.688483036">
      <ele>851.8</ele>
    </trkpt>
    <trkpt lat="46.566085720" lon="6.688482407">
      <ele>851.8</ele>
    </trkpt>
    <trkpt lat="46.566089257" lon="6.688481761">
      <ele>851.8</ele>
    </trkpt>
    <trkpt lat="46.566092765" lon="6.688481106">
      <ele>851.8</ele>
    </trkpt>
    <trkpt lat="46.566096246" lon="6.688480449">
      <ele>851.7</ele>
    </trkpt>
    <trkpt lat="46.566099703" lon="6.688479795">
      <ele>851.7</ele>
    </trkpt>
    <trkpt lat="46.566103144" lon="6.688479149">
      <ele>851.7</ele>
    </trkpt>
    <trkpt lat="46.566106578" lon="6.688478511">
      <ele>851.7</ele>
    </trkpt>
    <trkpt lat="46.566110017" lon="6.688477878">
      <ele>851.7</ele>
    </trkpt>
    <trkpt lat="46.566113470" lon="6.688477244">
      <ele>851.7</ele>
    </trkpt>
    <trkpt lat="46.566116945" lon="6.688476606">
      <ele>851.7</ele>
    </trkpt>
    <trkpt lat="46.566120443" lon="6.688475957">
      <ele>851.7</ele>
    </trkpt>
    <trkpt lat="46.566123970" lon="6.688475294">
      <ele>851.7</ele>
    </trkpt>
    <trkpt lat="46.566127520" lon="6.688474613">
      <ele>851.7</ele>
    </trkpt>
    <trkpt lat="46.566131086" lon="6.688473915">
      <ele>851.7</ele>
    </trkpt>
    <trkpt lat="46.566134666" lon="6.688473200">
      <ele>851.7</ele>
    </trkpt>
    <trkpt lat="46.566138250" lon="6.688472468">
      <ele>851.7</ele>
    </trkpt>
    <trkpt lat="46.566141834" lon="6.688471722">
      <ele>851.7</ele>
    </trkpt>
    <trkpt lat="46.566145415" lon="6.688470963">
      <ele>851.7</ele>
    </trkpt>
    <trkpt lat="46.566148992" lon="6.688470191">
      <ele>851.7</ele>
    </trkpt>
    <trkpt lat="46.566152562" lon="6.688469408">
      <ele>851.7</ele>
    </trkpt>
    <trkpt lat="46.566156130" lon="6.688468611">
      <ele>851.7</ele>
    </trkpt>
    <trkpt lat="46.566159694" lon="6.688467800">
      <ele>851.7</ele>
    </trkpt>
    <trkpt lat="46.566163252" lon="6.688466973">
      <ele>851.6</ele>
    </trkpt>
    <trkpt lat="46.566166808" lon="6.688466126">
      <ele>851.6</ele>
    </trkpt>
    <trkpt lat="46.566170355" lon="6.688465258">
      <ele>851.6</ele>
    </trkpt>
    <trkpt lat="46.566173893" lon="6.688464369">
      <ele>851.6</ele>
    </trkpt>
    <trkpt lat="46.566177424" lon="6.688463456">
      <ele>851.6</ele>
    </trkpt>
    <trkpt lat="46.566180947" lon="6.688462521">
      <ele>851.6</ele>
    </trkpt>
    <trkpt lat="46.566184463" lon="6.688461563">
      <ele>851.6</ele>
    </trkpt>
    <trkpt lat="46.566187973" lon="6.688460589">
      <ele>851.6</ele>
    </trkpt>
    <trkpt lat="46.566191480" lon="6.688459602">
      <ele>851.6</ele>
    </trkpt>
    <trkpt lat="46.566194984" lon="6.688458608">
      <ele>851.6</ele>
    </trkpt>
    <trkpt lat="46.566198483" lon="6.688457617">
      <ele>851.6</ele>
    </trkpt>
    <trkpt lat="46.566201979" lon="6.688456639">
      <ele>851.6</ele>
    </trkpt>
    <trkpt lat="46.566205469" lon="6.688455683">
      <ele>851.6</ele>
    </trkpt>
    <trkpt lat="46.566208954" lon="6.688454757">
      <ele>851.6</ele>
    </trkpt>
    <trkpt lat="46.566212430" lon="6.688453869">
      <ele>851.6</ele>
    </trkpt>
    <trkpt lat="46.566215900" lon="6.688453022">
      <ele>851.6</ele>
    </trkpt>
    <trkpt lat="46.566219369" lon="6.688452221">
      <ele>851.6</ele>
    </trkpt>
    <trkpt lat="46.566222839" lon="6.688451466">
      <ele>851.6</ele>
    </trkpt>
    <trkpt lat="46.566226316" lon="6.688450749">
      <ele>851.6</ele>
    </trkpt>
    <trkpt lat="46.566229807" lon="6.688450075">
      <ele>851.6</ele>
    </trkpt>
    <trkpt lat="46.566233319" lon="6.688449442">
      <ele>851.5</ele>
    </trkpt>
    <trkpt lat="46.566236854" lon="6.688448851">
      <ele>851.5</ele>
    </trkpt>
    <trkpt lat="46.566240416" lon="6.688448301">
      <ele>851.5</ele>
    </trkpt>
    <trkpt lat="46.566243998" lon="6.688447791">
      <ele>851.5</ele>
    </trkpt>
    <trkpt lat="46.566247596" lon="6.688447307">
      <ele>851.4</ele>
    </trkpt>
    <trkpt lat="46.566251200" lon="6.688446832">
      <ele>851.4</ele>
    </trkpt>
    <trkpt lat="46.566254798" lon="6.688446341">
      <ele>851.3</ele>
    </trkpt>
    <trkpt lat="46.566258386" lon="6.688445803">
      <ele>851.3</ele>
    </trkpt>
    <trkpt lat="46.566261959" lon="6.688445192">
      <ele>851.3</ele>
    </trkpt>
    <trkpt lat="46.566265511" lon="6.688444488">
      <ele>851.3</ele>
    </trkpt>
    <trkpt lat="46.566269041" lon="6.688443688">
      <ele>851.3</ele>
    </trkpt>
    <trkpt lat="46.566272554" lon="6.688442802">
      <ele>851.3</ele>
    </trkpt>
    <trkpt lat="46.566276053" lon="6.688441852">
      <ele>851.4</ele>
    </trkpt>
    <trkpt lat="46.566279536" lon="6.688440866">
      <ele>851.4</ele>
    </trkpt>
    <trkpt lat="46.566283012" lon="6.688439874">
      <ele>851.5</ele>
    </trkpt>
    <trkpt lat="46.566286483" lon="6.688438899">
      <ele>851.5</ele>
    </trkpt>
    <trkpt lat="46.566289958" lon="6.688437955">
      <ele>851.6</ele>
    </trkpt>
    <trkpt lat="46.566293440" lon="6.688437048">
      <ele>851.6</ele>
    </trkpt>
    <trkpt lat="46.566296937" lon="6.688436177">
      <ele>851.7</ele>
    </trkpt>
    <trkpt lat="46.566300452" lon="6.688435335">
      <ele>851.7</ele>
    </trkpt>
    <trkpt lat="46.566303988" lon="6.688434516">
      <ele>851.7</ele>
    </trkpt>
    <trkpt lat="46.566307543" lon="6.688433716">
      <ele>851.7</ele>
    </trkpt>
    <trkpt lat="46.566311110" lon="6.688432935">
      <ele>851.7</ele>
    </trkpt>
    <trkpt lat="46.566314686" lon="6.688432171">
      <ele>851.7</ele>
    </trkpt>
    <trkpt lat="46.566318266" lon="6.688431424">
      <ele>851.7</ele>
    </trkpt>
    <trkpt lat="46.566321840" lon="6.688430704">
      <ele>851.6</ele>
    </trkpt>
    <trkpt lat="46.566325406" lon="6.688430027">
      <ele>851.6</ele>
    </trkpt>
    <trkpt lat="46.566328957" lon="6.688429400">
      <ele>851.5</ele>
    </trkpt>
    <trkpt lat="46.566332493" lon="6.688428823">
      <ele>851.4</ele>
    </trkpt>
    <trkpt lat="46.566336013" lon="6.688428301">
      <ele>851.3</ele>
    </trkpt>
    <trkpt lat="46.566339522" lon="6.688427823">
      <ele>851.2</ele>
    </trkpt>
    <trkpt lat="46.566343025" lon="6.688427371">
      <ele>851.1</ele>
    </trkpt>
    <trkpt lat="46.566346527" lon="6.688426921">
      <ele>851.0</ele>
    </trkpt>
    <trkpt lat="46.566350034" lon="6.688426449">
      <ele>851.0</ele>
    </trkpt>
    <trkpt lat="46.566353552" lon="6.688425934">
      <ele>850.9</ele>
    </trkpt>
    <trkpt lat="46.566357085" lon="6.688425358">
      <ele>850.9</ele>
    </trkpt>
    <trkpt lat="46.566360630" lon="6.688424713">
      <ele>850.9</ele>
    </trkpt>
    <trkpt lat="46.566364184" lon="6.688423998">
      <ele>850.9</ele>
    </trkpt>
    <trkpt lat="46.566367748" lon="6.688423217">
      <ele>851.0</ele>
    </trkpt>
    <trkpt lat="46.566371316" lon="6.688422381">
      <ele>851.0</ele>
    </trkpt>
    <trkpt lat="46.566374888" lon="6.688421504">
      <ele>851.1</ele>
    </trkpt>
    <trkpt lat="46.566378459" lon="6.688420613">
      <ele>851.2</ele>
    </trkpt>
    <trkpt lat="46.566382035" lon="6.688419729">
      <ele>851.3</ele>
    </trkpt>
    <trkpt lat="46.566385613" lon="6.688418870">
      <ele>851.3</ele>
    </trkpt>
    <trkpt lat="46.566389192" lon="6.688418061">
      <ele>851.4</ele>
    </trkpt>
    <trkpt lat="46.566392772" lon="6.688417315">
      <ele>851.4</ele>
    </trkpt>
    <trkpt lat="46.566396350" lon="6.688416637">
      <ele>851.4</ele>
    </trkpt>
    <trkpt lat="46.566399926" lon="6.688416032">
      <ele>851.4</ele>
    </trkpt>
    <trkpt lat="46.566403491" lon="6.688415491">
      <ele>851.3</ele>
    </trkpt>
    <trkpt lat="46.566407045" lon="6.688414991">
      <ele>851.3</ele>
    </trkpt>
    <trkpt lat="46.566410586" lon="6.688414506">
      <ele>851.2</ele>
    </trkpt>
    <trkpt lat="46.566414116" lon="6.688413999">
      <ele>851.1</ele>
    </trkpt>
    <trkpt lat="46.566417635" lon="6.688413442">
      <ele>851.1</ele>
    </trkpt>
    <trkpt lat="46.566421144" lon="6.688412811">
      <ele>851.1</ele>
    </trkpt>
    <trkpt lat="46.566424650" lon="6.688412083">
      <ele>851.0</ele>
    </trkpt>
    <trkpt lat="46.566428154" lon="6.688411260">
      <ele>851.0</ele>
    </trkpt>
    <trkpt lat="46.566431658" lon="6.688410357">
      <ele>851.1</ele>
    </trkpt>
    <trkpt lat="46.566435164" lon="6.688409403">
      <ele>851.1</ele>
    </trkpt>
    <trkpt lat="46.566438672" lon="6.688408426">
      <ele>851.1</ele>
    </trkpt>
    <trkpt lat="46.566442182" lon="6.688407458">
      <ele>851.2</ele>
    </trkpt>
    <trkpt lat="46.566445692" lon="6.688406520">
      <ele>851.2</ele>
    </trkpt>
    <trkpt lat="46.566449199" lon="6.688405627">
      <ele>851.2</ele>
    </trkpt>
    <trkpt lat="46.566452705" lon="6.688404781">
      <ele>851.2</ele>
    </trkpt>
    <trkpt lat="46.566456204" lon="6.688403981">
      <ele>851.2</ele>
    </trkpt>
    <trkpt lat="46.566459699" lon="6.688403220">
      <ele>851.2</ele>
    </trkpt>
    <trkpt lat="46.566463187" lon="6.688402489">
      <ele>851.1</ele>
    </trkpt>
    <trkpt lat="46.566466671" lon="6.688401770">
      <ele>851.1</ele>
    </trkpt>
    <trkpt lat="46.566470152" lon="6.688401056">
      <ele>851.1</ele>
    </trkpt>
    <trkpt lat="46.566473636" lon="6.688400332">
      <ele>851.1</ele>
    </trkpt>
    <trkpt lat="46.566477128" lon="6.688399576">
      <ele>851.0</ele>
    </trkpt>
    <trkpt lat="46.566480636" lon="6.688398772">
      <ele>851.0</ele>
    </trkpt>
    <trkpt lat="46.566484163" lon="6.688397906">
      <ele>851.0</ele>
    </trkpt>
    <trkpt lat="46.566487712" lon="6.688396968">
      <ele>851.0</ele>
    </trkpt>
    <trkpt lat="46.566491288" lon="6.688395950">
      <ele>851.0</ele>
    </trkpt>
    <trkpt lat="46.566494884" lon="6.688394850">
      <ele>851.0</ele>
    </trkpt>
    <trkpt lat="46.566498488" lon="6.688393669">
      <ele>851.0</ele>
    </trkpt>
    <trkpt lat="46.566502089" lon="6.688392416">
      <ele>851.0</ele>
    </trkpt>
    <trkpt lat="46.566505676" lon="6.688391103">
      <ele>851.0</ele>
    </trkpt>
    <trkpt lat="46.566509235" lon="6.688389740">
      <ele>851.1</ele>
    </trkpt>
    <trkpt lat="46.566512752" lon="6.688388343">
      <ele>851.1</ele>
    </trkpt>
    <trkpt lat="46.566516222" lon="6.688386923">
      <ele>851.1</ele>
    </trkpt>
    <trkpt lat="46.566519643" lon="6.688385488">
      <ele>851.1</ele>
    </trkpt>
    <trkpt lat="46.566523019" lon="6.688384042">
      <ele>851.2</ele>
    </trkpt>
    <trkpt lat="46.566526355" lon="6.688382584">
      <ele>851.2</ele>
    </trkpt>
    <trkpt lat="46.566529656" lon="6.688381100">
      <ele>851.2</ele>
    </trkpt>
    <trkpt lat="46.566532930" lon="6.688379584">
      <ele>851.2</ele>
    </trkpt>
    <trkpt lat="46.566536185" lon="6.688378022">
      <ele>851.2</ele>
    </trkpt>
    <trkpt lat="46.566539424" lon="6.688376399">
      <ele>851.2</ele>
    </trkpt>
    <trkpt lat="46.566542655" lon="6.688374699">
      <ele>851.2</ele>
    </trkpt>
    <trkpt lat="46.566545882" lon="6.688372905">
      <ele>851.2</ele>
    </trkpt>
    <trkpt lat="46.566549110" lon="6.688371002">
      <ele>851.1</ele>
    </trkpt>
    <trkpt lat="46.566552342" lon="6.688368973">
      <ele>851.0</ele>
    </trkpt>
    <trkpt lat="46.566555579" lon="6.688366812">
      <ele>850.8</ele>
    </trkpt>
    <trkpt lat="46.566558821" lon="6.688364518">
      <ele>850.7</ele>
    </trkpt>
    <trkpt lat="46.566562067" lon="6.688362108">
      <ele>850.5</ele>
    </trkpt>
    <trkpt lat="46.566565314" lon="6.688359608">
      <ele>850.2</ele>
    </trkpt>
    <trkpt lat="46.566568560" lon="6.688357054">
      <ele>850.0</ele>
    </trkpt>
    <trkpt lat="46.566571806" lon="6.688354489">
      <ele>849.8</ele>
    </trkpt>
    <trkpt lat="46.566575051" lon="6.688351948">
      <ele>849.6</ele>
    </trkpt>
    <trkpt lat="46.566578295" lon="6.688349462">
      <ele>849.4</ele>
    </trkpt>
    <trkpt lat="46.566581545" lon="6.688347044">
      <ele>849.3</ele>
    </trkpt>
    <trkpt lat="46.566584797" lon="6.688344696">
      <ele>849.2</ele>
    </trkpt>
    <trkpt lat="46.566588049" lon="6.688342412">
      <ele>849.1</ele>
    </trkpt>
    <trkpt lat="46.566591303" lon="6.688340178">
      <ele>849.0</ele>
    </trkpt>
    <trkpt lat="46.566594557" lon="6.688337985">
      <ele>849.0</ele>
    </trkpt>
    <trkpt lat="46.566597810" lon="6.688335823">
      <ele>849.0</ele>
    </trkpt>
    <trkpt lat="46.566601060" lon="6.688333690">
      <ele>849.0</ele>
    </trkpt>
    <trkpt lat="46.566604307" lon="6.688331584">
      <ele>849.0</ele>
    </trkpt>
    <trkpt lat="46.566607551" lon="6.688329508">
      <ele>849.0</ele>
    </trkpt>
    <trkpt lat="46.566610798" lon="6.688327471">
      <ele>849.0</ele>
    </trkpt>
    <trkpt lat="46.566614044" lon="6.688325469">
      <ele>849.0</ele>
    </trkpt>
    <trkpt lat="46.566617296" lon="6.688323508">
      <ele>849.0</ele>
    </trkpt>
    <trkpt lat="46.566620557" lon="6.688321588">
      <ele>849.0</ele>
    </trkpt>
    <trkpt lat="46.566623832" lon="6.688319704">
      <ele>849.1</ele>
    </trkpt>
    <trkpt lat="46.566627124" lon="6.688317852">
      <ele>849.1</ele>
    </trkpt>
    <trkpt lat="46.566630434" lon="6.688316023">
      <ele>849.1</ele>
    </trkpt>
    <trkpt lat="46.566633761" lon="6.688314207">
      <ele>849.1</ele>
    </trkpt>
    <trkpt lat="46.566637103" lon="6.688312389">
      <ele>849.2</ele>
    </trkpt>
    <trkpt lat="46.566640453" lon="6.688310563">
      <ele>849.2</ele>
    </trkpt>
    <trkpt lat="46.566643809" lon="6.688308722">
      <ele>849.2</ele>
    </trkpt>
    <trkpt lat="46.566647163" lon="6.688306866">
      <ele>849.2</ele>
    </trkpt>
    <trkpt lat="46.566650516" lon="6.688305003">
      <ele>849.2</ele>
    </trkpt>
    <trkpt lat="46.566653868" lon="6.688303145">
      <ele>849.3</ele>
    </trkpt>
    <trkpt lat="46.566657221" lon="6.688301310">
      <ele>849.3</ele>
    </trkpt>
    <trkpt lat="46.566660581" lon="6.688299515">
      <ele>849.3</ele>
    </trkpt>
    <trkpt lat="46.566663953" lon="6.688297780">
      <ele>849.3</ele>
    </trkpt>
    <trkpt lat="46.566667341" lon="6.688296118">
      <ele>849.2</ele>
    </trkpt>
    <trkpt lat="46.566670750" lon="6.688294540">
      <ele>849.2</ele>
    </trkpt>
    <trkpt lat="46.566674181" lon="6.688293051">
      <ele>849.2</ele>
    </trkpt>
    <trkpt lat="46.566677636" lon="6.688291648">
      <ele>849.2</ele>
    </trkpt>
    <trkpt lat="46.566681114" lon="6.688290324">
      <ele>849.1</ele>
    </trkpt>
    <trkpt lat="46.566684608" lon="6.688289067">
      <ele>849.1</ele>
    </trkpt>
    <trkpt lat="46.566688115" lon="6.688287861">
      <ele>849.0</ele>
    </trkpt>
    <trkpt lat="46.566691624" lon="6.688286692">
      <ele>849.0</ele>
    </trkpt>
    <trkpt lat="46.566695129" lon="6.688285546">
      <ele>849.0</ele>
    </trkpt>
    <trkpt lat="46.566698622" lon="6.688284413">
      <ele>848.9</ele>
    </trkpt>
    <trkpt lat="46.566702100" lon="6.688283291">
      <ele>848.9</ele>
    </trkpt>
    <trkpt lat="46.566705562" lon="6.688282178">
      <ele>848.8</ele>
    </trkpt>
    <trkpt lat="46.566709008" lon="6.688281077">
      <ele>848.7</ele>
    </trkpt>
    <trkpt lat="46.566712441" lon="6.688279991">
      <ele>848.7</ele>
    </trkpt>
    <trkpt lat="46.566715866" lon="6.688278916">
      <ele>848.6</ele>
    </trkpt>
    <trkpt lat="46.566719284" lon="6.688277845">
      <ele>848.6</ele>
    </trkpt>
    <trkpt lat="46.566722696" lon="6.688276764">
      <ele>848.5</ele>
    </trkpt>
    <trkpt lat="46.566726104" lon="6.688275655">
      <ele>848.5</ele>
    </trkpt>
    <trkpt lat="46.566729511" lon="6.688274498">
      <ele>848.5</ele>
    </trkpt>
    <trkpt lat="46.566732919" lon="6.688273279">
      <ele>848.4</ele>
    </trkpt>
    <trkpt lat="46.566736328" lon="6.688271988">
      <ele>848.4</ele>
    </trkpt>
    <trkpt lat="46.566739742" lon="6.688270625">
      <ele>848.4</ele>
    </trkpt>
    <trkpt lat="46.566743158" lon="6.688269196">
      <ele>848.3</ele>
    </trkpt>
    <trkpt lat="46.566746575" lon="6.688267712">
      <ele>848.3</ele>
    </trkpt>
    <trkpt lat="46.566749984" lon="6.688266188">
      <ele>848.3</ele>
    </trkpt>
    <trkpt lat="46.566753380" lon="6.688264637">
      <ele>848.3</ele>
    </trkpt>
    <trkpt lat="46.566756759" lon="6.688263067">
      <ele>848.3</ele>
    </trkpt>
    <trkpt lat="46.566760115" lon="6.688261487">
      <ele>848.3</ele>
    </trkpt>
    <trkpt lat="46.566763451" lon="6.688259894">
      <ele>848.3</ele>
    </trkpt>
    <trkpt lat="46.566766767" lon="6.688258287">
      <ele>848.4</ele>
    </trkpt>
    <trkpt lat="46.566770073" lon="6.688256656">
      <ele>848.4</ele>
    </trkpt>
    <trkpt lat="46.566773370" lon="6.688254997">
      <ele>848.5</ele>
    </trkpt>
    <trkpt lat="46.566776663" lon="6.688253298">
      <ele>848.5</ele>
    </trkpt>
    <trkpt lat="46.566779953" lon="6.688251551">
      <ele>848.6</ele>
    </trkpt>
    <trkpt lat="46.566783240" lon="6.688249753">
      <ele>848.6</ele>
    </trkpt>
    <trkpt lat="46.566786519" lon="6.688247899">
      <ele>848.7</ele>
    </trkpt>
    <trkpt lat="46.566789789" lon="6.688245992">
      <ele>848.7</ele>
    </trkpt>
    <trkpt lat="46.566793049" lon="6.688244032">
      <ele>848.7</ele>
    </trkpt>
    <trkpt lat="46.566796294" lon="6.688242025">
      <ele>848.7</ele>
    </trkpt>
    <trkpt lat="46.566799524" lon="6.688239972">
      <ele>848.7</ele>
    </trkpt>
    <trkpt lat="46.566802739" lon="6.688237874">
      <ele>848.7</ele>
    </trkpt>
    <trkpt lat="46.566805936" lon="6.688235730">
      <ele>848.7</ele>
    </trkpt>
    <trkpt lat="46.566809123" lon="6.688233539">
      <ele>848.6</ele>
    </trkpt>
    <trkpt lat="46.566812297" lon="6.688231300">
      <ele>848.6</ele>
    </trkpt>
    <trkpt lat="46.566815470" lon="6.688229019">
      <ele>848.6</ele>
    </trkpt>
    <trkpt lat="46.566818646" lon="6.688226709">
      <ele>848.6</ele>
    </trkpt>
    <trkpt lat="46.566821840" lon="6.688224393">
      <ele>848.6</ele>
    </trkpt>
    <trkpt lat="46.566825068" lon="6.688222108">
      <ele>848.5</ele>
    </trkpt>
    <trkpt lat="46.566828341" lon="6.688219899">
      <ele>848.5</ele>
    </trkpt>
    <trkpt lat="46.566831676" lon="6.688217805">
      <ele>848.4</ele>
    </trkpt>
    <trkpt lat="46.566835080" lon="6.688215861">
      <ele>848.4</ele>
    </trkpt>
    <trkpt lat="46.566838554" lon="6.688214081">
      <ele>848.3</ele>
    </trkpt>
    <trkpt lat="46.566842089" lon="6.688212452">
      <ele>848.3</ele>
    </trkpt>
    <trkpt lat="46.566845667" lon="6.688210941">
      <ele>848.3</ele>
    </trkpt>
    <trkpt lat="46.566849259" lon="6.688209489">
      <ele>848.3</ele>
    </trkpt>
    <trkpt lat="46.566852833" lon="6.688208031">
      <ele>848.4</ele>
    </trkpt>
    <trkpt lat="46.566856359" lon="6.688206503">
      <ele>848.4</ele>
    </trkpt>
    <trkpt lat="46.566859810" lon="6.688204856">
      <ele>848.5</ele>
    </trkpt>
    <trkpt lat="46.566863172" lon="6.688203062">
      <ele>848.6</ele>
    </trkpt>
    <trkpt lat="46.566866445" lon="6.688201114">
      <ele>848.7</ele>
    </trkpt>
    <trkpt lat="46.566869637" lon="6.688199028">
      <ele>848.8</ele>
    </trkpt>
    <trkpt lat="46.566872763" lon="6.688196830">
      <ele>848.9</ele>
    </trkpt>
    <trkpt lat="46.566875846" lon="6.688194552">
      <ele>848.9</ele>
    </trkpt>
    <trkpt lat="46.566878905" lon="6.688192229">
      <ele>849.0</ele>
    </trkpt>
    <trkpt lat="46.566881958" lon="6.688189891">
      <ele>849.1</ele>
    </trkpt>
    <trkpt lat="46.566885019" lon="6.688187564">
      <ele>849.2</ele>
    </trkpt>
    <trkpt lat="46.566888097" lon="6.688185269">
      <ele>849.2</ele>
    </trkpt>
    <trkpt lat="46.566891191" lon="6.688183021">
      <ele>849.3</ele>
    </trkpt>
    <trkpt lat="46.566894312" lon="6.688180834">
      <ele>849.4</ele>
    </trkpt>
    <trkpt lat="46.566897461" lon="6.688178713">
      <ele>849.4</ele>
    </trkpt>
    <trkpt lat="46.566900639" lon="6.688176662">
      <ele>849.4</ele>
    </trkpt>
    <trkpt lat="46.566903847" lon="6.688174676">
      <ele>849.5</ele>
    </trkpt>
    <trkpt lat="46.566907084" lon="6.688172753">
      <ele>849.5</ele>
    </trkpt>
    <trkpt lat="46.566910348" lon="6.688170884">
      <ele>849.5</ele>
    </trkpt>
    <trkpt lat="46.566913631" lon="6.688169066">
      <ele>849.5</ele>
    </trkpt>
    <trkpt lat="46.566916926" lon="6.688167296">
      <ele>849.5</ele>
    </trkpt>
    <trkpt lat="46.566920222" lon="6.688165572">
      <ele>849.5</ele>
    </trkpt>
    <trkpt lat="46.566923512" lon="6.688163891">
      <ele>849.5</ele>
    </trkpt>
    <trkpt lat="46.566926786" lon="6.688162250">
      <ele>849.4</ele>
    </trkpt>
    <trkpt lat="46.566930037" lon="6.688160646">
      <ele>849.4</ele>
    </trkpt>
    <trkpt lat="46.566933256" lon="6.688159075">
      <ele>849.4</ele>
    </trkpt>
    <trkpt lat="46.566936435" lon="6.688157533">
      <ele>849.3</ele>
    </trkpt>
    <trkpt lat="46.566939568" lon="6.688156015">
      <ele>849.3</ele>
    </trkpt>
    <trkpt lat="46.566942649" lon="6.688154522">
      <ele>849.2</ele>
    </trkpt>
    <trkpt lat="46.566945679" lon="6.688153057">
      <ele>849.2</ele>
    </trkpt>
    <trkpt lat="46.566948663" lon="6.688151623">
      <ele>849.2</ele>
    </trkpt>
    <trkpt lat="46.566951616" lon="6.688150227">
      <ele>849.1</ele>
    </trkpt>
    <trkpt lat="46.566954555" lon="6.688148874">
      <ele>849.1</ele>
    </trkpt>
    <trkpt lat="46.566957503" lon="6.688147566">
      <ele>849.1</ele>
    </trkpt>
    <trkpt lat="46.566960482" lon="6.688146305">
      <ele>849.1</ele>
    </trkpt>
    <trkpt lat="46.566963512" lon="6.688145088">
      <ele>849.2</ele>
    </trkpt>
    <trkpt lat="46.566966607" lon="6.688143911">
      <ele>849.2</ele>
    </trkpt>
    <trkpt lat="46.566969775" lon="6.688142768">
      <ele>849.3</ele>
    </trkpt>
    <trkpt lat="46.566973019" lon="6.688141655">
      <ele>849.4</ele>
    </trkpt>
    <trkpt lat="46.566976335" lon="6.688140566">
      <ele>849.4</ele>
    </trkpt>
    <trkpt lat="46.566979715" lon="6.688139497">
      <ele>849.5</ele>
    </trkpt>
    <trkpt lat="46.566983145" lon="6.688138445">
      <ele>849.6</ele>
    </trkpt>
    <trkpt lat="46.566986614" lon="6.688137408">
      <ele>849.6</ele>
    </trkpt>
    <trkpt lat="46.566990105" lon="6.688136385">
      <ele>849.7</ele>
    </trkpt>
    <trkpt lat="46.566993604" lon="6.688135377">
      <ele>849.7</ele>
    </trkpt>
    <trkpt lat="46.566997101" lon="6.688134387">
      <ele>849.8</ele>
    </trkpt>
    <trkpt lat="46.567000589" lon="6.688133418">
      <ele>849.8</ele>
    </trkpt>
    <trkpt lat="46.567004067" lon="6.688132476">
      <ele>849.8</ele>
    </trkpt>
    <trkpt lat="46.567007537" lon="6.688131564">
      <ele>849.9</ele>
    </trkpt>
    <trkpt lat="46.567011004" lon="6.688130684">
      <ele>849.9</ele>
    </trkpt>
    <trkpt lat="46.567014473" lon="6.688129836">
      <ele>849.9</ele>
    </trkpt>
    <trkpt lat="46.567017946" lon="6.688129020">
      <ele>849.9</ele>
    </trkpt>
    <trkpt lat="46.567021427" lon="6.688128233">
      <ele>849.9</ele>
    </trkpt>
    <trkpt lat="46.567024916" lon="6.688127474">
      <ele>849.9</ele>
    </trkpt>
    <trkpt lat="46.567028412" lon="6.688126742">
      <ele>849.9</ele>
    </trkpt>
    <trkpt lat="46.567031913" lon="6.688126037">
      <ele>849.9</ele>
    </trkpt>
    <trkpt lat="46.567035420" lon="6.688125356">
      <ele>849.9</ele>
    </trkpt>
    <trkpt lat="46.567038938" lon="6.688124692">
      <ele>849.9</ele>
    </trkpt>
    <trkpt lat="46.567042469" lon="6.688124036">
      <ele>849.9</ele>
    </trkpt>
    <trkpt lat="46.567046013" lon="6.688123371">
      <ele>850.0</ele>
    </trkpt>
    <trkpt lat="46.567049575" lon="6.688122677">
      <ele>850.0</ele>
    </trkpt>
    <trkpt lat="46.567053154" lon="6.688121928">
      <ele>850.0</ele>
    </trkpt>
    <trkpt lat="46.567056747" lon="6.688121098">
      <ele>850.0</ele>
    </trkpt>
    <trkpt lat="46.567060349" lon="6.688120162">
      <ele>850.0</ele>
    </trkpt>
    <trkpt lat="46.567063952" lon="6.688119097">
      <ele>850.0</ele>
    </trkpt>
    <trkpt lat="46.567067548" lon="6.688117888">
      <ele>850.0</ele>
    </trkpt>
    <trkpt lat="46.567071126" lon="6.688116523">
      <ele>850.1</ele>
    </trkpt>
    <trkpt lat="46.567074674" lon="6.688114998">
      <ele>850.1</ele>
    </trkpt>
    <trkpt lat="46.567078180" lon="6.688113313">
      <ele>850.1</ele>
    </trkpt>
    <trkpt lat="46.567081636" lon="6.688111472">
      <ele>850.1</ele>
    </trkpt>
    <trkpt lat="46.567085036" lon="6.688109477">
      <ele>850.2</ele>
    </trkpt>
    <trkpt lat="46.567088375" lon="6.688107335">
      <ele>850.2</ele>
    </trkpt>
    <trkpt lat="46.567091654" lon="6.688105050">
      <ele>850.3</ele>
    </trkpt>
    <trkpt lat="46.567094874" lon="6.688102627">
      <ele>850.3</ele>
    </trkpt>
    <trkpt lat="46.567098037" lon="6.688100069">
      <ele>850.3</ele>
    </trkpt>
    <trkpt lat="46.567101145" lon="6.688097382">
      <ele>850.4</ele>
    </trkpt>
    <trkpt lat="46.567104201" lon="6.688094573">
      <ele>850.4</ele>
    </trkpt>
    <trkpt lat="46.567107206" lon="6.688091652">
      <ele>850.5</ele>
    </trkpt>
    <trkpt lat="46.567110158" lon="6.688088632">
      <ele>850.5</ele>
    </trkpt>
    <trkpt lat="46.567113062" lon="6.688085524">
      <ele>850.6</ele>
    </trkpt>
    <trkpt lat="46.567115922" lon="6.688082344">
      <ele>850.6</ele>
    </trkpt>
    <trkpt lat="46.567118740" lon="6.688079109">
      <ele>850.6</ele>
    </trkpt>
    <trkpt lat="46.567121526" lon="6.688075837">
      <ele>850.7</ele>
    </trkpt>
    <trkpt lat="46.567124291" lon="6.688072540">
      <ele>850.7</ele>
    </trkpt>
    <trkpt lat="46.567127041" lon="6.688069234">
      <ele>850.8</ele>
    </trkpt>
    <trkpt lat="46.567129783" lon="6.688065935">
      <ele>850.8</ele>
    </trkpt>
    <trkpt lat="46.567132519" lon="6.688062662">
      <ele>850.8</ele>
    </trkpt>
    <trkpt lat="46.567135254" lon="6.688059430">
      <ele>850.8</ele>
    </trkpt>
    <trkpt lat="46.567137990" lon="6.688056260">
      <ele>850.9</ele>
    </trkpt>
    <trkpt lat="46.567140731" lon="6.688053171">
      <ele>850.9</ele>
    </trkpt>
    <trkpt lat="46.567143481" lon="6.688050179">
      <ele>850.9</ele>
    </trkpt>
    <trkpt lat="46.567146250" lon="6.688047295">
      <ele>850.9</ele>
    </trkpt>
    <trkpt lat="46.567149047" lon="6.688044524">
      <ele>851.0</ele>
    </trkpt>
    <trkpt lat="46.567151880" lon="6.688041863">
      <ele>851.0</ele>
    </trkpt>
    <trkpt lat="46.567154757" lon="6.688039307">
      <ele>851.0</ele>
    </trkpt>
    <trkpt lat="46.567157679" lon="6.688036846">
      <ele>851.1</ele>
    </trkpt>
    <trkpt lat="46.567160645" lon="6.688034470">
      <ele>851.1</ele>
    </trkpt>
    <trkpt lat="46.567163650" lon="6.688032173">
      <ele>851.2</ele>
    </trkpt>
    <trkpt lat="46.567166693" lon="6.688029947">
      <ele>851.2</ele>
    </trkpt>
    <trkpt lat="46.567169769" lon="6.688027788">
      <ele>851.3</ele>
    </trkpt>
    <trkpt lat="46.567172877" lon="6.688025693">
      <ele>851.3</ele>
    </trkpt>
    <trkpt lat="46.567176014" lon="6.688023658">
      <ele>851.3</ele>
    </trkpt>
    <trkpt lat="46.567179181" lon="6.688021682">
      <ele>851.3</ele>
    </trkpt>
    <trkpt lat="46.567182377" lon="6.688019762">
      <ele>851.3</ele>
    </trkpt>
    <trkpt lat="46.567185599" lon="6.688017898">
      <ele>851.3</ele>
    </trkpt>
    <trkpt lat="46.567188841" lon="6.688016089">
      <ele>851.2</ele>
    </trkpt>
    <trkpt lat="46.567192098" lon="6.688014335">
      <ele>851.2</ele>
    </trkpt>
    <trkpt lat="46.567195356" lon="6.688012636">
      <ele>851.1</ele>
    </trkpt>
    <trkpt lat="46.567198611" lon="6.688010996">
      <ele>851.1</ele>
    </trkpt>
    <trkpt lat="46.567201857" lon="6.688009412">
      <ele>851.0</ele>
    </trkpt>
    <trkpt lat="46.567205088" lon="6.688007889">
      <ele>851.0</ele>
    </trkpt>
    <trkpt lat="46.567208307" lon="6.688006430">
      <ele>850.9</ele>
    </trkpt>
    <trkpt lat="46.567211514" lon="6.688005042">
      <ele>850.9</ele>
    </trkpt>
    <trkpt lat="46.567214717" lon="6.688003734">
      <ele>850.9</ele>
    </trkpt>
    <trkpt lat="46.567217928" lon="6.688002513">
      <ele>850.9</ele>
    </trkpt>
    <trkpt lat="46.567221161" lon="6.688001385">
      <ele>850.8</ele>
    </trkpt>
    <trkpt lat="46.567224424" lon="6.688000351">
      <ele>850.8</ele>
    </trkpt>
    <trkpt lat="46.567227728" lon="6.687999408">
      <ele>850.8</ele>
    </trkpt>
    <trkpt lat="46.567231078" lon="6.687998546">
      <ele>850.7</ele>
    </trkpt>
    <trkpt lat="46.567234474" lon="6.687997752">
      <ele>850.7</ele>
    </trkpt>
    <trkpt lat="46.567237908" lon="6.687997012">
      <ele>850.7</ele>
    </trkpt>
    <trkpt lat="46.567241373" lon="6.687996314">
      <ele>850.6</ele>
    </trkpt>
    <trkpt lat="46.567244857" lon="6.687995650">
      <ele>850.6</ele>
    </trkpt>
    <trkpt lat="46.567248347" lon="6.687995017">
      <ele>850.5</ele>
    </trkpt>
    <trkpt lat="46.567251836" lon="6.687994416">
      <ele>850.5</ele>
    </trkpt>
    <trkpt lat="46.567255316" lon="6.687993852">
      <ele>850.5</ele>
    </trkpt>
    <trkpt lat="46.567258786" lon="6.687993333">
      <ele>850.4</ele>
    </trkpt>
    <trkpt lat="46.567262249" lon="6.687992868">
      <ele>850.4</ele>
    </trkpt>
    <trkpt lat="46.567265703" lon="6.687992461">
      <ele>850.3</ele>
    </trkpt>
    <trkpt lat="46.567269154" lon="6.687992118">
      <ele>850.3</ele>
    </trkpt>
    <trkpt lat="46.567272609" lon="6.687991841">
      <ele>850.3</ele>
    </trkpt>
    <trkpt lat="46.567276069" lon="6.687991631">
      <ele>850.2</ele>
    </trkpt>
    <trkpt lat="46.567279535" lon="6.687991490">
      <ele>850.2</ele>
    </trkpt>
    <trkpt lat="46.567283008" lon="6.687991422">
      <ele>850.2</ele>
    </trkpt>
    <trkpt lat="46.567286484" lon="6.687991428">
      <ele>850.1</ele>
    </trkpt>
    <trkpt lat="46.567289963" lon="6.687991511">
      <ele>850.1</ele>
    </trkpt>
    <trkpt lat="46.567293443" lon="6.687991671">
      <ele>850.1</ele>
    </trkpt>
    <trkpt lat="46.567296923" lon="6.687991905">
      <ele>850.0</ele>
    </trkpt>
    <trkpt lat="46.567300400" lon="6.687992207">
      <ele>850.0</ele>
    </trkpt>
    <trkpt lat="46.567303873" lon="6.687992571">
      <ele>850.0</ele>
    </trkpt>
    <trkpt lat="46.567307343" lon="6.687992989">
      <ele>850.0</ele>
    </trkpt>
    <trkpt lat="46.567310810" lon="6.687993453">
      <ele>850.0</ele>
    </trkpt>
    <trkpt lat="46.567314273" lon="6.687993954">
      <ele>849.9</ele>
    </trkpt>
    <trkpt lat="46.567317731" lon="6.687994489">
      <ele>849.9</ele>
    </trkpt>
    <trkpt lat="46.567321185" lon="6.687995052">
      <ele>849.9</ele>
    </trkpt>
    <trkpt lat="46.567324635" lon="6.687995638">
      <ele>849.9</ele>
    </trkpt>
    <trkpt lat="46.567328081" lon="6.687996245">
      <ele>849.9</ele>
    </trkpt>
    <trkpt lat="46.567331518" lon="6.687996868">
      <ele>849.9</ele>
    </trkpt>
    <trkpt lat="46.567334950" lon="6.687997510">
      <ele>849.9</ele>
    </trkpt>
    <trkpt lat="46.567338375" lon="6.687998172">
      <ele>849.9</ele>
    </trkpt>
    <trkpt lat="46.567341794" lon="6.687998857">
      <ele>849.9</ele>
    </trkpt>
    <trkpt lat="46.567345203" lon="6.687999567">
      <ele>849.9</ele>
    </trkpt>
    <trkpt lat="46.567348606" lon="6.688000306">
      <ele>849.9</ele>
    </trkpt>
    <trkpt lat="46.567352006" lon="6.688001076">
      <ele>849.9</ele>
    </trkpt>
    <trkpt lat="46.567355402" lon="6.688001876">
      <ele>849.9</ele>
    </trkpt>
    <trkpt lat="46.567358795" lon="6.688002704">
      <ele>849.9</ele>
    </trkpt>
    <trkpt lat="46.567362184" lon="6.688003558">
      <ele>849.9</ele>
    </trkpt>
    <trkpt lat="46.567365573" lon="6.688004436">
      <ele>849.9</ele>
    </trkpt>
    <trkpt lat="46.567368961" lon="6.688005335">
      <ele>849.9</ele>
    </trkpt>
    <trkpt lat="46.567372352" lon="6.688006251">
      <ele>849.9</ele>
    </trkpt>
    <trkpt lat="46.567375749" lon="6.688007178">
      <ele>849.9</ele>
    </trkpt>
    <trkpt lat="46.567379163" lon="6.688008104">
      <ele>849.9</ele>
    </trkpt>
    <trkpt lat="46.567382600" lon="6.688009016">
      <ele>849.9</ele>
    </trkpt>
    <trkpt lat="46.567386067" lon="6.688009896">
      <ele>849.9</ele>
    </trkpt>
    <trkpt lat="46.567389567" lon="6.688010723">
      <ele>850.0</ele>
    </trkpt>
    <trkpt lat="46.567393104" lon="6.688011473">
      <ele>850.0</ele>
    </trkpt>
    <trkpt lat="46.567396676" lon="6.688012122">
      <ele>850.0</ele>
    </trkpt>
    <trkpt lat="46.567400275" lon="6.688012656">
      <ele>850.1</ele>
    </trkpt>
    <trkpt lat="46.567403896" lon="6.688013058">
      <ele>850.2</ele>
    </trkpt>
    <trkpt lat="46.567407528" lon="6.688013327">
      <ele>850.3</ele>
    </trkpt>
    <trkpt lat="46.567411163" lon="6.688013479">
      <ele>850.5</ele>
    </trkpt>
    <trkpt lat="46.567414799" lon="6.688013545">
      <ele>850.6</ele>
    </trkpt>
    <trkpt lat="46.567418432" lon="6.688013570">
      <ele>850.7</ele>
    </trkpt>
    <trkpt lat="46.567422062" lon="6.688013608">
      <ele>850.9</ele>
    </trkpt>
    <trkpt lat="46.567425691" lon="6.688013715">
      <ele>851.0</ele>
    </trkpt>
    <trkpt lat="46.567429323" lon="6.688013932">
      <ele>851.0</ele>
    </trkpt>
    <trkpt lat="46.567432962" lon="6.688014280">
      <ele>851.0</ele>
    </trkpt>
    <trkpt lat="46.567436611" lon="6.688014754">
      <ele>851.0</ele>
    </trkpt>
    <trkpt lat="46.567440266" lon="6.688015325">
      <ele>850.9</ele>
    </trkpt>
    <trkpt lat="46.567443926" lon="6.688015948">
      <ele>850.7</ele>
    </trkpt>
    <trkpt lat="46.567447587" lon="6.688016571">
      <ele>850.6</ele>
    </trkpt>
    <trkpt lat="46.567451246" lon="6.688017147">
      <ele>850.5</ele>
    </trkpt>
    <trkpt lat="46.567454898" lon="6.688017643">
      <ele>850.3</ele>
    </trkpt>
    <trkpt lat="46.567458541" lon="6.688018039">
      <ele>850.2</ele>
    </trkpt>
    <trkpt lat="46.567462175" lon="6.688018334">
      <ele>850.2</ele>
    </trkpt>
    <trkpt lat="46.567465795" lon="6.688018538">
      <ele>850.1</ele>
    </trkpt>
    <trkpt lat="46.567469395" lon="6.688018674">
      <ele>850.1</ele>
    </trkpt>
    <trkpt lat="46.567472969" lon="6.688018759">
      <ele>850.1</ele>
    </trkpt>
    <trkpt lat="46.567476517" lon="6.688018816">
      <ele>850.1</ele>
    </trkpt>
    <trkpt lat="46.567480033" lon="6.688018865">
      <ele>850.1</ele>
    </trkpt>
    <trkpt lat="46.567483518" lon="6.688018919">
      <ele>850.0</ele>
    </trkpt>
    <trkpt lat="46.567486979" lon="6.688018990">
      <ele>850.0</ele>
    </trkpt>
    <trkpt lat="46.567490427" lon="6.688019081">
      <ele>850.0</ele>
    </trkpt>
    <trkpt lat="46.567493875" lon="6.688019200">
      <ele>850.0</ele>
    </trkpt>
    <trkpt lat="46.567497335" lon="6.688019346">
      <ele>850.0</ele>
    </trkpt>
    <trkpt lat="46.567500811" lon="6.688019519">
      <ele>850.0</ele>
    </trkpt>
    <trkpt lat="46.567504306" lon="6.688019717">
      <ele>849.9</ele>
    </trkpt>
    <trkpt lat="46.567507821" lon="6.688019943">
      <ele>849.9</ele>
    </trkpt>
    <trkpt lat="46.567511350" lon="6.688020198">
      <ele>849.9</ele>
    </trkpt>
    <trkpt lat="46.567514885" lon="6.688020486">
      <ele>849.9</ele>
    </trkpt>
    <trkpt lat="46.567518422" lon="6.688020810">
      <ele>849.8</ele>
    </trkpt>
    <trkpt lat="46.567521960" lon="6.688021173">
      <ele>849.8</ele>
    </trkpt>
    <trkpt lat="46.567525499" lon="6.688021576">
      <ele>849.8</ele>
    </trkpt>
    <trkpt lat="46.567529046" lon="6.688022019">
      <ele>849.7</ele>
    </trkpt>
    <trkpt lat="46.567532601" lon="6.688022499">
      <ele>849.7</ele>
    </trkpt>
    <trkpt lat="46.567536169" lon="6.688023005">
      <ele>849.7</ele>
    </trkpt>
    <trkpt lat="46.567539753" lon="6.688023529">
      <ele>849.6</ele>
    </trkpt>
    <trkpt lat="46.567543348" lon="6.688024064">
      <ele>849.6</ele>
    </trkpt>
    <trkpt lat="46.567546952" lon="6.688024592">
      <ele>849.6</ele>
    </trkpt>
    <trkpt lat="46.567550558" lon="6.688025098">
      <ele>849.6</ele>
    </trkpt>
    <trkpt lat="46.567554165" lon="6.688025567">
      <ele>849.5</ele>
    </trkpt>
    <trkpt lat="46.567557766" lon="6.688025990">
      <ele>849.5</ele>
    </trkpt>
    <trkpt lat="46.567561362" lon="6.688026361">
      <ele>849.5</ele>
    </trkpt>
    <trkpt lat="46.567564953" lon="6.688026680">
      <ele>849.6</ele>
    </trkpt>
    <trkpt lat="46.567568543" lon="6.688026959">
      <ele>849.6</ele>
    </trkpt>
    <trkpt lat="46.567572134" lon="6.688027214">
      <ele>849.6</ele>
    </trkpt>
    <trkpt lat="46.567575733" lon="6.688027456">
      <ele>849.6</ele>
    </trkpt>
    <trkpt lat="46.567579340" lon="6.688027691">
      <ele>849.6</ele>
    </trkpt>
    <trkpt lat="46.567582958" lon="6.688027908">
      <ele>849.6</ele>
    </trkpt>
    <trkpt lat="46.567586590" lon="6.688028080">
      <ele>849.6</ele>
    </trkpt>
    <trkpt lat="46.567590236" lon="6.688028171">
      <ele>849.6</ele>
    </trkpt>
    <trkpt lat="46.567593896" lon="6.688028135">
      <ele>849.6</ele>
    </trkpt>
    <trkpt lat="46.567597565" lon="6.688027933">
      <ele>849.6</ele>
    </trkpt>
    <trkpt lat="46.567601240" lon="6.688027545">
      <ele>849.7</ele>
    </trkpt>
    <trkpt lat="46.567604914" lon="6.688026966">
      <ele>849.8</ele>
    </trkpt>
    <trkpt lat="46.567608577" lon="6.688026213">
      <ele>849.9</ele>
    </trkpt>
    <trkpt lat="46.567612222" lon="6.688025316">
      <ele>850.0</ele>
    </trkpt>
    <trkpt lat="46.567615847" lon="6.688024310">
      <ele>850.1</ele>
    </trkpt>
    <trkpt lat="46.567619454" lon="6.688023227">
      <ele>850.2</ele>
    </trkpt>
    <trkpt lat="46.567623046" lon="6.688022090">
      <ele>850.2</ele>
    </trkpt>
    <trkpt lat="46.567626630" lon="6.688020900">
      <ele>850.2</ele>
    </trkpt>
    <trkpt lat="46.567630210" lon="6.688019660">
      <ele>850.2</ele>
    </trkpt>
    <trkpt lat="46.567633794" lon="6.688018356">
      <ele>850.2</ele>
    </trkpt>
    <trkpt lat="46.567637376" lon="6.688016970">
      <ele>850.2</ele>
    </trkpt>
    <trkpt lat="46.567640942" lon="6.688015482">
      <ele>850.1</ele>
    </trkpt>
    <trkpt lat="46.567644482" lon="6.688013867">
      <ele>850.0</ele>
    </trkpt>
    <trkpt lat="46.567647983" lon="6.688012096">
      <ele>849.9</ele>
    </trkpt>
    <trkpt lat="46.567651427" lon="6.688010147">
      <ele>849.7</ele>
    </trkpt>
    <trkpt lat="46.567654807" lon="6.688008010">
      <ele>849.5</ele>
    </trkpt>
    <trkpt lat="46.567658125" lon="6.688005683">
      <ele>849.2</ele>
    </trkpt>
    <trkpt lat="46.567661381" lon="6.688003186">
      <ele>848.9</ele>
    </trkpt>
    <trkpt lat="46.567664585" lon="6.688000556">
      <ele>848.6</ele>
    </trkpt>
    <trkpt lat="46.567667756" lon="6.687997852">
      <ele>848.3</ele>
    </trkpt>
    <trkpt lat="46.567670908" lon="6.687995148">
      <ele>848.1</ele>
    </trkpt>
    <trkpt lat="46.567674059" lon="6.687992516">
      <ele>847.8</ele>
    </trkpt>
    <trkpt lat="46.567677228" lon="6.687990018">
      <ele>847.7</ele>
    </trkpt>
    <trkpt lat="46.567680429" lon="6.687987700">
      <ele>847.6</ele>
    </trkpt>
    <trkpt lat="46.567683674" lon="6.687985587">
      <ele>847.6</ele>
    </trkpt>
    <trkpt lat="46.567686970" lon="6.687983673">
      <ele>847.7</ele>
    </trkpt>
    <trkpt lat="46.567690318" lon="6.687981929">
      <ele>847.9</ele>
    </trkpt>
    <trkpt lat="46.567693713" lon="6.687980307">
      <ele>848.1</ele>
    </trkpt>
    <trkpt lat="46.567697147" lon="6.687978749">
      <ele>848.4</ele>
    </trkpt>
    <trkpt lat="46.567700602" lon="6.687977198">
      <ele>848.6</ele>
    </trkpt>
    <trkpt lat="46.567704063" lon="6.687975605">
      <ele>848.9</ele>
    </trkpt>
    <trkpt lat="46.567707515" lon="6.687973938">
      <ele>849.1</ele>
    </trkpt>
    <trkpt lat="46.567710939" lon="6.687972188">
      <ele>849.2</ele>
    </trkpt>
    <trkpt lat="46.567714325" lon="6.687970348">
      <ele>849.3</ele>
    </trkpt>
    <trkpt lat="46.567717661" lon="6.687968437">
      <ele>849.4</ele>
    </trkpt>
    <trkpt lat="46.567720950" lon="6.687966479">
      <ele>849.4</ele>
    </trkpt>
    <trkpt lat="46.567724199" lon="6.687964495">
      <ele>849.4</ele>
    </trkpt>
    <trkpt lat="46.567727416" lon="6.687962504">
      <ele>849.4</ele>
    </trkpt>
    <trkpt lat="46.567730620" lon="6.687960523">
      <ele>849.4</ele>
    </trkpt>
    <trkpt lat="46.567733828" lon="6.687958558">
      <ele>849.3</ele>
    </trkpt>
    <trkpt lat="46.567737055" lon="6.687956618">
      <ele>849.3</ele>
    </trkpt>
    <trkpt lat="46.567740303" lon="6.687954708">
      <ele>849.3</ele>
    </trkpt>
    <trkpt lat="46.567743576" lon="6.687952840">
      <ele>849.3</ele>
    </trkpt>
    <trkpt lat="46.567746867" lon="6.687951028">
      <ele>849.2</ele>
    </trkpt>
    <trkpt lat="46.567750161" lon="6.687949285">
      <ele>849.2</ele>
    </trkpt>
    <trkpt lat="46.567753451" lon="6.687947623">
      <ele>849.2</ele>
    </trkpt>
    <trkpt lat="46.567756728" lon="6.687946058">
      <ele>849.2</ele>
    </trkpt>
    <trkpt lat="46.567759991" lon="6.687944600">
      <ele>849.2</ele>
    </trkpt>
    <trkpt lat="46.567763247" lon="6.687943252">
      <ele>849.1</ele>
    </trkpt>
    <trkpt lat="46.567766508" lon="6.687942014">
      <ele>849.1</ele>
    </trkpt>
    <trkpt lat="46.567769783" lon="6.687940883">
      <ele>849.1</ele>
    </trkpt>
    <trkpt lat="46.567773085" lon="6.687939855">
      <ele>849.1</ele>
    </trkpt>
    <trkpt lat="46.567776421" lon="6.687938922">
      <ele>849.1</ele>
    </trkpt>
    <trkpt lat="46.567779792" lon="6.687938075">
      <ele>849.0</ele>
    </trkpt>
    <trkpt lat="46.567783195" lon="6.687937308">
      <ele>849.0</ele>
    </trkpt>
    <trkpt lat="46.567786624" lon="6.687936613">
      <ele>849.0</ele>
    </trkpt>
    <trkpt lat="46.567790069" lon="6.687935986">
      <ele>849.0</ele>
    </trkpt>
    <trkpt lat="46.567793530" lon="6.687935421">
      <ele>849.0</ele>
    </trkpt>
    <trkpt lat="46.567797002" lon="6.687934917">
      <ele>849.0</ele>
    </trkpt>
    <trkpt lat="46.567800488" lon="6.687934470">
      <ele>849.0</ele>
    </trkpt>
    <trkpt lat="46.567803991" lon="6.687934078">
      <ele>849.0</ele>
    </trkpt>
    <trkpt lat="46.567807511" lon="6.687933737">
      <ele>849.0</ele>
    </trkpt>
    <trkpt lat="46.567811052" lon="6.687933442">
      <ele>849.0</ele>
    </trkpt>
    <trkpt lat="46.567814612" lon="6.687933183">
      <ele>849.0</ele>
    </trkpt>
    <trkpt lat="46.567818186" lon="6.687932954">
      <ele>849.1</ele>
    </trkpt>
    <trkpt lat="46.567821766" lon="6.687932747">
      <ele>849.1</ele>
    </trkpt>
    <trkpt lat="46.567825349" lon="6.687932556">
      <ele>849.1</ele>
    </trkpt>
    <trkpt lat="46.567828928" lon="6.687932377">
      <ele>849.1</ele>
    </trkpt>
    <trkpt lat="46.567832499" lon="6.687932212">
      <ele>849.1</ele>
    </trkpt>
    <trkpt lat="46.567836060" lon="6.687932061">
      <ele>849.2</ele>
    </trkpt>
    <trkpt lat="46.567839614" lon="6.687931927">
      <ele>849.2</ele>
    </trkpt>
    <trkpt lat="46.567843160" lon="6.687931813">
      <ele>849.2</ele>
    </trkpt>
    <trkpt lat="46.567846702" lon="6.687931717">
      <ele>849.2</ele>
    </trkpt>
    <trkpt lat="46.567850239" lon="6.687931641">
      <ele>849.2</ele>
    </trkpt>
    <trkpt lat="46.567853775" lon="6.687931580">
      <ele>849.3</ele>
    </trkpt>
    <trkpt lat="46.567857311" lon="6.687931531">
      <ele>849.3</ele>
    </trkpt>
    <trkpt lat="46.567860843" lon="6.687931493">
      <ele>849.3</ele>
    </trkpt>
    <trkpt lat="46.567864375" lon="6.687931464">
      <ele>849.3</ele>
    </trkpt>
    <trkpt lat="46.567867910" lon="6.687931451">
      <ele>849.3</ele>
    </trkpt>
    <trkpt lat="46.567871449" lon="6.687931456">
      <ele>849.3</ele>
    </trkpt>
    <trkpt lat="46.567874991" lon="6.687931487">
      <ele>849.3</ele>
    </trkpt>
    <trkpt lat="46.567878544" lon="6.687931553">
      <ele>849.4</ele>
    </trkpt>
    <trkpt lat="46.567882107" lon="6.687931667">
      <ele>849.4</ele>
    </trkpt>
    <trkpt lat="46.567885682" lon="6.687931843">
      <ele>849.3</ele>
    </trkpt>
    <trkpt lat="46.567889270" lon="6.687932088">
      <ele>849.3</ele>
    </trkpt>
    <trkpt lat="46.567892875" lon="6.687932410">
      <ele>849.3</ele>
    </trkpt>
    <trkpt lat="46.567896490" lon="6.687932807">
      <ele>849.2</ele>
    </trkpt>
    <trkpt lat="46.567900111" lon="6.687933257">
      <ele>849.1</ele>
    </trkpt>
    <trkpt lat="46.567903732" lon="6.687933726">
      <ele>849.0</ele>
    </trkpt>
    <trkpt lat="46.567907343" lon="6.687934164">
      <ele>848.8</ele>
    </trkpt>
    <trkpt lat="46.567910935" lon="6.687934506">
      <ele>848.7</ele>
    </trkpt>
    <trkpt lat="46.567914500" lon="6.687934689">
      <ele>848.7</ele>
    </trkpt>
    <trkpt lat="46.567918042" lon="6.687934647">
      <ele>848.6</ele>
    </trkpt>
    <trkpt lat="46.567921565" lon="6.687934345">
      <ele>848.6</ele>
    </trkpt>
    <trkpt lat="46.567925081" lon="6.687933765">
      <ele>848.7</ele>
    </trkpt>
    <trkpt lat="46.567928602" lon="6.687932908">
      <ele>848.8</ele>
    </trkpt>
    <trkpt lat="46.567932139" lon="6.687931795">
      <ele>848.9</ele>
    </trkpt>
    <trkpt lat="46.567935698" lon="6.687930462">
      <ele>849.1</ele>
    </trkpt>
    <trkpt lat="46.567939276" lon="6.687928956">
      <ele>849.1</ele>
    </trkpt>
    <trkpt lat="46.567942859" lon="6.687927316">
      <ele>849.2</ele>
    </trkpt>
    <trkpt lat="46.567946434" lon="6.687925572">
      <ele>849.1</ele>
    </trkpt>
    <trkpt lat="46.567949991" lon="6.687923775">
      <ele>849.0</ele>
    </trkpt>
    <trkpt lat="46.567953519" lon="6.687921972">
      <ele>848.9</ele>
    </trkpt>
    <trkpt lat="46.567957020" lon="6.687920212">
      <ele>848.6</ele>
    </trkpt>
    <trkpt lat="46.567960498" lon="6.687918548">
      <ele>848.4</ele>
    </trkpt>
    <trkpt lat="46.567963964" lon="6.687917017">
      <ele>848.2</ele>
    </trkpt>
    <trkpt lat="46.567967421" lon="6.687915637">
      <ele>847.9</ele>
    </trkpt>
    <trkpt lat="46.567970877" lon="6.687914388">
      <ele>847.7</ele>
    </trkpt>
    <trkpt lat="46.567974328" lon="6.687913226">
      <ele>847.6</ele>
    </trkpt>
    <trkpt lat="46.567977768" lon="6.687912086">
      <ele>847.5</ele>
    </trkpt>
    <trkpt lat="46.567981190" lon="6.687910889">
      <ele>847.4</ele>
    </trkpt>
    <trkpt lat="46.567984592" lon="6.687909577">
      <ele>847.4</ele>
    </trkpt>
    <trkpt lat="46.567987969" lon="6.687908117">
      <ele>847.4</ele>
    </trkpt>
    <trkpt lat="46.567991323" lon="6.687906505">
      <ele>847.4</ele>
    </trkpt>
    <trkpt lat="46.567994660" lon="6.687904770">
      <ele>847.4</ele>
    </trkpt>
    <trkpt lat="46.567997987" lon="6.687902955">
      <ele>847.4</ele>
    </trkpt>
    <trkpt lat="46.568001308" lon="6.687901107">
      <ele>847.5</ele>
    </trkpt>
    <trkpt lat="46.568004632" lon="6.687899270">
      <ele>847.5</ele>
    </trkpt>
    <trkpt lat="46.568007963" lon="6.687897458">
      <ele>847.5</ele>
    </trkpt>
    <trkpt lat="46.568011305" lon="6.687895678">
      <ele>847.5</ele>
    </trkpt>
    <trkpt lat="46.568014656" lon="6.687893925">
      <ele>847.5</ele>
    </trkpt>
    <trkpt lat="46.568018018" lon="6.687892184">
      <ele>847.5</ele>
    </trkpt>
    <trkpt lat="46.568021382" lon="6.687890436">
      <ele>847.5</ele>
    </trkpt>
    <trkpt lat="46.568024741" lon="6.687888662">
      <ele>847.5</ele>
    </trkpt>
    <trkpt lat="46.568028091" lon="6.687886861">
      <ele>847.5</ele>
    </trkpt>
    <trkpt lat="46.568031426" lon="6.687885049">
      <ele>847.5</ele>
    </trkpt>
    <trkpt lat="46.568034742" lon="6.687883229">
      <ele>847.5</ele>
    </trkpt>
    <trkpt lat="46.568038041" lon="6.687881433">
      <ele>847.5</ele>
    </trkpt>
    <trkpt lat="46.568041330" lon="6.687879698">
      <ele>847.5</ele>
    </trkpt>
    <trkpt lat="46.568044616" lon="6.687878083">
      <ele>847.5</ele>
    </trkpt>
    <trkpt lat="46.568047907" lon="6.687876646">
      <ele>847.5</ele>
    </trkpt>
    <trkpt lat="46.568051210" lon="6.687875439">
      <ele>847.6</ele>
    </trkpt>
    <trkpt lat="46.568054525" lon="6.687874500">
      <ele>847.7</ele>
    </trkpt>
    <trkpt lat="46.568057861" lon="6.687873840">
      <ele>847.8</ele>
    </trkpt>
    <trkpt lat="46.568061217" lon="6.687873439">
      <ele>847.9</ele>
    </trkpt>
    <trkpt lat="46.568064595" lon="6.687873246">
      <ele>848.0</ele>
    </trkpt>
    <trkpt lat="46.568068001" lon="6.687873193">
      <ele>848.1</ele>
    </trkpt>
    <trkpt lat="46.568071437" lon="6.687873204">
      <ele>848.2</ele>
    </trkpt>
    <trkpt lat="46.568074908" lon="6.687873215">
      <ele>848.2</ele>
    </trkpt>
    <trkpt lat="46.568078414" lon="6.687873187">
      <ele>848.2</ele>
    </trkpt>
    <trkpt lat="46.568081953" lon="6.687873116">
      <ele>848.1</ele>
    </trkpt>
    <trkpt lat="46.568085517" lon="6.687873028">
      <ele>848.0</ele>
    </trkpt>
    <trkpt lat="46.568089095" lon="6.687872969">
      <ele>847.9</ele>
    </trkpt>
    <trkpt lat="46.568092676" lon="6.687872991">
      <ele>847.7</ele>
    </trkpt>
    <trkpt lat="46.568096250" lon="6.687873134">
      <ele>847.6</ele>
    </trkpt>
    <trkpt lat="46.568099806" lon="6.687873425">
      <ele>847.5</ele>
    </trkpt>
    <trkpt lat="46.568103341" lon="6.687873881">
      <ele>847.4</ele>
    </trkpt>
    <trkpt lat="46.568106854" lon="6.687874490">
      <ele>847.3</ele>
    </trkpt>
    <trkpt lat="46.568110349" lon="6.687875236">
      <ele>847.2</ele>
    </trkpt>
    <trkpt lat="46.568113827" lon="6.687876108">
      <ele>847.1</ele>
    </trkpt>
    <trkpt lat="46.568117292" lon="6.687877101">
      <ele>847.1</ele>
    </trkpt>
    <trkpt lat="46.568120745" lon="6.687878232">
      <ele>847.0</ele>
    </trkpt>
    <trkpt lat="46.568124185" lon="6.687879514">
      <ele>847.0</ele>
    </trkpt>
    <trkpt lat="46.568127601" lon="6.687880974">
      <ele>847.0</ele>
    </trkpt>
    <trkpt lat="46.568130990" lon="6.687882616">
      <ele>846.9</ele>
    </trkpt>
    <trkpt lat="46.568134346" lon="6.687884421">
      <ele>846.9</ele>
    </trkpt>
    <trkpt lat="46.568137671" lon="6.687886344">
      <ele>846.9</ele>
    </trkpt>
    <trkpt lat="46.568140974" lon="6.687888299">
      <ele>846.8</ele>
    </trkpt>
    <trkpt lat="46.568144273" lon="6.687890180">
      <ele>846.8</ele>
    </trkpt>
    <trkpt lat="46.568147592" lon="6.687891879">
      <ele>846.8</ele>
    </trkpt>
    <trkpt lat="46.568150957" lon="6.687893304">
      <ele>846.8</ele>
    </trkpt>
    <trkpt lat="46.568154390" lon="6.687894403">
      <ele>846.8</ele>
    </trkpt>
    <trkpt lat="46.568157904" lon="6.687895176">
      <ele>846.8</ele>
    </trkpt>
    <trkpt lat="46.568161497" lon="6.687895671">
      <ele>846.8</ele>
    </trkpt>
    <trkpt lat="46.568165155" lon="6.687895974">
      <ele>846.9</ele>
    </trkpt>
    <trkpt lat="46.568168854" lon="6.687896202">
      <ele>846.9</ele>
    </trkpt>
    <trkpt lat="46.568172565" lon="6.687896454">
      <ele>846.9</ele>
    </trkpt>
    <trkpt lat="46.568176260" lon="6.687896818">
      <ele>846.9</ele>
    </trkpt>
    <trkpt lat="46.568179922" lon="6.687897358">
      <ele>846.9</ele>
    </trkpt>
    <trkpt lat="46.568183540" lon="6.687898123">
      <ele>847.0</ele>
    </trkpt>
    <trkpt lat="46.568187112" lon="6.687899135">
      <ele>847.0</ele>
    </trkpt>
    <trkpt lat="46.568190640" lon="6.687900401">
      <ele>847.0</ele>
    </trkpt>
    <trkpt lat="46.568194135" lon="6.687901929">
      <ele>847.1</ele>
    </trkpt>
    <trkpt lat="46.568197601" lon="6.687903697">
      <ele>847.2</ele>
    </trkpt>
    <trkpt lat="46.568201046" lon="6.687905660">
      <ele>847.3</ele>
    </trkpt>
    <trkpt lat="46.568204474" lon="6.687907751">
      <ele>847.5</ele>
    </trkpt>
    <trkpt lat="46.568207889" lon="6.687909882">
      <ele>847.7</ele>
    </trkpt>
    <trkpt lat="46.568211300" lon="6.687911959">
      <ele>848.0</ele>
    </trkpt>
    <trkpt lat="46.568214712" lon="6.687913881">
      <ele>848.2</ele>
    </trkpt>
    <trkpt lat="46.568218131" lon="6.687915578">
      <ele>848.5</ele>
    </trkpt>
    <trkpt lat="46.568221567" lon="6.687917008">
      <ele>848.7</ele>
    </trkpt>
    <trkpt lat="46.568225021" lon="6.687918171">
      <ele>848.9</ele>
    </trkpt>
    <trkpt lat="46.568228497" lon="6.687919091">
      <ele>849.1</ele>
    </trkpt>
    <trkpt lat="46.568231996" lon="6.687919803">
      <ele>849.2</ele>
    </trkpt>
    <trkpt lat="46.568235518" lon="6.687920341">
      <ele>849.3</ele>
    </trkpt>
    <trkpt lat="46.568239063" lon="6.687920725">
      <ele>849.3</ele>
    </trkpt>
    <trkpt lat="46.568242630" lon="6.687920959">
      <ele>849.2</ele>
    </trkpt>
    <trkpt lat="46.568246217" lon="6.687921032">
      <ele>849.0</ele>
    </trkpt>
    <trkpt lat="46.568249826" lon="6.687920931">
      <ele>848.8</ele>
    </trkpt>
    <trkpt lat="46.568253450" lon="6.687920645">
      <ele>848.5</ele>
    </trkpt>
    <trkpt lat="46.568257087" lon="6.687920173">
      <ele>848.1</ele>
    </trkpt>
    <trkpt lat="46.568260731" lon="6.687919553">
      <ele>847.7</ele>
    </trkpt>
    <trkpt lat="46.568264375" lon="6.687918821">
      <ele>847.3</ele>
    </trkpt>
    <trkpt lat="46.568268008" lon="6.687918027">
      <ele>846.9</ele>
    </trkpt>
    <trkpt lat="46.568271626" lon="6.687917213">
      <ele>846.5</ele>
    </trkpt>
    <trkpt lat="46.568275227" lon="6.687916413">
      <ele>846.2</ele>
    </trkpt>
    <trkpt lat="46.568278809" lon="6.687915651">
      <ele>846.0</ele>
    </trkpt>
    <trkpt lat="46.568282372" lon="6.687914928">
      <ele>845.8</ele>
    </trkpt>
    <trkpt lat="46.568285924" lon="6.687914234">
      <ele>845.6</ele>
    </trkpt>
    <trkpt lat="46.568289469" lon="6.687913560">
      <ele>845.5</ele>
    </trkpt>
    <trkpt lat="46.568293018" lon="6.687912900">
      <ele>845.5</ele>
    </trkpt>
    <trkpt lat="46.568296575" lon="6.687912262">
      <ele>845.5</ele>
    </trkpt>
    <trkpt lat="46.568300149" lon="6.687911660">
      <ele>845.6</ele>
    </trkpt>
    <trkpt lat="46.568303744" lon="6.687911111">
      <ele>845.7</ele>
    </trkpt>
    <trkpt lat="46.568307356" lon="6.687910631">
      <ele>845.8</ele>
    </trkpt>
    <trkpt lat="46.568310979" lon="6.687910224">
      <ele>846.1</ele>
    </trkpt>
    <trkpt lat="46.568314605" lon="6.687909869">
      <ele>846.4</ele>
    </trkpt>
    <trkpt lat="46.568318218" lon="6.687909529">
      <ele>846.7</ele>
    </trkpt>
    <trkpt lat="46.568321805" lon="6.687909156">
      <ele>847.0</ele>
    </trkpt>
    <trkpt lat="46.568325358" lon="6.687908697">
      <ele>847.4</ele>
    </trkpt>
    <trkpt lat="46.568328868" lon="6.687908106">
      <ele>847.7</ele>
    </trkpt>
    <trkpt lat="46.568332339" lon="6.687907355">
      <ele>848.0</ele>
    </trkpt>
    <trkpt lat="46.568335776" lon="6.687906433">
      <ele>848.2</ele>
    </trkpt>
    <trkpt lat="46.568339187" lon="6.687905348">
      <ele>848.4</ele>
    </trkpt>
    <trkpt lat="46.568342581" lon="6.687904118">
      <ele>848.6</ele>
    </trkpt>
    <trkpt lat="46.568345964" lon="6.687902767">
      <ele>848.7</ele>
    </trkpt>
    <trkpt lat="46.568349337" lon="6.687901318">
      <ele>848.8</ele>
    </trkpt>
    <trkpt lat="46.568352697" lon="6.687899788">
      <ele>848.9</ele>
    </trkpt>
    <trkpt lat="46.568356043" lon="6.687898185">
      <ele>849.0</ele>
    </trkpt>
    <trkpt lat="46.568359374" lon="6.687896517">
      <ele>849.0</ele>
    </trkpt>
    <trkpt lat="46.568362693" lon="6.687894784">
      <ele>849.0</ele>
    </trkpt>
    <trkpt lat="46.568366004" lon="6.687892987">
      <ele>849.0</ele>
    </trkpt>
    <trkpt lat="46.568369312" lon="6.687891139">
      <ele>848.9</ele>
    </trkpt>
    <trkpt lat="46.568372624" lon="6.687889250">
      <ele>848.9</ele>
    </trkpt>
    <trkpt lat="46.568375946" lon="6.687887329">
      <ele>848.8</ele>
    </trkpt>
    <trkpt lat="46.568379277" lon="6.687885391">
      <ele>848.8</ele>
    </trkpt>
    <trkpt lat="46.568382620" lon="6.687883450">
      <ele>848.7</ele>
    </trkpt>
    <trkpt lat="46.568385972" lon="6.687881519">
      <ele>848.7</ele>
    </trkpt>
    <trkpt lat="46.568389333" lon="6.687879611">
      <ele>848.7</ele>
    </trkpt>
    <trkpt lat="46.568392703" lon="6.687877728">
      <ele>848.6</ele>
    </trkpt>
    <trkpt lat="46.568396079" lon="6.687875874">
      <ele>848.6</ele>
    </trkpt>
    <trkpt lat="46.568399459" lon="6.687874044">
      <ele>848.6</ele>
    </trkpt>
    <trkpt lat="46.568402843" lon="6.687872235">
      <ele>848.5</ele>
    </trkpt>
    <trkpt lat="46.568406228" lon="6.687870438">
      <ele>848.5</ele>
    </trkpt>
    <trkpt lat="46.568409609" lon="6.687868648">
      <ele>848.5</ele>
    </trkpt>
    <trkpt lat="46.568412982" lon="6.687866857">
      <ele>848.5</ele>
    </trkpt>
    <trkpt lat="46.568416348" lon="6.687865060">
      <ele>848.4</ele>
    </trkpt>
    <trkpt lat="46.568419704" lon="6.687863254">
      <ele>848.4</ele>
    </trkpt>
    <trkpt lat="46.568423054" lon="6.687861435">
      <ele>848.3</ele>
    </trkpt>
    <trkpt lat="46.568426398" lon="6.687859606">
      <ele>848.3</ele>
    </trkpt>
    <trkpt lat="46.568429740" lon="6.687857765">
      <ele>848.2</ele>
    </trkpt>
    <trkpt lat="46.568433086" lon="6.687855909">
      <ele>848.2</ele>
    </trkpt>
    <trkpt lat="46.568436440" lon="6.687854037">
      <ele>848.2</ele>
    </trkpt>
    <trkpt lat="46.568439801" lon="6.687852147">
      <ele>848.2</ele>
    </trkpt>
    <trkpt lat="46.568443169" lon="6.687850236">
      <ele>848.2</ele>
    </trkpt>
    <trkpt lat="46.568446541" lon="6.687848302">
      <ele>848.2</ele>
    </trkpt>
    <trkpt lat="46.568449908" lon="6.687846346">
      <ele>848.2</ele>
    </trkpt>
    <trkpt lat="46.568453265" lon="6.687844370">
      <ele>848.2</ele>
    </trkpt>
    <trkpt lat="46.568456606" lon="6.687842380">
      <ele>848.2</ele>
    </trkpt>
    <trkpt lat="46.568459929" lon="6.687840381">
      <ele>848.2</ele>
    </trkpt>
    <trkpt lat="46.568463234" lon="6.687838377">
      <ele>848.3</ele>
    </trkpt>
    <trkpt lat="46.568466525" lon="6.687836375">
      <ele>848.3</ele>
    </trkpt>
    <trkpt lat="46.568469812" lon="6.687834378">
      <ele>848.3</ele>
    </trkpt>
    <trkpt lat="46.568473101" lon="6.687832387">
      <ele>848.3</ele>
    </trkpt>
    <trkpt lat="46.568476395" lon="6.687830406">
      <ele>848.3</ele>
    </trkpt>
    <trkpt lat="46.568479699" lon="6.687828440">
      <ele>848.3</ele>
    </trkpt>
    <trkpt lat="46.568483011" lon="6.687826494">
      <ele>848.2</ele>
    </trkpt>
    <trkpt lat="46.568486333" lon="6.687824578">
      <ele>848.2</ele>
    </trkpt>
    <trkpt lat="46.568489666" lon="6.687822697">
      <ele>848.2</ele>
    </trkpt>
    <trkpt lat="46.568493015" lon="6.687820855">
      <ele>848.1</ele>
    </trkpt>
    <trkpt lat="46.568496384" lon="6.687819053">
      <ele>848.1</ele>
    </trkpt>
    <trkpt lat="46.568499772" lon="6.687817282">
      <ele>848.0</ele>
    </trkpt>
    <trkpt lat="46.568503181" lon="6.687815526">
      <ele>847.9</ele>
    </trkpt>
    <trkpt lat="46.568506606" lon="6.687813759">
      <ele>847.8</ele>
    </trkpt>
    <trkpt lat="46.568510035" lon="6.687811956">
      <ele>847.7</ele>
    </trkpt>
    <trkpt lat="46.568513455" lon="6.687810087">
      <ele>847.6</ele>
    </trkpt>
    <trkpt lat="46.568516848" lon="6.687808132">
      <ele>847.5</ele>
    </trkpt>
    <trkpt lat="46.568520199" lon="6.687806078">
      <ele>847.5</ele>
    </trkpt>
    <trkpt lat="46.568523498" lon="6.687803924">
      <ele>847.4</ele>
    </trkpt>
    <trkpt lat="46.568526733" lon="6.687801682">
      <ele>847.4</ele>
    </trkpt>
    <trkpt lat="46.568529900" lon="6.687799374">
      <ele>847.4</ele>
    </trkpt>
    <trkpt lat="46.568532992" lon="6.687797030">
      <ele>847.4</ele>
    </trkpt>
    <trkpt lat="46.568536001" lon="6.687794686">
      <ele>847.4</ele>
    </trkpt>
    <trkpt lat="46.568538911" lon="6.687792381">
      <ele>847.4</ele>
    </trkpt>
    <trkpt lat="46.568541713" lon="6.687790148">
      <ele>847.4</ele>
    </trkpt>
    <trkpt lat="46.568544397" lon="6.687788012">
      <ele>847.5</ele>
    </trkpt>
    <trkpt lat="46.568546957" lon="6.687785986">
      <ele>847.5</ele>
    </trkpt>
    <trkpt lat="46.568549404" lon="6.687784067">
      <ele>847.6</ele>
    </trkpt>
    <trkpt lat="46.568551762" lon="6.687782237">
      <ele>847.6</ele>
    </trkpt>
    <trkpt lat="46.568554070" lon="6.687780465">
      <ele>847.7</ele>
    </trkpt>
    <trkpt lat="46.568556377" lon="6.687778706">
      <ele>847.8</ele>
    </trkpt>
    <trkpt lat="46.568558733" lon="6.687776916">
      <ele>847.9</ele>
    </trkpt>
    <trkpt lat="46.568561183" lon="6.687775050">
      <ele>848.0</ele>
    </trkpt>
    <trkpt lat="46.568563758" lon="6.687773077">
      <ele>848.1</ele>
    </trkpt>
    <trkpt lat="46.568566470" lon="6.687770977">
      <ele>848.1</ele>
    </trkpt>
    <trkpt lat="46.568569309" lon="6.687768746">
      <ele>848.2</ele>
    </trkpt>
    <trkpt lat="46.568572256" lon="6.687766390">
      <ele>848.3</ele>
    </trkpt>
    <trkpt lat="46.568575279" lon="6.687763923">
      <ele>848.3</ele>
    </trkpt>
    <trkpt lat="46.568578343" lon="6.687761368">
      <ele>848.4</ele>
    </trkpt>
    <trkpt lat="46.568581417" lon="6.687758747">
      <ele>848.4</ele>
    </trkpt>
    <trkpt lat="46.568584478" lon="6.687756084">
      <ele>848.5</ele>
    </trkpt>
    <trkpt lat="46.568587515" lon="6.687753401">
      <ele>848.5</ele>
    </trkpt>
    <trkpt lat="46.568590522" lon="6.687750720">
      <ele>848.5</ele>
    </trkpt>
    <trkpt lat="46.568593506" lon="6.687748058">
      <ele>848.6</ele>
    </trkpt>
    <trkpt lat="46.568596477" lon="6.687745429">
      <ele>848.6</ele>
    </trkpt>
    <trkpt lat="46.568599448" lon="6.687742841">
      <ele>848.6</ele>
    </trkpt>
    <trkpt lat="46.568602433" lon="6.687740295">
      <ele>848.7</ele>
    </trkpt>
    <trkpt lat="46.568605445" lon="6.687737784">
      <ele>848.7</ele>
    </trkpt>
    <trkpt lat="46.568608490" lon="6.687735298">
      <ele>848.7</ele>
    </trkpt>
    <trkpt lat="46.568611565" lon="6.687732823">
      <ele>848.7</ele>
    </trkpt>
    <trkpt lat="46.568614669" lon="6.687730347">
      <ele>848.7</ele>
    </trkpt>
    <trkpt lat="46.568617795" lon="6.687727858">
      <ele>848.7</ele>
    </trkpt>
    <trkpt lat="46.568620935" lon="6.687725347">
      <ele>848.7</ele>
    </trkpt>
    <trkpt lat="46.568624081" lon="6.687722808">
      <ele>848.7</ele>
    </trkpt>
    <trkpt lat="46.568627228" lon="6.687720243">
      <ele>848.8</ele>
    </trkpt>
    <trkpt lat="46.568630372" lon="6.687717655">
      <ele>848.8</ele>
    </trkpt>
    <trkpt lat="46.568633510" lon="6.687715051">
      <ele>848.8</ele>
    </trkpt>
    <trkpt lat="46.568636643" lon="6.687712437">
      <ele>848.8</ele>
    </trkpt>
    <trkpt lat="46.568639770" lon="6.687709825">
      <ele>848.8</ele>
    </trkpt>
    <trkpt lat="46.568642894" lon="6.687707224">
      <ele>848.8</ele>
    </trkpt>
    <trkpt lat="46.568646015" lon="6.687704645">
      <ele>848.9</ele>
    </trkpt>
    <trkpt lat="46.568649136" lon="6.687702095">
      <ele>848.9</ele>
    </trkpt>
    <trkpt lat="46.568652262" lon="6.687699580">
      <ele>848.9</ele>
    </trkpt>
    <trkpt lat="46.568655395" lon="6.687697100">
      <ele>848.9</ele>
    </trkpt>
    <trkpt lat="46.568658538" lon="6.687694655">
      <ele>848.9</ele>
    </trkpt>
    <trkpt lat="46.568661689" lon="6.687692241">
      <ele>848.9</ele>
    </trkpt>
    <trkpt lat="46.568664845" lon="6.687689854">
      <ele>848.9</ele>
    </trkpt>
    <trkpt lat="46.568668003" lon="6.687687488">
      <ele>849.0</ele>
    </trkpt>
    <trkpt lat="46.568671159" lon="6.687685138">
      <ele>849.0</ele>
    </trkpt>
    <trkpt lat="46.568674310" lon="6.687682802">
      <ele>849.0</ele>
    </trkpt>
    <trkpt lat="46.568677452" lon="6.687680478">
      <ele>849.0</ele>
    </trkpt>
    <trkpt lat="46.568680587" lon="6.687678165">
      <ele>849.0</ele>
    </trkpt>
    <trkpt lat="46.568683716" lon="6.687675864">
      <ele>849.0</ele>
    </trkpt>
    <trkpt lat="46.568686845" lon="6.687673578">
      <ele>849.0</ele>
    </trkpt>
    <trkpt lat="46.568689976" lon="6.687671309">
      <ele>849.0</ele>
    </trkpt>
    <trkpt lat="46.568693114" lon="6.687669061">
      <ele>849.0</ele>
    </trkpt>
    <trkpt lat="46.568696262" lon="6.687666837">
      <ele>849.0</ele>
    </trkpt>
    <trkpt lat="46.568699421" lon="6.687664638">
      <ele>849.0</ele>
    </trkpt>
    <trkpt lat="46.568702596" lon="6.687662462">
      <ele>849.0</ele>
    </trkpt>
    <trkpt lat="46.568705786" lon="6.687660307">
      <ele>849.0</ele>
    </trkpt>
    <trkpt lat="46.568708991" lon="6.687658171">
      <ele>849.0</ele>
    </trkpt>
    <trkpt lat="46.568712208" lon="6.687656054">
      <ele>849.0</ele>
    </trkpt>
    <trkpt lat="46.568715434" lon="6.687653956">
      <ele>849.0</ele>
    </trkpt>
    <trkpt lat="46.568718668" lon="6.687651882">
      <ele>849.0</ele>
    </trkpt>
    <trkpt lat="46.568721906" lon="6.687649839">
      <ele>849.0</ele>
    </trkpt>
    <trkpt lat="46.568725150" lon="6.687647834">
      <ele>849.0</ele>
    </trkpt>
    <trkpt lat="46.568728397" lon="6.687645876">
      <ele>849.0</ele>
    </trkpt>
    <trkpt lat="46.568731652" lon="6.687643973">
      <ele>849.0</ele>
    </trkpt>
    <trkpt lat="46.568734918" lon="6.687642129">
      <ele>848.9</ele>
    </trkpt>
    <trkpt lat="46.568738198" lon="6.687640345">
      <ele>848.9</ele>
    </trkpt>
    <trkpt lat="46.568741495" lon="6.687638623">
      <ele>848.9</ele>
    </trkpt>
    <trkpt lat="46.568744806" lon="6.687636962">
      <ele>848.9</ele>
    </trkpt>
    <trkpt lat="46.568748129" lon="6.687635365">
      <ele>848.9</ele>
    </trkpt>
    <trkpt lat="46.568751456" lon="6.687633833">
      <ele>848.9</ele>
    </trkpt>
    <trkpt lat="46.568754784" lon="6.687632371">
      <ele>848.9</ele>
    </trkpt>
    <trkpt lat="46.568758105" lon="6.687630988">
      <ele>848.9</ele>
    </trkpt>
    <trkpt lat="46.568761417" lon="6.687629691">
      <ele>848.9</ele>
    </trkpt>
    <trkpt lat="46.568764725" lon="6.687628488">
      <ele>848.8</ele>
    </trkpt>
    <trkpt lat="46.568768035" lon="6.687627383">
      <ele>848.8</ele>
    </trkpt>
    <trkpt lat="46.568771355" lon="6.687626379">
      <ele>848.8</ele>
    </trkpt>
    <trkpt lat="46.568774696" lon="6.687625475">
      <ele>848.8</ele>
    </trkpt>
    <trkpt lat="46.568778071" lon="6.687624666">
      <ele>848.8</ele>
    </trkpt>
    <trkpt lat="46.568781484" lon="6.687623945">
      <ele>848.7</ele>
    </trkpt>
    <trkpt lat="46.568784940" lon="6.687623308">
      <ele>848.7</ele>
    </trkpt>
    <trkpt lat="46.568788435" lon="6.687622748">
      <ele>848.7</ele>
    </trkpt>
    <trkpt lat="46.568791966" lon="6.687622261">
      <ele>848.6</ele>
    </trkpt>
    <trkpt lat="46.568795526" lon="6.687621844">
      <ele>848.6</ele>
    </trkpt>
    <trkpt lat="46.568799110" lon="6.687621496">
      <ele>848.6</ele>
    </trkpt>
    <trkpt lat="46.568802706" lon="6.687621218">
      <ele>848.5</ele>
    </trkpt>
    <trkpt lat="46.568806309" lon="6.687621008">
      <ele>848.5</ele>
    </trkpt>
    <trkpt lat="46.568809903" lon="6.687620867">
      <ele>848.4</ele>
    </trkpt>
    <trkpt lat="46.568813482" lon="6.687620792">
      <ele>848.4</ele>
    </trkpt>
    <trkpt lat="46.568817030" lon="6.687620781">
      <ele>848.4</ele>
    </trkpt>
    <trkpt lat="46.568820538" lon="6.687620829">
      <ele>848.3</ele>
    </trkpt>
    <trkpt lat="46.568824003" lon="6.687620929">
      <ele>848.3</ele>
    </trkpt>
    <trkpt lat="46.568827429" lon="6.687621072">
      <ele>848.3</ele>
    </trkpt>
    <trkpt lat="46.568830825" lon="6.687621246">
      <ele>848.2</ele>
    </trkpt>
    <trkpt lat="46.568834208" lon="6.687621436">
      <ele>848.2</ele>
    </trkpt>
    <trkpt lat="46.568837594" lon="6.687621628">
      <ele>848.2</ele>
    </trkpt>
    <trkpt lat="46.568841000" lon="6.687621807">
      <ele>848.2</ele>
    </trkpt>
    <trkpt lat="46.568844437" lon="6.687621959">
      <ele>848.2</ele>
    </trkpt>
    <trkpt lat="46.568847910" lon="6.687622076">
      <ele>848.2</ele>
    </trkpt>
    <trkpt lat="46.568851417" lon="6.687622154">
      <ele>848.3</ele>
    </trkpt>
    <trkpt lat="46.568854958" lon="6.687622193">
      <ele>848.3</ele>
    </trkpt>
    <trkpt lat="46.568858526" lon="6.687622196">
      <ele>848.3</ele>
    </trkpt>
    <trkpt lat="46.568862120" lon="6.687622168">
      <ele>848.2</ele>
    </trkpt>
    <trkpt lat="46.568865734" lon="6.687622116">
      <ele>848.2</ele>
    </trkpt>
    <trkpt lat="46.568869369" lon="6.687622042">
      <ele>848.2</ele>
    </trkpt>
    <trkpt lat="46.568873021" lon="6.687621948">
      <ele>848.2</ele>
    </trkpt>
    <trkpt lat="46.568876689" lon="6.687621832">
      <ele>848.1</ele>
    </trkpt>
    <trkpt lat="46.568880368" lon="6.687621687">
      <ele>848.1</ele>
    </trkpt>
    <trkpt lat="46.568884053" lon="6.687621500">
      <ele>848.1</ele>
    </trkpt>
    <trkpt lat="46.568887740" lon="6.687621257">
      <ele>848.0</ele>
    </trkpt>
    <trkpt lat="46.568891428" lon="6.687620942">
      <ele>848.0</ele>
    </trkpt>
    <trkpt lat="46.568895111" lon="6.687620539">
      <ele>848.0</ele>
    </trkpt>
    <trkpt lat="46.568898786" lon="6.687620038">
      <ele>847.9</ele>
    </trkpt>
    <trkpt lat="46.568902447" lon="6.687619436">
      <ele>847.9</ele>
    </trkpt>
    <trkpt lat="46.568906088" lon="6.687618737">
      <ele>847.9</ele>
    </trkpt>
    <trkpt lat="46.568909705" lon="6.687617954">
      <ele>847.9</ele>
    </trkpt>
    <trkpt lat="46.568913289" lon="6.687617102">
      <ele>847.9</ele>
    </trkpt>
    <trkpt lat="46.568916839" lon="6.687616202">
      <ele>847.9</ele>
    </trkpt>
    <trkpt lat="46.568920357" lon="6.687615267">
      <ele>847.9</ele>
    </trkpt>
    <trkpt lat="46.568923850" lon="6.687614309">
      <ele>847.9</ele>
    </trkpt>
    <trkpt lat="46.568927328" lon="6.687613331">
      <ele>847.9</ele>
    </trkpt>
    <trkpt lat="46.568930799" lon="6.687612333">
      <ele>847.9</ele>
    </trkpt>
    <trkpt lat="46.568934277" lon="6.687611308">
      <ele>847.9</ele>
    </trkpt>
    <trkpt lat="46.568937766" lon="6.687610251">
      <ele>847.9</ele>
    </trkpt>
    <trkpt lat="46.568941269" lon="6.687609153">
      <ele>847.9</ele>
    </trkpt>
    <trkpt lat="46.568944785" lon="6.687608011">
      <ele>847.9</ele>
    </trkpt>
    <trkpt lat="46.568948310" lon="6.687606820">
      <ele>847.9</ele>
    </trkpt>
    <trkpt lat="46.568951839" lon="6.687605581">
      <ele>847.9</ele>
    </trkpt>
    <trkpt lat="46.568955365" lon="6.687604294">
      <ele>847.8</ele>
    </trkpt>
    <trkpt lat="46.568958879" lon="6.687602960">
      <ele>847.8</ele>
    </trkpt>
    <trkpt lat="46.568962379" lon="6.687601577">
      <ele>847.8</ele>
    </trkpt>
    <trkpt lat="46.568965863" lon="6.687600142">
      <ele>847.8</ele>
    </trkpt>
    <trkpt lat="46.568969329" lon="6.687598653">
      <ele>847.8</ele>
    </trkpt>
    <trkpt lat="46.568972776" lon="6.687597105">
      <ele>847.8</ele>
    </trkpt>
    <trkpt lat="46.568976207" lon="6.687595496">
      <ele>847.8</ele>
    </trkpt>
    <trkpt lat="46.568979624" lon="6.687593823">
      <ele>847.8</ele>
    </trkpt>
    <trkpt lat="46.568983028" lon="6.687592088">
      <ele>847.8</ele>
    </trkpt>
    <trkpt lat="46.568986422" lon="6.687590294">
      <ele>847.7</ele>
    </trkpt>
    <trkpt lat="46.568989805" lon="6.687588448">
      <ele>847.7</ele>
    </trkpt>
    <trkpt lat="46.568993181" lon="6.687586553">
      <ele>847.7</ele>
    </trkpt>
    <trkpt lat="46.568996547" lon="6.687584614">
      <ele>847.7</ele>
    </trkpt>
    <trkpt lat="46.568999905" lon="6.687582633">
      <ele>847.7</ele>
    </trkpt>
    <trkpt lat="46.569003253" lon="6.687580609">
      <ele>847.7</ele>
    </trkpt>
    <trkpt lat="46.569006592" lon="6.687578540">
      <ele>847.6</ele>
    </trkpt>
    <trkpt lat="46.569009919" lon="6.687576422">
      <ele>847.6</ele>
    </trkpt>
    <trkpt lat="46.569013229" lon="6.687574251">
      <ele>847.6</ele>
    </trkpt>
    <trkpt lat="46.569016518" lon="6.687572027">
      <ele>847.6</ele>
    </trkpt>
    <trkpt lat="46.569019783" lon="6.687569747">
      <ele>847.5</ele>
    </trkpt>
    <trkpt lat="46.569023020" lon="6.687567413">
      <ele>847.5</ele>
    </trkpt>
    <trkpt lat="46.569026229" lon="6.687565025">
      <ele>847.5</ele>
    </trkpt>
    <trkpt lat="46.569029410" lon="6.687562587">
      <ele>847.4</ele>
    </trkpt>
    <trkpt lat="46.569032567" lon="6.687560101">
      <ele>847.4</ele>
    </trkpt>
    <trkpt lat="46.569035704" lon="6.687557573">
      <ele>847.4</ele>
    </trkpt>
    <trkpt lat="46.569038826" lon="6.687555009">
      <ele>847.3</ele>
    </trkpt>
    <trkpt lat="46.569041938" lon="6.687552417">
      <ele>847.3</ele>
    </trkpt>
    <trkpt lat="46.569045044" lon="6.687549805">
      <ele>847.3</ele>
    </trkpt>
    <trkpt lat="46.569048146" lon="6.687547180">
      <ele>847.2</ele>
    </trkpt>
    <trkpt lat="46.569051249" lon="6.687544547">
      <ele>847.2</ele>
    </trkpt>
    <trkpt lat="46.569054355" lon="6.687541909">
      <ele>847.2</ele>
    </trkpt>
    <trkpt lat="46.569057465" lon="6.687539271">
      <ele>847.1</ele>
    </trkpt>
    <trkpt lat="46.569060578" lon="6.687536634">
      <ele>847.1</ele>
    </trkpt>
    <trkpt lat="46.569063691" lon="6.687534002">
      <ele>847.1</ele>
    </trkpt>
    <trkpt lat="46.569066801" lon="6.687531381">
      <ele>847.0</ele>
    </trkpt>
    <trkpt lat="46.569069904" lon="6.687528779">
      <ele>847.0</ele>
    </trkpt>
    <trkpt lat="46.569072997" lon="6.687526202">
      <ele>847.0</ele>
    </trkpt>
    <trkpt lat="46.569076081" lon="6.687523658">
      <ele>846.9</ele>
    </trkpt>
    <trkpt lat="46.569079158" lon="6.687521154">
      <ele>846.9</ele>
    </trkpt>
    <trkpt lat="46.569082232" lon="6.687518695">
      <ele>846.9</ele>
    </trkpt>
    <trkpt lat="46.569085309" lon="6.687516286">
      <ele>846.8</ele>
    </trkpt>
    <trkpt lat="46.569088396" lon="6.687513931">
      <ele>846.8</ele>
    </trkpt>
    <trkpt lat="46.569091497" lon="6.687511633">
      <ele>846.8</ele>
    </trkpt>
    <trkpt lat="46.569094618" lon="6.687509395">
      <ele>846.7</ele>
    </trkpt>
    <trkpt lat="46.569097761" lon="6.687507216">
      <ele>846.7</ele>
    </trkpt>
    <trkpt lat="46.569100928" lon="6.687505096">
      <ele>846.7</ele>
    </trkpt>
    <trkpt lat="46.569104123" lon="6.687503027">
      <ele>846.7</ele>
    </trkpt>
    <trkpt lat="46.569107345" lon="6.687501003">
      <ele>846.7</ele>
    </trkpt>
    <trkpt lat="46.569110593" lon="6.687499015">
      <ele>846.7</ele>
    </trkpt>
    <trkpt lat="46.569113866" lon="6.687497051">
      <ele>846.7</ele>
    </trkpt>
    <trkpt lat="46.569117158" lon="6.687495100">
      <ele>846.6</ele>
    </trkpt>
    <trkpt lat="46.569120466" lon="6.687493150">
      <ele>846.6</ele>
    </trkpt>
    <trkpt lat="46.569123785" lon="6.687491190">
      <ele>846.6</ele>
    </trkpt>
    <trkpt lat="46.569127113" lon="6.687489204">
      <ele>846.6</ele>
    </trkpt>
    <trkpt lat="46.569130448" lon="6.687487178">
      <ele>846.6</ele>
    </trkpt>
    <trkpt lat="46.569133787" lon="6.687485095">
      <ele>846.6</ele>
    </trkpt>
    <trkpt lat="46.569137130" lon="6.687482942">
      <ele>846.6</ele>
    </trkpt>
    <trkpt lat="46.569140473" lon="6.687480704">
      <ele>846.5</ele>
    </trkpt>
    <trkpt lat="46.569143809" lon="6.687478374">
      <ele>846.5</ele>
    </trkpt>
    <trkpt lat="46.569147130" lon="6.687475944">
      <ele>846.5</ele>
    </trkpt>
    <trkpt lat="46.569150426" lon="6.687473412">
      <ele>846.5</ele>
    </trkpt>
    <trkpt lat="46.569153685" lon="6.687470781">
      <ele>846.5</ele>
    </trkpt>
    <trkpt lat="46.569156898" lon="6.687468053">
      <ele>846.4</ele>
    </trkpt>
    <trkpt lat="46.569160054" lon="6.687465233">
      <ele>846.4</ele>
    </trkpt>
    <trkpt lat="46.569163148" lon="6.687462325">
      <ele>846.4</ele>
    </trkpt>
    <trkpt lat="46.569166175" lon="6.687459334">
      <ele>846.4</ele>
    </trkpt>
    <trkpt lat="46.569169131" lon="6.687456263">
      <ele>846.4</ele>
    </trkpt>
    <trkpt lat="46.569172017" lon="6.687453112">
      <ele>846.4</ele>
    </trkpt>
    <trkpt lat="46.569174834" lon="6.687449880">
      <ele>846.4</ele>
    </trkpt>
    <trkpt lat="46.569177586" lon="6.687446567">
      <ele>846.4</ele>
    </trkpt>
    <trkpt lat="46.569180275" lon="6.687443171">
      <ele>846.4</ele>
    </trkpt>
    <trkpt lat="46.569182902" lon="6.687439693">
      <ele>846.4</ele>
    </trkpt>
    <trkpt lat="46.569185468" lon="6.687436132">
      <ele>846.4</ele>
    </trkpt>
    <trkpt lat="46.569187976" lon="6.687432484">
      <ele>846.4</ele>
    </trkpt>
    <trkpt lat="46.569190424" lon="6.687428750">
      <ele>846.4</ele>
    </trkpt>
    <trkpt lat="46.569192813" lon="6.687424926">
      <ele>846.4</ele>
    </trkpt>
    <trkpt lat="46.569195143" lon="6.687421011">
      <ele>846.4</ele>
    </trkpt>
    <trkpt lat="46.569197419" lon="6.687417003">
      <ele>846.4</ele>
    </trkpt>
    <trkpt lat="46.569199642" lon="6.687412904">
      <ele>846.4</ele>
    </trkpt>
    <trkpt lat="46.569201820" lon="6.687408717">
      <ele>846.4</ele>
    </trkpt>
    <trkpt lat="46.569203958" lon="6.687404453">
      <ele>846.4</ele>
    </trkpt>
    <trkpt lat="46.569206063" lon="6.687400121">
      <ele>846.4</ele>
    </trkpt>
    <trkpt lat="46.569208141" lon="6.687395738">
      <ele>846.3</ele>
    </trkpt>
    <trkpt lat="46.569210197" lon="6.687391315">
      <ele>846.3</ele>
    </trkpt>
    <trkpt lat="46.569212233" lon="6.687386868">
      <ele>846.3</ele>
    </trkpt>
    <trkpt lat="46.569214250" lon="6.687382409">
      <ele>846.3</ele>
    </trkpt>
    <trkpt lat="46.569216249" lon="6.687377947">
      <ele>846.3</ele>
    </trkpt>
    <trkpt lat="46.569218229" lon="6.687373489">
      <ele>846.3</ele>
    </trkpt>
    <trkpt lat="46.569220191" lon="6.687369043">
      <ele>846.2</ele>
    </trkpt>
    <trkpt lat="46.569222136" lon="6.687364611">
      <ele>846.2</ele>
    </trkpt>
    <trkpt lat="46.569224066" lon="6.687360198">
      <ele>846.2</ele>
    </trkpt>
    <trkpt lat="46.569225983" lon="6.687355807">
      <ele>846.2</ele>
    </trkpt>
    <trkpt lat="46.569227891" lon="6.687351438">
      <ele>846.2</ele>
    </trkpt>
    <trkpt lat="46.569229788" lon="6.687347091">
      <ele>846.3</ele>
    </trkpt>
    <trkpt lat="46.569231675" lon="6.687342762">
      <ele>846.3</ele>
    </trkpt>
    <trkpt lat="46.569233551" lon="6.687338447">
      <ele>846.3</ele>
    </trkpt>
    <trkpt lat="46.569235414" lon="6.687334137">
      <ele>846.3</ele>
    </trkpt>
    <trkpt lat="46.569237266" lon="6.687329827">
      <ele>846.3</ele>
    </trkpt>
    <trkpt lat="46.569239107" lon="6.687325512">
      <ele>846.3</ele>
    </trkpt>
    <trkpt lat="46.569240942" lon="6.687321187">
      <ele>846.4</ele>
    </trkpt>
    <trkpt lat="46.569242775" lon="6.687316854">
      <ele>846.4</ele>
    </trkpt>
    <trkpt lat="46.569244610" lon="6.687312519">
      <ele>846.4</ele>
    </trkpt>
    <trkpt lat="46.569246448" lon="6.687308188">
      <ele>846.4</ele>
    </trkpt>
    <trkpt lat="46.569248291" lon="6.687303866">
      <ele>846.4</ele>
    </trkpt>
    <trkpt lat="46.569250134" lon="6.687299558">
      <ele>846.4</ele>
    </trkpt>
    <trkpt lat="46.569251974" lon="6.687295263">
      <ele>846.4</ele>
    </trkpt>
    <trkpt lat="46.569253806" lon="6.687290979">
      <ele>846.5</ele>
    </trkpt>
    <trkpt lat="46.569255625" lon="6.687286701">
      <ele>846.5</ele>
    </trkpt>
    <trkpt lat="46.569257431" lon="6.687282425">
      <ele>846.5</ele>
    </trkpt>
    <trkpt lat="46.569259224" lon="6.687278148">
      <ele>846.5</ele>
    </trkpt>
    <trkpt lat="46.569261010" lon="6.687273870">
      <ele>846.5</ele>
    </trkpt>
    <trkpt lat="46.569262795" lon="6.687269591">
      <ele>846.5</ele>
    </trkpt>
    <trkpt lat="46.569264585" lon="6.687265313">
      <ele>846.5</ele>
    </trkpt>
    <trkpt lat="46.569266388" lon="6.687261035">
      <ele>846.5</ele>
    </trkpt>
    <trkpt lat="46.569268210" lon="6.687256758">
      <ele>846.5</ele>
    </trkpt>
    <trkpt lat="46.569270050" lon="6.687252479">
      <ele>846.5</ele>
    </trkpt>
    <trkpt lat="46.569271908" lon="6.687248197">
      <ele>846.4</ele>
    </trkpt>
    <trkpt lat="46.569273781" lon="6.687243905">
      <ele>846.4</ele>
    </trkpt>
    <trkpt lat="46.569275665" lon="6.687239595">
      <ele>846.4</ele>
    </trkpt>
    <trkpt lat="46.569277553" lon="6.687235264">
      <ele>846.4</ele>
    </trkpt>
    <trkpt lat="46.569279444" lon="6.687230902">
      <ele>846.4</ele>
    </trkpt>
    <trkpt lat="46.569281330" lon="6.687226509">
      <ele>846.4</ele>
    </trkpt>
    <trkpt lat="46.569283208" lon="6.687222086">
      <ele>846.4</ele>
    </trkpt>
    <trkpt lat="46.569285076" lon="6.687217641">
      <ele>846.4</ele>
    </trkpt>
    <trkpt lat="46.569286934" lon="6.687213188">
      <ele>846.4</ele>
    </trkpt>
    <trkpt lat="46.569288783" lon="6.687208744">
      <ele>846.3</ele>
    </trkpt>
    <trkpt lat="46.569290627" lon="6.687204324">
      <ele>846.3</ele>
    </trkpt>
    <trkpt lat="46.569292473" lon="6.687199940">
      <ele>846.3</ele>
    </trkpt>
    <trkpt lat="46.569294326" lon="6.687195602">
      <ele>846.3</ele>
    </trkpt>
    <trkpt lat="46.569296193" lon="6.687191303">
      <ele>846.3</ele>
    </trkpt>
    <trkpt lat="46.569298078" lon="6.687187034">
      <ele>846.3</ele>
    </trkpt>
    <trkpt lat="46.569299982" lon="6.687182783">
      <ele>846.3</ele>
    </trkpt>
    <trkpt lat="46.569301903" lon="6.687178530">
      <ele>846.4</ele>
    </trkpt>
    <trkpt lat="46.569303839" lon="6.687174266">
      <ele>846.4</ele>
    </trkpt>
    <trkpt lat="46.569305782" lon="6.687169980">
      <ele>846.4</ele>
    </trkpt>
    <trkpt lat="46.569307725" lon="6.687165670">
      <ele>846.5</ele>
    </trkpt>
    <trkpt lat="46.569309662" lon="6.687161339">
      <ele>846.5</ele>
    </trkpt>
    <trkpt lat="46.569311591" lon="6.687156993">
      <ele>846.5</ele>
    </trkpt>
    <trkpt lat="46.569313507" lon="6.687152641">
      <ele>846.5</ele>
    </trkpt>
    <trkpt lat="46.569315413" lon="6.687148289">
      <ele>846.5</ele>
    </trkpt>
    <trkpt lat="46.569317309" lon="6.687143942">
      <ele>846.5</ele>
    </trkpt>
    <trkpt lat="46.569319200" lon="6.687139605">
      <ele>846.6</ele>
    </trkpt>
    <trkpt lat="46.569321084" lon="6.687135286">
      <ele>846.6</ele>
    </trkpt>
    <trkpt lat="46.569322966" lon="6.687130984">
      <ele>846.6</ele>
    </trkpt>
    <trkpt lat="46.569324849" lon="6.687126698">
      <ele>846.6</ele>
    </trkpt>
    <trkpt lat="46.569326733" lon="6.687122431">
      <ele>846.6</ele>
    </trkpt>
    <trkpt lat="46.569328622" lon="6.687118176">
      <ele>846.7</ele>
    </trkpt>
    <trkpt lat="46.569330521" lon="6.687113928">
      <ele>846.7</ele>
    </trkpt>
    <trkpt lat="46.569332432" lon="6.687109678">
      <ele>846.7</ele>
    </trkpt>
    <trkpt lat="46.569334361" lon="6.687105419">
      <ele>846.7</ele>
    </trkpt>
    <trkpt lat="46.569336309" lon="6.687101143">
      <ele>846.7</ele>
    </trkpt>
    <trkpt lat="46.569338276" lon="6.687096850">
      <ele>846.7</ele>
    </trkpt>
    <trkpt lat="46.569340259" lon="6.687092540">
      <ele>846.8</ele>
    </trkpt>
    <trkpt lat="46.569342253" lon="6.687088216">
      <ele>846.8</ele>
    </trkpt>
    <trkpt lat="46.569344253" lon="6.687083885">
      <ele>846.8</ele>
    </trkpt>
    <trkpt lat="46.569346253" lon="6.687079553">
      <ele>846.8</ele>
    </trkpt>
    <trkpt lat="46.569348251" lon="6.687075226">
      <ele>846.8</ele>
    </trkpt>
    <trkpt lat="46.569350243" lon="6.687070909">
      <ele>846.8</ele>
    </trkpt>
    <trkpt lat="46.569352231" lon="6.687066604">
      <ele>846.8</ele>
    </trkpt>
    <trkpt lat="46.569354218" lon="6.687062314">
      <ele>846.8</ele>
    </trkpt>
    <trkpt lat="46.569356207" lon="6.687058037">
      <ele>846.8</ele>
    </trkpt>
    <trkpt lat="46.569358203" lon="6.687053775">
      <ele>846.9</ele>
    </trkpt>
    <trkpt lat="46.569360208" lon="6.687049527">
      <ele>846.9</ele>
    </trkpt>
    <trkpt lat="46.569362226" lon="6.687045292">
      <ele>846.9</ele>
    </trkpt>
    <trkpt lat="46.569364257" lon="6.687041068">
      <ele>846.9</ele>
    </trkpt>
    <trkpt lat="46.569366301" lon="6.687036856">
      <ele>847.0</ele>
    </trkpt>
    <trkpt lat="46.569368357" lon="6.687032656">
      <ele>847.0</ele>
    </trkpt>
    <trkpt lat="46.569370423" lon="6.687028464">
      <ele>847.0</ele>
    </trkpt>
    <trkpt lat="46.569372496" lon="6.687024283">
      <ele>847.0</ele>
    </trkpt>
    <trkpt lat="46.569374575" lon="6.687020105">
      <ele>847.1</ele>
    </trkpt>
    <trkpt lat="46.569376659" lon="6.687015928">
      <ele>847.1</ele>
    </trkpt>
    <trkpt lat="46.569378748" lon="6.687011744">
      <ele>847.1</ele>
    </trkpt>
    <trkpt lat="46.569380841" lon="6.687007549">
      <ele>847.1</ele>
    </trkpt>
    <trkpt lat="46.569382937" lon="6.687003337">
      <ele>847.2</ele>
    </trkpt>
    <trkpt lat="46.569385035" lon="6.686999105">
      <ele>847.2</ele>
    </trkpt>
    <trkpt lat="46.569387132" lon="6.686994851">
      <ele>847.2</ele>
    </trkpt>
    <trkpt lat="46.569389223" lon="6.686990573">
      <ele>847.3</ele>
    </trkpt>
    <trkpt lat="46.569391303" lon="6.686986270">
      <ele>847.3</ele>
    </trkpt>
    <trkpt lat="46.569393365" lon="6.686981947">
      <ele>847.3</ele>
    </trkpt>
    <trkpt lat="46.569395404" lon="6.686977606">
      <ele>847.3</ele>
    </trkpt>
    <trkpt lat="46.569397418" lon="6.686973251">
      <ele>847.4</ele>
    </trkpt>
    <trkpt lat="46.569399404" lon="6.686968886">
      <ele>847.4</ele>
    </trkpt>
    <trkpt lat="46.569401363" lon="6.686964519">
      <ele>847.4</ele>
    </trkpt>
    <trkpt lat="46.569403299" lon="6.686960154">
      <ele>847.4</ele>
    </trkpt>
    <trkpt lat="46.569405213" lon="6.686955796">
      <ele>847.5</ele>
    </trkpt>
    <trkpt lat="46.569407108" lon="6.686951445">
      <ele>847.5</ele>
    </trkpt>
    <trkpt lat="46.569408988" lon="6.686947100">
      <ele>847.5</ele>
    </trkpt>
    <trkpt lat="46.569410854" lon="6.686942758">
      <ele>847.5</ele>
    </trkpt>
    <trkpt lat="46.569412707" lon="6.686938415">
      <ele>847.5</ele>
    </trkpt>
    <trkpt lat="46.569414548" lon="6.686934069">
      <ele>847.6</ele>
    </trkpt>
    <trkpt lat="46.569416382" lon="6.686929715">
      <ele>847.6</ele>
    </trkpt>
    <trkpt lat="46.569418210" lon="6.686925351">
      <ele>847.6</ele>
    </trkpt>
    <trkpt lat="46.569420037" lon="6.686920979">
      <ele>847.6</ele>
    </trkpt>
    <trkpt lat="46.569421868" lon="6.686916603">
      <ele>847.6</ele>
    </trkpt>
    <trkpt lat="46.569423708" lon="6.686912228">
      <ele>847.6</ele>
    </trkpt>
    <trkpt lat="46.569425561" lon="6.686907852">
      <ele>847.6</ele>
    </trkpt>
    <trkpt lat="46.569427430" lon="6.686903479">
      <ele>847.7</ele>
    </trkpt>
    <trkpt lat="46.569429318" lon="6.686899106">
      <ele>847.7</ele>
    </trkpt>
    <trkpt lat="46.569431225" lon="6.686894731">
      <ele>847.7</ele>
    </trkpt>
    <trkpt lat="46.569433150" lon="6.686890349">
      <ele>847.7</ele>
    </trkpt>
    <trkpt lat="46.569435089" lon="6.686885958">
      <ele>847.7</ele>
    </trkpt>
    <trkpt lat="46.569437038" lon="6.686881555">
      <ele>847.8</ele>
    </trkpt>
    <trkpt lat="46.569438987" lon="6.686877140">
      <ele>847.8</ele>
    </trkpt>
    <trkpt lat="46.569440932" lon="6.686872711">
      <ele>847.8</ele>
    </trkpt>
    <trkpt lat="46.569442864" lon="6.686868271">
      <ele>847.8</ele>
    </trkpt>
    <trkpt lat="46.569444778" lon="6.686863820">
      <ele>847.9</ele>
    </trkpt>
    <trkpt lat="46.569446674" lon="6.686859361">
      <ele>847.9</ele>
    </trkpt>
    <trkpt lat="46.569448548" lon="6.686854888">
      <ele>847.9</ele>
    </trkpt>
    <trkpt lat="46.569450404" lon="6.686850402">
      <ele>847.9</ele>
    </trkpt>
    <trkpt lat="46.569452243" lon="6.686845906">
      <ele>847.9</ele>
    </trkpt>
    <trkpt lat="46.569454067" lon="6.686841399">
      <ele>847.9</ele>
    </trkpt>
    <trkpt lat="46.569455877" lon="6.686836882">
      <ele>848.0</ele>
    </trkpt>
    <trkpt lat="46.569457673" lon="6.686832356">
      <ele>848.0</ele>
    </trkpt>
    <trkpt lat="46.569459455" lon="6.686827822">
      <ele>848.0</ele>
    </trkpt>
    <trkpt lat="46.569461221" lon="6.686823279">
      <ele>848.0</ele>
    </trkpt>
    <trkpt lat="46.569462969" lon="6.686818727">
      <ele>848.0</ele>
    </trkpt>
    <trkpt lat="46.569464700" lon="6.686814166">
      <ele>848.0</ele>
    </trkpt>
    <trkpt lat="46.569466412" lon="6.686809593">
      <ele>848.0</ele>
    </trkpt>
    <trkpt lat="46.569468107" lon="6.686805012">
      <ele>848.0</ele>
    </trkpt>
    <trkpt lat="46.569469788" lon="6.686800423">
      <ele>848.1</ele>
    </trkpt>
    <trkpt lat="46.569471456" lon="6.686795833">
      <ele>848.1</ele>
    </trkpt>
    <trkpt lat="46.569473115" lon="6.686791240">
      <ele>848.1</ele>
    </trkpt>
    <trkpt lat="46.569474768" lon="6.686786646">
      <ele>848.1</ele>
    </trkpt>
    <trkpt lat="46.569476416" lon="6.686782049">
      <ele>848.1</ele>
    </trkpt>
    <trkpt lat="46.569478058" lon="6.686777447">
      <ele>848.1</ele>
    </trkpt>
    <trkpt lat="46.569479694" lon="6.686772837">
      <ele>848.1</ele>
    </trkpt>
    <trkpt lat="46.569481320" lon="6.686768218">
      <ele>848.2</ele>
    </trkpt>
    <trkpt lat="46.569482935" lon="6.686763587">
      <ele>848.2</ele>
    </trkpt>
    <trkpt lat="46.569484537" lon="6.686758946">
      <ele>848.2</ele>
    </trkpt>
    <trkpt lat="46.569486125" lon="6.686754297">
      <ele>848.2</ele>
    </trkpt>
    <trkpt lat="46.569487699" lon="6.686749637">
      <ele>848.3</ele>
    </trkpt>
    <trkpt lat="46.569489261" lon="6.686744964">
      <ele>848.3</ele>
    </trkpt>
    <trkpt lat="46.569490808" lon="6.686740277">
      <ele>848.3</ele>
    </trkpt>
    <trkpt lat="46.569492341" lon="6.686735568">
      <ele>848.3</ele>
    </trkpt>
    <trkpt lat="46.569493854" lon="6.686730829">
      <ele>848.3</ele>
    </trkpt>
    <trkpt lat="46.569495343" lon="6.686726059">
      <ele>848.3</ele>
    </trkpt>
    <trkpt lat="46.569496797" lon="6.686721254">
      <ele>848.3</ele>
    </trkpt>
    <trkpt lat="46.569498208" lon="6.686716410">
      <ele>848.3</ele>
    </trkpt>
    <trkpt lat="46.569499573" lon="6.686711530">
      <ele>848.3</ele>
    </trkpt>
    <trkpt lat="46.569500893" lon="6.686706620">
      <ele>848.2</ele>
    </trkpt>
    <trkpt lat="46.569502177" lon="6.686701687">
      <ele>848.2</ele>
    </trkpt>
    <trkpt lat="46.569503443" lon="6.686696745">
      <ele>848.1</ele>
    </trkpt>
    <trkpt lat="46.569504711" lon="6.686691810">
      <ele>848.1</ele>
    </trkpt>
    <trkpt lat="46.569506000" lon="6.686686893">
      <ele>848.0</ele>
    </trkpt>
    <trkpt lat="46.569507324" lon="6.686682012">
      <ele>848.0</ele>
    </trkpt>
    <trkpt lat="46.569508689" lon="6.686677171">
      <ele>848.1</ele>
    </trkpt>
    <trkpt lat="46.569510089" lon="6.686672373">
      <ele>848.1</ele>
    </trkpt>
    <trkpt lat="46.569511512" lon="6.686667609">
      <ele>848.2</ele>
    </trkpt>
    <trkpt lat="46.569512940" lon="6.686662866">
      <ele>848.3</ele>
    </trkpt>
    <trkpt lat="46.569514355" lon="6.686658129">
      <ele>848.4</ele>
    </trkpt>
    <trkpt lat="46.569515743" lon="6.686653381">
      <ele>848.5</ele>
    </trkpt>
    <trkpt lat="46.569517095" lon="6.686648612">
      <ele>848.5</ele>
    </trkpt>
    <trkpt lat="46.569518408" lon="6.686643815">
      <ele>848.6</ele>
    </trkpt>
    <trkpt lat="46.569519684" lon="6.686638988">
      <ele>848.6</ele>
    </trkpt>
    <trkpt lat="46.569520930" lon="6.686634130">
      <ele>848.7</ele>
    </trkpt>
    <trkpt lat="46.569522152" lon="6.686629249">
      <ele>848.7</ele>
    </trkpt>
    <trkpt lat="46.569523357" lon="6.686624347">
      <ele>848.7</ele>
    </trkpt>
    <trkpt lat="46.569524551" lon="6.686619428">
      <ele>848.8</ele>
    </trkpt>
    <trkpt lat="46.569525740" lon="6.686614496">
      <ele>848.8</ele>
    </trkpt>
    <trkpt lat="46.569526925" lon="6.686609555">
      <ele>848.8</ele>
    </trkpt>
    <trkpt lat="46.569528103" lon="6.686604608">
      <ele>848.9</ele>
    </trkpt>
    <trkpt lat="46.569529268" lon="6.686599660">
      <ele>848.9</ele>
    </trkpt>
    <trkpt lat="46.569530411" lon="6.686594714">
      <ele>848.9</ele>
    </trkpt>
    <trkpt lat="46.569531518" lon="6.686589767">
      <ele>848.9</ele>
    </trkpt>
    <trkpt lat="46.569532577" lon="6.686584816">
      <ele>848.8</ele>
    </trkpt>
    <trkpt lat="46.569533579" lon="6.686579854">
      <ele>848.7</ele>
    </trkpt>
    <trkpt lat="46.569534524" lon="6.686574873">
      <ele>848.7</ele>
    </trkpt>
    <trkpt lat="46.569535417" lon="6.686569873">
      <ele>848.6</ele>
    </trkpt>
    <trkpt lat="46.569536269" lon="6.686564855">
      <ele>848.5</ele>
    </trkpt>
    <trkpt lat="46.569537096" lon="6.686559827">
      <ele>848.4</ele>
    </trkpt>
    <trkpt lat="46.569537920" lon="6.686554799">
      <ele>848.3</ele>
    </trkpt>
    <trkpt lat="46.569538766" lon="6.686549787">
      <ele>848.3</ele>
    </trkpt>
    <trkpt lat="46.569539653" lon="6.686544804">
      <ele>848.3</ele>
    </trkpt>
    <trkpt lat="46.569540600" lon="6.686539858">
      <ele>848.3</ele>
    </trkpt>
    <trkpt lat="46.569541621" lon="6.686534948">
      <ele>848.3</ele>
    </trkpt>
    <trkpt lat="46.569542722" lon="6.686530074">
      <ele>848.4</ele>
    </trkpt>
    <trkpt lat="46.569543903" lon="6.686525228">
      <ele>848.5</ele>
    </trkpt>
    <trkpt lat="46.569545156" lon="6.686520409">
      <ele>848.6</ele>
    </trkpt>
    <trkpt lat="46.569546465" lon="6.686515616">
      <ele>848.8</ele>
    </trkpt>
    <trkpt lat="46.569547808" lon="6.686510853">
      <ele>848.9</ele>
    </trkpt>
    <trkpt lat="46.569549164" lon="6.686506118">
      <ele>849.1</ele>
    </trkpt>
    <trkpt lat="46.569550508" lon="6.686501415">
      <ele>849.2</ele>
    </trkpt>
    <trkpt lat="46.569551817" lon="6.686496732">
      <ele>849.3</ele>
    </trkpt>
    <trkpt lat="46.569553071" lon="6.686492054">
      <ele>849.4</ele>
    </trkpt>
    <trkpt lat="46.569554258" lon="6.686487359">
      <ele>849.5</ele>
    </trkpt>
    <trkpt lat="46.569555369" lon="6.686482624">
      <ele>849.5</ele>
    </trkpt>
    <trkpt lat="46.569556399" lon="6.686477831">
      <ele>849.6</ele>
    </trkpt>
    <trkpt lat="46.569557350" lon="6.686472963">
      <ele>849.6</ele>
    </trkpt>
    <trkpt lat="46.569558225" lon="6.686468019">
      <ele>849.6</ele>
    </trkpt>
    <trkpt lat="46.569559034" lon="6.686463001">
      <ele>849.7</ele>
    </trkpt>
    <trkpt lat="46.569559785" lon="6.686457920">
      <ele>849.7</ele>
    </trkpt>
    <trkpt lat="46.569560488" lon="6.686452791">
      <ele>849.6</ele>
    </trkpt>
    <trkpt lat="46.569561151" lon="6.686447627">
      <ele>849.6</ele>
    </trkpt>
    <trkpt lat="46.569561785" lon="6.686442446">
      <ele>849.6</ele>
    </trkpt>
    <trkpt lat="46.569562399" lon="6.686437263">
      <ele>849.5</ele>
    </trkpt>
    <trkpt lat="46.569562999" lon="6.686432093">
      <ele>849.4</ele>
    </trkpt>
    <trkpt lat="46.569563589" lon="6.686426944">
      <ele>849.4</ele>
    </trkpt>
    <trkpt lat="46.569564177" lon="6.686421822">
      <ele>849.3</ele>
    </trkpt>
    <trkpt lat="46.569564768" lon="6.686416727">
      <ele>849.2</ele>
    </trkpt>
    <trkpt lat="46.569565365" lon="6.686411652">
      <ele>849.1</ele>
    </trkpt>
    <trkpt lat="46.569565972" lon="6.686406591">
      <ele>849.1</ele>
    </trkpt>
    <trkpt lat="46.569566598" lon="6.686401530">
      <ele>849.1</ele>
    </trkpt>
    <trkpt lat="46.569567249" lon="6.686396458">
      <ele>849.0</ele>
    </trkpt>
    <trkpt lat="46.569567933" lon="6.686391376">
      <ele>849.0</ele>
    </trkpt>
    <trkpt lat="46.569568661" lon="6.686386295">
      <ele>849.0</ele>
    </trkpt>
    <trkpt lat="46.569569445" lon="6.686381228">
      <ele>849.1</ele>
    </trkpt>
    <trkpt lat="46.569570293" lon="6.686376196">
      <ele>849.1</ele>
    </trkpt>
    <trkpt lat="46.569571208" lon="6.686371214">
      <ele>849.1</ele>
    </trkpt>
    <trkpt lat="46.569572188" lon="6.686366298">
      <ele>849.1</ele>
    </trkpt>
    <trkpt lat="46.569573225" lon="6.686361446">
      <ele>849.2</ele>
    </trkpt>
    <trkpt lat="46.569574306" lon="6.686356651">
      <ele>849.2</ele>
    </trkpt>
    <trkpt lat="46.569575415" lon="6.686351889">
      <ele>849.3</ele>
    </trkpt>
    <trkpt lat="46.569576533" lon="6.686347149">
      <ele>849.3</ele>
    </trkpt>
    <trkpt lat="46.569577642" lon="6.686342403">
      <ele>849.4</ele>
    </trkpt>
    <trkpt lat="46.569578728" lon="6.686337637">
      <ele>849.4</ele>
    </trkpt>
    <trkpt lat="46.569579780" lon="6.686332842">
      <ele>849.4</ele>
    </trkpt>
    <trkpt lat="46.569580786" lon="6.686328011">
      <ele>849.5</ele>
    </trkpt>
    <trkpt lat="46.569581742" lon="6.686323147">
      <ele>849.5</ele>
    </trkpt>
    <trkpt lat="46.569582644" lon="6.686318247">
      <ele>849.6</ele>
    </trkpt>
    <trkpt lat="46.569583489" lon="6.686313317">
      <ele>849.6</ele>
    </trkpt>
    <trkpt lat="46.569584276" lon="6.686308362">
      <ele>849.7</ele>
    </trkpt>
    <trkpt lat="46.569585011" lon="6.686303386">
      <ele>849.7</ele>
    </trkpt>
    <trkpt lat="46.569585697" lon="6.686298395">
      <ele>849.8</ele>
    </trkpt>
    <trkpt lat="46.569586344" lon="6.686293390">
      <ele>849.8</ele>
    </trkpt>
    <trkpt lat="46.569586962" lon="6.686288380">
      <ele>849.8</ele>
    </trkpt>
    <trkpt lat="46.569587564" lon="6.686283368">
      <ele>849.8</ele>
    </trkpt>
    <trkpt lat="46.569588160" lon="6.686278365">
      <ele>849.9</ele>
    </trkpt>
    <trkpt lat="46.569588763" lon="6.686273377">
      <ele>849.9</ele>
    </trkpt>
    <trkpt lat="46.569589379" lon="6.686268405">
      <ele>849.9</ele>
    </trkpt>
    <trkpt lat="46.569590013" lon="6.686263451">
      <ele>849.9</ele>
    </trkpt>
    <trkpt lat="46.569590661" lon="6.686258516">
      <ele>850.0</ele>
    </trkpt>
    <trkpt lat="46.569591322" lon="6.686253597">
      <ele>850.0</ele>
    </trkpt>
    <trkpt lat="46.569591989" lon="6.686248688">
      <ele>850.0</ele>
    </trkpt>
    <trkpt lat="46.569592658" lon="6.686243781">
      <ele>850.1</ele>
    </trkpt>
    <trkpt lat="46.569593325" lon="6.686238864">
      <ele>850.1</ele>
    </trkpt>
    <trkpt lat="46.569593991" lon="6.686233938">
      <ele>850.1</ele>
    </trkpt>
    <trkpt lat="46.569594656" lon="6.686228996">
      <ele>850.2</ele>
    </trkpt>
    <trkpt lat="46.569595327" lon="6.686224032">
      <ele>850.2</ele>
    </trkpt>
    <trkpt lat="46.569596008" lon="6.686219054">
      <ele>850.3</ele>
    </trkpt>
    <trkpt lat="46.569596703" lon="6.686214050">
      <ele>850.4</ele>
    </trkpt>
    <trkpt lat="46.569597414" lon="6.686209023">
      <ele>850.4</ele>
    </trkpt>
    <trkpt lat="46.569598140" lon="6.686203981">
      <ele>850.5</ele>
    </trkpt>
    <trkpt lat="46.569598878" lon="6.686198922">
      <ele>850.6</ele>
    </trkpt>
    <trkpt lat="46.569599622" lon="6.686193862">
      <ele>850.7</ele>
    </trkpt>
    <trkpt lat="46.569600368" lon="6.686188805">
      <ele>850.8</ele>
    </trkpt>
    <trkpt lat="46.569601113" lon="6.686183770">
      <ele>850.8</ele>
    </trkpt>
    <trkpt lat="46.569601856" lon="6.686178758">
      <ele>850.9</ele>
    </trkpt>
    <trkpt lat="46.569602598" lon="6.686173771">
      <ele>851.0</ele>
    </trkpt>
    <trkpt lat="46.569603344" lon="6.686168801">
      <ele>851.1</ele>
    </trkpt>
    <trkpt lat="46.569604098" lon="6.686163826">
      <ele>851.2</ele>
    </trkpt>
    <trkpt lat="46.569604865" lon="6.686158822">
      <ele>851.3</ele>
    </trkpt>
    <trkpt lat="46.569605644" lon="6.686153770">
      <ele>851.4</ele>
    </trkpt>
    <trkpt lat="46.569606430" lon="6.686148654">
      <ele>851.5</ele>
    </trkpt>
    <trkpt lat="46.569607213" lon="6.686143470">
      <ele>851.6</ele>
    </trkpt>
    <trkpt lat="46.569607981" lon="6.686138230">
      <ele>851.7</ele>
    </trkpt>
    <trkpt lat="46.569608719" lon="6.686132945">
      <ele>851.8</ele>
    </trkpt>
    <trkpt lat="46.569609413" lon="6.686127637">
      <ele>851.9</ele>
    </trkpt>
    <trkpt lat="46.569610053" lon="6.686122328">
      <ele>852.0</ele>
    </trkpt>
    <trkpt lat="46.569610640" lon="6.686117032">
      <ele>852.1</ele>
    </trkpt>
    <trkpt lat="46.569611174" lon="6.686111760">
      <ele>852.1</ele>
    </trkpt>
    <trkpt lat="46.569611663" lon="6.686106511">
      <ele>852.2</ele>
    </trkpt>
    <trkpt lat="46.569612118" lon="6.686101288">
      <ele>852.3</ele>
    </trkpt>
    <trkpt lat="46.569612552" lon="6.686096092">
      <ele>852.4</ele>
    </trkpt>
    <trkpt lat="46.569612977" lon="6.686090921">
      <ele>852.5</ele>
    </trkpt>
    <trkpt lat="46.569613401" lon="6.686085786">
      <ele>852.6</ele>
    </trkpt>
    <trkpt lat="46.569613829" lon="6.686080680">
      <ele>852.7</ele>
    </trkpt>
    <trkpt lat="46.569614262" lon="6.686075598">
      <ele>852.8</ele>
    </trkpt>
    <trkpt lat="46.569614692" lon="6.686070542">
      <ele>852.9</ele>
    </trkpt>
    <trkpt lat="46.569615109" lon="6.686065502">
      <ele>853.0</ele>
    </trkpt>
    <trkpt lat="46.569615502" lon="6.686060470">
      <ele>853.1</ele>
    </trkpt>
    <trkpt lat="46.569615862" lon="6.686055428">
      <ele>853.1</ele>
    </trkpt>
    <trkpt lat="46.569616186" lon="6.686050381">
      <ele>853.2</ele>
    </trkpt>
    <trkpt lat="46.569616478" lon="6.686045318">
      <ele>853.2</ele>
    </trkpt>
    <trkpt lat="46.569616749" lon="6.686040238">
      <ele>853.3</ele>
    </trkpt>
    <trkpt lat="46.569617013" lon="6.686035140">
      <ele>853.3</ele>
    </trkpt>
    <trkpt lat="46.569617285" lon="6.686030023">
      <ele>853.3</ele>
    </trkpt>
    <trkpt lat="46.569617575" lon="6.686024881">
      <ele>853.4</ele>
    </trkpt>
    <trkpt lat="46.569617887" lon="6.686019725">
      <ele>853.4</ele>
    </trkpt>
    <trkpt lat="46.569618219" lon="6.686014559">
      <ele>853.4</ele>
    </trkpt>
    <trkpt lat="46.569618566" lon="6.686009390">
      <ele>853.5</ele>
    </trkpt>
    <trkpt lat="46.569618921" lon="6.686004239">
      <ele>853.5</ele>
    </trkpt>
    <trkpt lat="46.569619279" lon="6.685999125">
      <ele>853.6</ele>
    </trkpt>
    <trkpt lat="46.569619638" lon="6.685994057">
      <ele>853.6</ele>
    </trkpt>
    <trkpt lat="46.569619997" lon="6.685989048">
      <ele>853.6</ele>
    </trkpt>
    <trkpt lat="46.569620364" lon="6.685984110">
      <ele>853.7</ele>
    </trkpt>
    <trkpt lat="46.569620746" lon="6.685979247">
      <ele>853.7</ele>
    </trkpt>
    <trkpt lat="46.569621147" lon="6.685974460">
      <ele>853.7</ele>
    </trkpt>
    <trkpt lat="46.569621568" lon="6.685969755">
      <ele>853.7</ele>
    </trkpt>
    <trkpt lat="46.569622000" lon="6.685965125">
      <ele>853.8</ele>
    </trkpt>
    <trkpt lat="46.569622439" lon="6.685960565">
      <ele>853.8</ele>
    </trkpt>
    <trkpt lat="46.569622866" lon="6.685956072">
      <ele>853.9</ele>
    </trkpt>
    <trkpt lat="46.569623261" lon="6.685951630">
      <ele>854.0</ele>
    </trkpt>
    <trkpt lat="46.569623595" lon="6.685947218">
      <ele>854.1</ele>
    </trkpt>
    <trkpt lat="46.569623836" lon="6.685942810">
      <ele>854.2</ele>
    </trkpt>
    <trkpt lat="46.569623954" lon="6.685938399">
      <ele>854.3</ele>
    </trkpt>
    <trkpt lat="46.569623926" lon="6.685933981">
      <ele>854.4</ele>
    </trkpt>
    <trkpt lat="46.569623745" lon="6.685929561">
      <ele>854.6</ele>
    </trkpt>
    <trkpt lat="46.569623422" lon="6.685925165">
      <ele>854.7</ele>
    </trkpt>
    <trkpt lat="46.569622992" lon="6.685920820">
      <ele>854.8</ele>
    </trkpt>
    <trkpt lat="46.569622506" lon="6.685916554">
      <ele>855.0</ele>
    </trkpt>
    <trkpt lat="46.569622027" lon="6.685912379">
      <ele>855.1</ele>
    </trkpt>
    <trkpt lat="46.569621617" lon="6.685908289">
      <ele>855.2</ele>
    </trkpt>
    <trkpt lat="46.569621322" lon="6.685904252">
      <ele>855.3</ele>
    </trkpt>
    <trkpt lat="46.569621168" lon="6.685900222">
      <ele>855.3</ele>
    </trkpt>
    <trkpt lat="46.569621158" lon="6.685896146">
      <ele>855.3</ele>
    </trkpt>
    <trkpt lat="46.569621274" lon="6.685891968">
      <ele>855.4</ele>
    </trkpt>
    <trkpt lat="46.569621487" lon="6.685887649">
      <ele>855.4</ele>
    </trkpt>
    <trkpt lat="46.569621768" lon="6.685883180">
      <ele>855.4</ele>
    </trkpt>
    <trkpt lat="46.569622092" lon="6.685878561">
      <ele>855.5</ele>
    </trkpt>
    <trkpt lat="46.569622445" lon="6.685873811">
      <ele>855.5</ele>
    </trkpt>
    <trkpt lat="46.569622823" lon="6.685868959">
      <ele>855.6</ele>
    </trkpt>
    <trkpt lat="46.569623229" lon="6.685864036">
      <ele>855.7</ele>
    </trkpt>
    <trkpt lat="46.569623670" lon="6.685859063">
      <ele>855.7</ele>
    </trkpt>
    <trkpt lat="46.569624160" lon="6.685854059">
      <ele>855.8</ele>
    </trkpt>
    <trkpt lat="46.569624698" lon="6.685849031">
      <ele>855.8</ele>
    </trkpt>
    <trkpt lat="46.569625290" lon="6.685843978">
      <ele>855.8</ele>
    </trkpt>
    <trkpt lat="46.569625936" lon="6.685838909">
      <ele>855.8</ele>
    </trkpt>
    <trkpt lat="46.569626633" lon="6.685833825">
      <ele>855.8</ele>
    </trkpt>
    <trkpt lat="46.569627375" lon="6.685828736">
      <ele>855.8</ele>
    </trkpt>
    <trkpt lat="46.569628149" lon="6.685823645">
      <ele>855.8</ele>
    </trkpt>
    <trkpt lat="46.569628939" lon="6.685818562">
      <ele>855.8</ele>
    </trkpt>
    <trkpt lat="46.569629729" lon="6.685813488">
      <ele>855.8</ele>
    </trkpt>
    <trkpt lat="46.569630501" lon="6.685808427">
      <ele>855.8</ele>
    </trkpt>
    <trkpt lat="46.569631240" lon="6.685803373">
      <ele>855.8</ele>
    </trkpt>
    <trkpt lat="46.569631933" lon="6.685798319">
      <ele>855.8</ele>
    </trkpt>
    <trkpt lat="46.569632575" lon="6.685793257">
      <ele>855.8</ele>
    </trkpt>
    <trkpt lat="46.569633163" lon="6.685788178">
      <ele>855.9</ele>
    </trkpt>
    <trkpt lat="46.569633703" lon="6.685783078">
      <ele>855.9</ele>
    </trkpt>
    <trkpt lat="46.569634204" lon="6.685777957">
      <ele>855.9</ele>
    </trkpt>
    <trkpt lat="46.569634680" lon="6.685772823">
      <ele>856.0</ele>
    </trkpt>
    <trkpt lat="46.569635144" lon="6.685767685">
      <ele>856.1</ele>
    </trkpt>
    <trkpt lat="46.569635611" lon="6.685762555">
      <ele>856.1</ele>
    </trkpt>
    <trkpt lat="46.569636094" lon="6.685757443">
      <ele>856.2</ele>
    </trkpt>
    <trkpt lat="46.569636603" lon="6.685752359">
      <ele>856.3</ele>
    </trkpt>
    <trkpt lat="46.569637144" lon="6.685747300">
      <ele>856.3</ele>
    </trkpt>
    <trkpt lat="46.569637722" lon="6.685742267">
      <ele>856.4</ele>
    </trkpt>
    <trkpt lat="46.569638335" lon="6.685737248">
      <ele>856.5</ele>
    </trkpt>
    <trkpt lat="46.569638981" lon="6.685732238">
      <ele>856.5</ele>
    </trkpt>
    <trkpt lat="46.569639654" lon="6.685727226">
      <ele>856.6</ele>
    </trkpt>
    <trkpt lat="46.569640345" lon="6.685722207">
      <ele>856.6</ele>
    </trkpt>
    <trkpt lat="46.569641044" lon="6.685717177">
      <ele>856.6</ele>
    </trkpt>
    <trkpt lat="46.569641741" lon="6.685712135">
      <ele>856.6</ele>
    </trkpt>
    <trkpt lat="46.569642424" lon="6.685707085">
      <ele>856.6</ele>
    </trkpt>
    <trkpt lat="46.569643083" lon="6.685702023">
      <ele>856.7</ele>
    </trkpt>
    <trkpt lat="46.569643713" lon="6.685696951">
      <ele>856.7</ele>
    </trkpt>
    <trkpt lat="46.569644307" lon="6.685691866">
      <ele>856.7</ele>
    </trkpt>
    <trkpt lat="46.569644866" lon="6.685686767">
      <ele>856.7</ele>
    </trkpt>
    <trkpt lat="46.569645392" lon="6.685681652">
      <ele>856.7</ele>
    </trkpt>
    <trkpt lat="46.569645891" lon="6.685676526">
      <ele>856.8</ele>
    </trkpt>
    <trkpt lat="46.569646375" lon="6.685671390">
      <ele>856.8</ele>
    </trkpt>
    <trkpt lat="46.569646852" lon="6.685666252">
      <ele>856.8</ele>
    </trkpt>
    <trkpt lat="46.569647337" lon="6.685661125">
      <ele>856.8</ele>
    </trkpt>
    <trkpt lat="46.569647840" lon="6.685656016">
      <ele>856.9</ele>
    </trkpt>
    <trkpt lat="46.569648369" lon="6.685650938">
      <ele>856.9</ele>
    </trkpt>
    <trkpt lat="46.569648930" lon="6.685645895">
      <ele>856.9</ele>
    </trkpt>
    <trkpt lat="46.569649525" lon="6.685640890">
      <ele>856.9</ele>
    </trkpt>
    <trkpt lat="46.569650152" lon="6.685635923">
      <ele>856.9</ele>
    </trkpt>
    <trkpt lat="46.569650805" lon="6.685630991">
      <ele>856.9</ele>
    </trkpt>
    <trkpt lat="46.569651475" lon="6.685626086">
      <ele>856.8</ele>
    </trkpt>
    <trkpt lat="46.569652155" lon="6.685621201">
      <ele>856.8</ele>
    </trkpt>
    <trkpt lat="46.569652836" lon="6.685616327">
      <ele>856.8</ele>
    </trkpt>
    <trkpt lat="46.569653511" lon="6.685611457">
      <ele>856.8</ele>
    </trkpt>
    <trkpt lat="46.569654171" lon="6.685606588">
      <ele>856.7</ele>
    </trkpt>
    <trkpt lat="46.569654808" lon="6.685601722">
      <ele>856.7</ele>
    </trkpt>
    <trkpt lat="46.569655413" lon="6.685596865">
      <ele>856.7</ele>
    </trkpt>
    <trkpt lat="46.569655980" lon="6.685592022">
      <ele>856.7</ele>
    </trkpt>
    <trkpt lat="46.569656504" lon="6.685587194">
      <ele>856.7</ele>
    </trkpt>
    <trkpt lat="46.569656986" lon="6.685582381">
      <ele>856.7</ele>
    </trkpt>
    <trkpt lat="46.569657432" lon="6.685577580">
      <ele>856.7</ele>
    </trkpt>
    <trkpt lat="46.569657857" lon="6.685572774">
      <ele>856.7</ele>
    </trkpt>
    <trkpt lat="46.569658284" lon="6.685567953">
      <ele>856.7</ele>
    </trkpt>
    <trkpt lat="46.569658737" lon="6.685563104">
      <ele>856.8</ele>
    </trkpt>
    <trkpt lat="46.569659242" lon="6.685558220">
      <ele>856.8</ele>
    </trkpt>
    <trkpt lat="46.569659824" lon="6.685553310">
      <ele>856.8</ele>
    </trkpt>
    <trkpt lat="46.569660501" lon="6.685548389">
      <ele>856.8</ele>
    </trkpt>
    <trkpt lat="46.569661287" lon="6.685543473">
      <ele>856.8</ele>
    </trkpt>
    <trkpt lat="46.569662186" lon="6.685538585">
      <ele>856.8</ele>
    </trkpt>
    <trkpt lat="46.569663196" lon="6.685533741">
      <ele>856.8</ele>
    </trkpt>
    <trkpt lat="46.569664308" lon="6.685528949">
      <ele>856.8</ele>
    </trkpt>
    <trkpt lat="46.569665504" lon="6.685524210">
      <ele>856.7</ele>
    </trkpt>
    <trkpt lat="46.569666761" lon="6.685519507">
      <ele>856.7</ele>
    </trkpt>
    <trkpt lat="46.569668044" lon="6.685514826">
      <ele>856.6</ele>
    </trkpt>
    <trkpt lat="46.569669322" lon="6.685510140">
      <ele>856.5</ele>
    </trkpt>
    <trkpt lat="46.569670561" lon="6.685505435">
      <ele>856.4</ele>
    </trkpt>
    <trkpt lat="46.569671733" lon="6.685500700">
      <ele>856.3</ele>
    </trkpt>
    <trkpt lat="46.569672823" lon="6.685495929">
      <ele>856.3</ele>
    </trkpt>
    <trkpt lat="46.569673826" lon="6.685491129">
      <ele>856.2</ele>
    </trkpt>
    <trkpt lat="46.569674750" lon="6.685486302">
      <ele>856.1</ele>
    </trkpt>
    <trkpt lat="46.569675611" lon="6.685481465">
      <ele>856.1</ele>
    </trkpt>
    <trkpt lat="46.569676428" lon="6.685476621">
      <ele>856.1</ele>
    </trkpt>
    <trkpt lat="46.569677221" lon="6.685471780">
      <ele>856.0</ele>
    </trkpt>
    <trkpt lat="46.569678003" lon="6.685466943">
      <ele>856.0</ele>
    </trkpt>
    <trkpt lat="46.569678784" lon="6.685462108">
      <ele>856.0</ele>
    </trkpt>
    <trkpt lat="46.569679569" lon="6.685457270">
      <ele>856.0</ele>
    </trkpt>
    <trkpt lat="46.569680360" lon="6.685452426">
      <ele>856.0</ele>
    </trkpt>
    <trkpt lat="46.569681158" lon="6.685447569">
      <ele>856.0</ele>
    </trkpt>
    <trkpt lat="46.569681968" lon="6.685442699">
      <ele>856.0</ele>
    </trkpt>
    <trkpt lat="46.569682794" lon="6.685437812">
      <ele>856.0</ele>
    </trkpt>
    <trkpt lat="46.569683642" lon="6.685432904">
      <ele>856.0</ele>
    </trkpt>
    <trkpt lat="46.569684515" lon="6.685427979">
      <ele>856.0</ele>
    </trkpt>
    <trkpt lat="46.569685415" lon="6.685423039">
      <ele>856.0</ele>
    </trkpt>
    <trkpt lat="46.569686341" lon="6.685418085">
      <ele>856.0</ele>
    </trkpt>
    <trkpt lat="46.569687287" lon="6.685413121">
      <ele>856.0</ele>
    </trkpt>
    <trkpt lat="46.569688248" lon="6.685408147">
      <ele>856.0</ele>
    </trkpt>
    <trkpt lat="46.569689213" lon="6.685403161">
      <ele>856.1</ele>
    </trkpt>
    <trkpt lat="46.569690177" lon="6.685398166">
      <ele>856.1</ele>
    </trkpt>
    <trkpt lat="46.569691135" lon="6.685393158">
      <ele>856.1</ele>
    </trkpt>
    <trkpt lat="46.569692083" lon="6.685388133">
      <ele>856.1</ele>
    </trkpt>
    <trkpt lat="46.569693020" lon="6.685383092">
      <ele>856.1</ele>
    </trkpt>
    <trkpt lat="46.569693955" lon="6.685378036">
      <ele>856.1</ele>
    </trkpt>
    <trkpt lat="46.569694888" lon="6.685372975">
      <ele>856.1</ele>
    </trkpt>
    <trkpt lat="46.569695826" lon="6.685367914">
      <ele>856.1</ele>
    </trkpt>
    <trkpt lat="46.569696780" lon="6.685362865">
      <ele>856.1</ele>
    </trkpt>
    <trkpt lat="46.569697763" lon="6.685357833">
      <ele>856.2</ele>
    </trkpt>
    <trkpt lat="46.569698791" lon="6.685352833">
      <ele>856.2</ele>
    </trkpt>
    <trkpt lat="46.569699884" lon="6.685347863">
      <ele>856.2</ele>
    </trkpt>
    <trkpt lat="46.569701056" lon="6.685342927">
      <ele>856.3</ele>
    </trkpt>
    <trkpt lat="46.569702319" lon="6.685338015">
      <ele>856.4</ele>
    </trkpt>
    <trkpt lat="46.569703659" lon="6.685333123">
      <ele>856.5</ele>
    </trkpt>
    <trkpt lat="46.569705056" lon="6.685328240">
      <ele>856.6</ele>
    </trkpt>
    <trkpt lat="46.569706464" lon="6.685323358">
      <ele>856.7</ele>
    </trkpt>
    <trkpt lat="46.569707826" lon="6.685318469">
      <ele>856.9</ele>
    </trkpt>
    <trkpt lat="46.569709069" lon="6.685313568">
      <ele>857.0</ele>
    </trkpt>
    <trkpt lat="46.569710124" lon="6.685308649">
      <ele>857.1</ele>
    </trkpt>
    <trkpt lat="46.569710931" lon="6.685303704">
      <ele>857.2</ele>
    </trkpt>
    <trkpt lat="46.569711450" lon="6.685298731">
      <ele>857.3</ele>
    </trkpt>
    <trkpt lat="46.569711669" lon="6.685293717">
      <ele>857.4</ele>
    </trkpt>
    <trkpt lat="46.569711603" lon="6.685288663">
      <ele>857.4</ele>
    </trkpt>
    <trkpt lat="46.569711301" lon="6.685283562">
      <ele>857.4</ele>
    </trkpt>
    <trkpt lat="46.569710830" lon="6.685278420">
      <ele>857.3</ele>
    </trkpt>
    <trkpt lat="46.569710275" lon="6.685273241">
      <ele>857.3</ele>
    </trkpt>
    <trkpt lat="46.569709723" lon="6.685268036">
      <ele>857.3</ele>
    </trkpt>
    <trkpt lat="46.569709252" lon="6.685262821">
      <ele>857.2</ele>
    </trkpt>
    <trkpt lat="46.569708922" lon="6.685257606">
      <ele>857.2</ele>
    </trkpt>
    <trkpt lat="46.569708762" lon="6.685252405">
      <ele>857.2</ele>
    </trkpt>
    <trkpt lat="46.569708788" lon="6.685247223">
      <ele>857.1</ele>
    </trkpt>
    <trkpt lat="46.569708985" lon="6.685242069">
      <ele>857.2</ele>
    </trkpt>
    <trkpt lat="46.569709327" lon="6.685236944">
      <ele>857.2</ele>
    </trkpt>
    <trkpt lat="46.569709783" lon="6.685231844">
      <ele>857.2</ele>
    </trkpt>
    <trkpt lat="46.569710324" lon="6.685226762">
      <ele>857.3</ele>
    </trkpt>
    <trkpt lat="46.569710924" lon="6.685221696">
      <ele>857.3</ele>
    </trkpt>
    <trkpt lat="46.569711571" lon="6.685216640">
      <ele>857.4</ele>
    </trkpt>
    <trkpt lat="46.569712257" lon="6.685211589">
      <ele>857.6</ele>
    </trkpt>
    <trkpt lat="46.569712984" lon="6.685206536">
      <ele>857.7</ele>
    </trkpt>
    <trkpt lat="46.569713747" lon="6.685201480">
      <ele>857.8</ele>
    </trkpt>
    <trkpt lat="46.569714548" lon="6.685196425">
      <ele>858.0</ele>
    </trkpt>
    <trkpt lat="46.569715390" lon="6.685191376">
      <ele>858.1</ele>
    </trkpt>
    <trkpt lat="46.569716276" lon="6.685186345">
      <ele>858.3</ele>
    </trkpt>
    <trkpt lat="46.569717207" lon="6.685181348">
      <ele>858.4</ele>
    </trkpt>
    <trkpt lat="46.569718188" lon="6.685176404">
      <ele>858.5</ele>
    </trkpt>
    <trkpt lat="46.569719225" lon="6.685171530">
      <ele>858.5</ele>
    </trkpt>
    <trkpt lat="46.569720324" lon="6.685166743">
      <ele>858.5</ele>
    </trkpt>
    <trkpt lat="46.569721491" lon="6.685162047">
      <ele>858.5</ele>
    </trkpt>
    <trkpt lat="46.569722725" lon="6.685157442">
      <ele>858.5</ele>
    </trkpt>
    <trkpt lat="46.569724015" lon="6.685152912">
      <ele>858.4</ele>
    </trkpt>
    <trkpt lat="46.569725347" lon="6.685148436">
      <ele>858.3</ele>
    </trkpt>
    <trkpt lat="46.569726699" lon="6.685143985">
      <ele>858.3</ele>
    </trkpt>
    <trkpt lat="46.569728045" lon="6.685139529">
      <ele>858.2</ele>
    </trkpt>
    <trkpt lat="46.569729359" lon="6.685135045">
      <ele>858.0</ele>
    </trkpt>
    <trkpt lat="46.569730625" lon="6.685130513">
      <ele>857.9</ele>
    </trkpt>
    <trkpt lat="46.569731831" lon="6.685125924">
      <ele>857.9</ele>
    </trkpt>
    <trkpt lat="46.569732978" lon="6.685121271">
      <ele>857.8</ele>
    </trkpt>
    <trkpt lat="46.569734072" lon="6.685116561">
      <ele>857.7</ele>
    </trkpt>
    <trkpt lat="46.569735127" lon="6.685111808">
      <ele>857.6</ele>
    </trkpt>
    <trkpt lat="46.569736157" lon="6.685107018">
      <ele>857.6</ele>
    </trkpt>
    <trkpt lat="46.569737177" lon="6.685102206">
      <ele>857.6</ele>
    </trkpt>
    <trkpt lat="46.569738198" lon="6.685097384">
      <ele>857.6</ele>
    </trkpt>
    <trkpt lat="46.569739240" lon="6.685092560">
      <ele>857.6</ele>
    </trkpt>
    <trkpt lat="46.569740308" lon="6.685087744">
      <ele>857.6</ele>
    </trkpt>
    <trkpt lat="46.569741410" lon="6.685082933">
      <ele>857.6</ele>
    </trkpt>
    <trkpt lat="46.569742555" lon="6.685078128">
      <ele>857.6</ele>
    </trkpt>
    <trkpt lat="46.569743755" lon="6.685073324">
      <ele>857.7</ele>
    </trkpt>
    <trkpt lat="46.569745018" lon="6.685068516">
      <ele>857.7</ele>
    </trkpt>
    <trkpt lat="46.569746363" lon="6.685063706">
      <ele>857.8</ele>
    </trkpt>
    <trkpt lat="46.569747797" lon="6.685058901">
      <ele>857.8</ele>
    </trkpt>
    <trkpt lat="46.569749321" lon="6.685054106">
      <ele>857.8</ele>
    </trkpt>
    <trkpt lat="46.569750916" lon="6.685049331">
      <ele>857.9</ele>
    </trkpt>
    <trkpt lat="46.569752538" lon="6.685044576">
      <ele>857.9</ele>
    </trkpt>
    <trkpt lat="46.569754127" lon="6.685039839">
      <ele>858.0</ele>
    </trkpt>
    <trkpt lat="46.569755611" lon="6.685035105">
      <ele>858.0</ele>
    </trkpt>
    <trkpt lat="46.569756921" lon="6.685030361">
      <ele>858.0</ele>
    </trkpt>
    <trkpt lat="46.569758004" lon="6.685025587">
      <ele>858.0</ele>
    </trkpt>
    <trkpt lat="46.569758841" lon="6.685020768">
      <ele>858.0</ele>
    </trkpt>
    <trkpt lat="46.569759447" lon="6.685015896">
      <ele>858.0</ele>
    </trkpt>
    <trkpt lat="46.569759864" lon="6.685010976">
      <ele>857.9</ele>
    </trkpt>
    <trkpt lat="46.569760153" lon="6.685006016">
      <ele>857.9</ele>
    </trkpt>
    <trkpt lat="46.569760378" lon="6.685001031">
      <ele>857.9</ele>
    </trkpt>
    <trkpt lat="46.569760590" lon="6.684996034">
      <ele>857.9</ele>
    </trkpt>
    <trkpt lat="46.569760824" lon="6.684991033">
      <ele>857.9</ele>
    </trkpt>
    <trkpt lat="46.569761102" lon="6.684986037">
      <ele>858.0</ele>
    </trkpt>
    <trkpt lat="46.569761434" lon="6.684981046">
      <ele>858.0</ele>
    </trkpt>
    <trkpt lat="46.569761825" lon="6.684976062">
      <ele>858.1</ele>
    </trkpt>
    <trkpt lat="46.569762275" lon="6.684971088">
      <ele>858.2</ele>
    </trkpt>
    <trkpt lat="46.569762800" lon="6.684966119">
      <ele>858.3</ele>
    </trkpt>
    <trkpt lat="46.569763406" lon="6.684961165">
      <ele>858.3</ele>
    </trkpt>
    <trkpt lat="46.569764098" lon="6.684956225">
      <ele>858.4</ele>
    </trkpt>
    <trkpt lat="46.569764878" lon="6.684951305">
      <ele>858.4</ele>
    </trkpt>
    <trkpt lat="46.569765744" lon="6.684946405">
      <ele>858.5</ele>
    </trkpt>
    <trkpt lat="46.569766683" lon="6.684941518">
      <ele>858.5</ele>
    </trkpt>
    <trkpt lat="46.569767681" lon="6.684936643">
      <ele>858.4</ele>
    </trkpt>
    <trkpt lat="46.569768720" lon="6.684931775">
      <ele>858.4</ele>
    </trkpt>
    <trkpt lat="46.569769784" lon="6.684926905">
      <ele>858.4</ele>
    </trkpt>
    <trkpt lat="46.569770858" lon="6.684922027">
      <ele>858.3</ele>
    </trkpt>
    <trkpt lat="46.569771924" lon="6.684917132">
      <ele>858.2</ele>
    </trkpt>
    <trkpt lat="46.569772974" lon="6.684912216">
      <ele>858.2</ele>
    </trkpt>
    <trkpt lat="46.569774001" lon="6.684907273">
      <ele>858.1</ele>
    </trkpt>
    <trkpt lat="46.569775005" lon="6.684902300">
      <ele>858.0</ele>
    </trkpt>
    <trkpt lat="46.569775990" lon="6.684897301">
      <ele>858.0</ele>
    </trkpt>
    <trkpt lat="46.569776963" lon="6.684892277">
      <ele>857.9</ele>
    </trkpt>
    <trkpt lat="46.569777932" lon="6.684887233">
      <ele>857.8</ele>
    </trkpt>
    <trkpt lat="46.569778905" lon="6.684882178">
      <ele>857.7</ele>
    </trkpt>
    <trkpt lat="46.569779885" lon="6.684877118">
      <ele>857.7</ele>
    </trkpt>
    <trkpt lat="46.569780873" lon="6.684872063">
      <ele>857.6</ele>
    </trkpt>
    <trkpt lat="46.569781864" lon="6.684867020">
      <ele>857.5</ele>
    </trkpt>
    <trkpt lat="46.569782849" lon="6.684861994">
      <ele>857.5</ele>
    </trkpt>
    <trkpt lat="46.569783818" lon="6.684856985">
      <ele>857.4</ele>
    </trkpt>
    <trkpt lat="46.569784760" lon="6.684851996">
      <ele>857.4</ele>
    </trkpt>
    <trkpt lat="46.569785669" lon="6.684847019">
      <ele>857.4</ele>
    </trkpt>
    <trkpt lat="46.569786538" lon="6.684842054">
      <ele>857.3</ele>
    </trkpt>
    <trkpt lat="46.569787368" lon="6.684837089">
      <ele>857.3</ele>
    </trkpt>
    <trkpt lat="46.569788163" lon="6.684832123">
      <ele>857.3</ele>
    </trkpt>
    <trkpt lat="46.569788934" lon="6.684827151">
      <ele>857.4</ele>
    </trkpt>
    <trkpt lat="46.569789696" lon="6.684822171">
      <ele>857.4</ele>
    </trkpt>
    <trkpt lat="46.569790465" lon="6.684817189">
      <ele>857.4</ele>
    </trkpt>
    <trkpt lat="46.569791263" lon="6.684812204">
      <ele>857.5</ele>
    </trkpt>
    <trkpt lat="46.569792109" lon="6.684807229">
      <ele>857.5</ele>
    </trkpt>
    <trkpt lat="46.569793026" lon="6.684802267">
      <ele>857.5</ele>
    </trkpt>
    <trkpt lat="46.569794032" lon="6.684797336">
      <ele>857.6</ele>
    </trkpt>
    <trkpt lat="46.569795140" lon="6.684792438">
      <ele>857.6</ele>
    </trkpt>
    <trkpt lat="46.569796356" lon="6.684787589">
      <ele>857.6</ele>
    </trkpt>
    <trkpt lat="46.569797681" lon="6.684782796">
      <ele>857.6</ele>
    </trkpt>
    <trkpt lat="46.569799106" lon="6.684778068">
      <ele>857.6</ele>
    </trkpt>
    <trkpt lat="46.569800620" lon="6.684773405">
      <ele>857.6</ele>
    </trkpt>
    <trkpt lat="46.569802203" lon="6.684768807">
      <ele>857.6</ele>
    </trkpt>
    <trkpt lat="46.569803836" lon="6.684764267">
      <ele>857.7</ele>
    </trkpt>
    <trkpt lat="46.569805500" lon="6.684759775">
      <ele>857.7</ele>
    </trkpt>
    <trkpt lat="46.569807176" lon="6.684755316">
      <ele>857.7</ele>
    </trkpt>
    <trkpt lat="46.569808848" lon="6.684750872">
      <ele>857.7</ele>
    </trkpt>
    <trkpt lat="46.569810505" lon="6.684746438">
      <ele>857.7</ele>
    </trkpt>
    <trkpt lat="46.569812142" lon="6.684742003">
      <ele>857.7</ele>
    </trkpt>
    <trkpt lat="46.569813760" lon="6.684737572">
      <ele>857.7</ele>
    </trkpt>
    <trkpt lat="46.569815367" lon="6.684733150">
      <ele>857.8</ele>
    </trkpt>
    <trkpt lat="46.569816972" lon="6.684728750">
      <ele>857.8</ele>
    </trkpt>
    <trkpt lat="46.569818595" lon="6.684724383">
      <ele>857.8</ele>
    </trkpt>
    <trkpt lat="46.569820250" lon="6.684720064">
      <ele>857.9</ele>
    </trkpt>
    <trkpt lat="46.569821954" lon="6.684715799">
      <ele>857.9</ele>
    </trkpt>
    <trkpt lat="46.569823718" lon="6.684711595">
      <ele>857.9</ele>
    </trkpt>
    <trkpt lat="46.569825549" lon="6.684707449">
      <ele>858.0</ele>
    </trkpt>
    <trkpt lat="46.569827451" lon="6.684703356">
      <ele>858.0</ele>
    </trkpt>
    <trkpt lat="46.569829424" lon="6.684699309">
      <ele>858.0</ele>
    </trkpt>
    <trkpt lat="46.569831465" lon="6.684695296">
      <ele>858.0</ele>
    </trkpt>
    <trkpt lat="46.569833564" lon="6.684691308">
      <ele>858.0</ele>
    </trkpt>
    <trkpt lat="46.569835715" lon="6.684687334">
      <ele>858.0</ele>
    </trkpt>
    <trkpt lat="46.569837909" lon="6.684683371">
      <ele>858.0</ele>
    </trkpt>
    <trkpt lat="46.569840138" lon="6.684679413">
      <ele>858.0</ele>
    </trkpt>
    <trkpt lat="46.569842394" lon="6.684675462">
      <ele>858.0</ele>
    </trkpt>
    <trkpt lat="46.569844671" lon="6.684671519">
      <ele>858.0</ele>
    </trkpt>
    <trkpt lat="46.569846962" lon="6.684667589">
      <ele>858.0</ele>
    </trkpt>
    <trkpt lat="46.569849265" lon="6.684663672">
      <ele>858.0</ele>
    </trkpt>
    <trkpt lat="46.569851581" lon="6.684659769">
      <ele>858.1</ele>
    </trkpt>
    <trkpt lat="46.569853906" lon="6.684655879">
      <ele>858.1</ele>
    </trkpt>
    <trkpt lat="46.569856244" lon="6.684652006">
      <ele>858.1</ele>
    </trkpt>
    <trkpt lat="46.569858599" lon="6.684648149">
      <ele>858.1</ele>
    </trkpt>
    <trkpt lat="46.569860973" lon="6.684644311">
      <ele>858.1</ele>
    </trkpt>
    <trkpt lat="46.569863369" lon="6.684640497">
      <ele>858.1</ele>
    </trkpt>
    <trkpt lat="46.569865789" lon="6.684636718">
      <ele>858.1</ele>
    </trkpt>
    <trkpt lat="46.569868235" lon="6.684632975">
      <ele>858.2</ele>
    </trkpt>
    <trkpt lat="46.569870706" lon="6.684629271">
      <ele>858.2</ele>
    </trkpt>
    <trkpt lat="46.569873193" lon="6.684625602">
      <ele>858.2</ele>
    </trkpt>
    <trkpt lat="46.569875694" lon="6.684621955">
      <ele>858.2</ele>
    </trkpt>
    <trkpt lat="46.569878199" lon="6.684618320">
      <ele>858.2</ele>
    </trkpt>
    <trkpt lat="46.569880706" lon="6.684614682">
      <ele>858.2</ele>
    </trkpt>
    <trkpt lat="46.569883207" lon="6.684611033">
      <ele>858.2</ele>
    </trkpt>
    <trkpt lat="46.569885700" lon="6.684607364">
      <ele>858.2</ele>
    </trkpt>
    <trkpt lat="46.569888182" lon="6.684603680">
      <ele>858.1</ele>
    </trkpt>
    <trkpt lat="46.569890650" lon="6.684599981">
      <ele>858.1</ele>
    </trkpt>
    <trkpt lat="46.569893107" lon="6.684596268">
      <ele>858.1</ele>
    </trkpt>
    <trkpt lat="46.569895549" lon="6.684592540">
      <ele>858.0</ele>
    </trkpt>
    <trkpt lat="46.569897976" lon="6.684588794">
      <ele>858.0</ele>
    </trkpt>
    <trkpt lat="46.569900386" lon="6.684585023">
      <ele>857.9</ele>
    </trkpt>
    <trkpt lat="46.569902779" lon="6.684581219">
      <ele>857.9</ele>
    </trkpt>
    <trkpt lat="46.569905158" lon="6.684577379">
      <ele>857.9</ele>
    </trkpt>
    <trkpt lat="46.569907524" lon="6.684573509">
      <ele>857.8</ele>
    </trkpt>
    <trkpt lat="46.569909885" lon="6.684569613">
      <ele>857.8</ele>
    </trkpt>
    <trkpt lat="46.569912244" lon="6.684565708">
      <ele>857.8</ele>
    </trkpt>
    <trkpt lat="46.569914613" lon="6.684561806">
      <ele>857.8</ele>
    </trkpt>
    <trkpt lat="46.569916997" lon="6.684557923">
      <ele>857.7</ele>
    </trkpt>
    <trkpt lat="46.569919401" lon="6.684554071">
      <ele>857.7</ele>
    </trkpt>
    <trkpt lat="46.569921831" lon="6.684550257">
      <ele>857.7</ele>
    </trkpt>
    <trkpt lat="46.569924288" lon="6.684546487">
      <ele>857.7</ele>
    </trkpt>
    <trkpt lat="46.569926769" lon="6.684542759">
      <ele>857.7</ele>
    </trkpt>
    <trkpt lat="46.569929276" lon="6.684539070">
      <ele>857.6</ele>
    </trkpt>
    <trkpt lat="46.569931804" lon="6.684535418">
      <ele>857.6</ele>
    </trkpt>
    <trkpt lat="46.569934353" lon="6.684531797">
      <ele>857.6</ele>
    </trkpt>
    <trkpt lat="46.569936922" lon="6.684528198">
      <ele>857.5</ele>
    </trkpt>
    <trkpt lat="46.569939510" lon="6.684524614">
      <ele>857.5</ele>
    </trkpt>
    <trkpt lat="46.569942117" lon="6.684521038">
      <ele>857.5</ele>
    </trkpt>
    <trkpt lat="46.569944738" lon="6.684517468">
      <ele>857.5</ele>
    </trkpt>
    <trkpt lat="46.569947373" lon="6.684513901">
      <ele>857.5</ele>
    </trkpt>
    <trkpt lat="46.569950017" lon="6.684510339">
      <ele>857.5</ele>
    </trkpt>
    <trkpt lat="46.569952666" lon="6.684506789">
      <ele>857.5</ele>
    </trkpt>
    <trkpt lat="46.569955317" lon="6.684503263">
      <ele>857.5</ele>
    </trkpt>
    <trkpt lat="46.569957971" lon="6.684499770">
      <ele>857.5</ele>
    </trkpt>
    <trkpt lat="46.569960630" lon="6.684496325">
      <ele>857.5</ele>
    </trkpt>
    <trkpt lat="46.569963300" lon="6.684492938">
      <ele>857.5</ele>
    </trkpt>
    <trkpt lat="46.569965987" lon="6.684489622">
      <ele>857.5</ele>
    </trkpt>
    <trkpt lat="46.569968700" lon="6.684486378">
      <ele>857.4</ele>
    </trkpt>
    <trkpt lat="46.569971444" lon="6.684483205">
      <ele>857.4</ele>
    </trkpt>
    <trkpt lat="46.569974222" lon="6.684480098">
      <ele>857.4</ele>
    </trkpt>
    <trkpt lat="46.569977035" lon="6.684477045">
      <ele>857.4</ele>
    </trkpt>
    <trkpt lat="46.569979877" lon="6.684474031">
      <ele>857.4</ele>
    </trkpt>
    <trkpt lat="46.569982741" lon="6.684471041">
      <ele>857.4</ele>
    </trkpt>
    <trkpt lat="46.569985618" lon="6.684468065">
      <ele>857.4</ele>
    </trkpt>
    <trkpt lat="46.569988496" lon="6.684465090">
      <ele>857.4</ele>
    </trkpt>
    <trkpt lat="46.569991362" lon="6.684462109">
      <ele>857.4</ele>
    </trkpt>
    <trkpt lat="46.569994201" lon="6.684459113">
      <ele>857.4</ele>
    </trkpt>
    <trkpt lat="46.569996997" lon="6.684456093">
      <ele>857.5</ele>
    </trkpt>
    <trkpt lat="46.569999739" lon="6.684453045">
      <ele>857.5</ele>
    </trkpt>
    <trkpt lat="46.570002421" lon="6.684449970">
      <ele>857.5</ele>
    </trkpt>
    <trkpt lat="46.570005043" lon="6.684446880">
      <ele>857.5</ele>
    </trkpt>
    <trkpt lat="46.570007619" lon="6.684443793">
      <ele>857.4</ele>
    </trkpt>
    <trkpt lat="46.570010171" lon="6.684440736">
      <ele>857.4</ele>
    </trkpt>
    <trkpt lat="46.570012729" lon="6.684437743">
      <ele>857.3</ele>
    </trkpt>
    <trkpt lat="46.570015324" lon="6.684434849">
      <ele>857.3</ele>
    </trkpt>
    <trkpt lat="46.570017983" lon="6.684432083">
      <ele>857.2</ele>
    </trkpt>
    <trkpt lat="46.570020726" lon="6.684429458">
      <ele>857.1</ele>
    </trkpt>
    <trkpt lat="46.570023560" lon="6.684426978">
      <ele>857.0</ele>
    </trkpt>
    <trkpt lat="46.570026482" lon="6.684424626">
      <ele>857.0</ele>
    </trkpt>
    <trkpt lat="46.570029480" lon="6.684422379">
      <ele>856.9</ele>
    </trkpt>
    <trkpt lat="46.570032542" lon="6.684420210">
      <ele>856.9</ele>
    </trkpt>
    <trkpt lat="46.570035652" lon="6.684418089">
      <ele>856.8</ele>
    </trkpt>
    <trkpt lat="46.570038800" lon="6.684415994">
      <ele>856.8</ele>
    </trkpt>
    <trkpt lat="46.570041975" lon="6.684413911">
      <ele>856.8</ele>
    </trkpt>
    <trkpt lat="46.570045171" lon="6.684411835">
      <ele>856.8</ele>
    </trkpt>
    <trkpt lat="46.570048383" lon="6.684409768">
      <ele>856.8</ele>
    </trkpt>
    <trkpt lat="46.570051609" lon="6.684407717">
      <ele>856.8</ele>
    </trkpt>
    <trkpt lat="46.570054845" lon="6.684405687">
      <ele>856.8</ele>
    </trkpt>
    <trkpt lat="46.570058090" lon="6.684403683">
      <ele>856.8</ele>
    </trkpt>
    <trkpt lat="46.570061344" lon="6.684401707">
      <ele>856.8</ele>
    </trkpt>
    <trkpt lat="46.570064607" lon="6.684399760">
      <ele>856.8</ele>
    </trkpt>
    <trkpt lat="46.570067883" lon="6.684397842">
      <ele>856.9</ele>
    </trkpt>
    <trkpt lat="46.570071174" lon="6.684395957">
      <ele>856.9</ele>
    </trkpt>
    <trkpt lat="46.570074481" lon="6.684394109">
      <ele>856.9</ele>
    </trkpt>
    <trkpt lat="46.570077805" lon="6.684392307">
      <ele>857.0</ele>
    </trkpt>
    <trkpt lat="46.570081145" lon="6.684390556">
      <ele>857.0</ele>
    </trkpt>
    <trkpt lat="46.570084499" lon="6.684388859">
      <ele>857.0</ele>
    </trkpt>
    <trkpt lat="46.570087865" lon="6.684387218">
      <ele>857.0</ele>
    </trkpt>
    <trkpt lat="46.570091242" lon="6.684385627">
      <ele>857.0</ele>
    </trkpt>
    <trkpt lat="46.570094625" lon="6.684384077">
      <ele>857.0</ele>
    </trkpt>
    <trkpt lat="46.570098018" lon="6.684382558">
      <ele>857.0</ele>
    </trkpt>
    <trkpt lat="46.570101419" lon="6.684381066">
      <ele>856.9</ele>
    </trkpt>
    <trkpt lat="46.570104827" lon="6.684379597">
      <ele>856.9</ele>
    </trkpt>
    <trkpt lat="46.570108243" lon="6.684378155">
      <ele>856.9</ele>
    </trkpt>
    <trkpt lat="46.570111667" lon="6.684376744">
      <ele>856.9</ele>
    </trkpt>
    <trkpt lat="46.570115097" lon="6.684375372">
      <ele>856.9</ele>
    </trkpt>
    <trkpt lat="46.570118531" lon="6.684374048">
      <ele>856.9</ele>
    </trkpt>
    <trkpt lat="46.570121970" lon="6.684372781">
      <ele>856.9</ele>
    </trkpt>
    <trkpt lat="46.570125413" lon="6.684371579">
      <ele>856.9</ele>
    </trkpt>
    <trkpt lat="46.570128861" lon="6.684370454">
      <ele>856.9</ele>
    </trkpt>
    <trkpt lat="46.570132317" lon="6.684369430">
      <ele>856.9</ele>
    </trkpt>
    <trkpt lat="46.570135783" lon="6.684368522">
      <ele>856.9</ele>
    </trkpt>
    <trkpt lat="46.570139262" lon="6.684367748">
      <ele>857.0</ele>
    </trkpt>
    <trkpt lat="46.570142755" lon="6.684367121">
      <ele>857.1</ele>
    </trkpt>
    <trkpt lat="46.570146266" lon="6.684366663">
      <ele>857.1</ele>
    </trkpt>
    <trkpt lat="46.570149792" lon="6.684366401">
      <ele>857.3</ele>
    </trkpt>
    <trkpt lat="46.570153332" lon="6.684366339">
      <ele>857.4</ele>
    </trkpt>
    <trkpt lat="46.570156877" lon="6.684366483">
      <ele>857.6</ele>
    </trkpt>
    <trkpt lat="46.570160422" lon="6.684366825">
      <ele>857.9</ele>
    </trkpt>
    <trkpt lat="46.570163953" lon="6.684367348">
      <ele>858.1</ele>
    </trkpt>
    <trkpt lat="46.570167459" lon="6.684368025">
      <ele>858.4</ele>
    </trkpt>
    <trkpt lat="46.570170927" lon="6.684368822">
      <ele>858.7</ele>
    </trkpt>
    <trkpt lat="46.570174356" lon="6.684369709">
      <ele>859.1</ele>
    </trkpt>
    <trkpt lat="46.570177739" lon="6.684370662">
      <ele>859.4</ele>
    </trkpt>
    <trkpt lat="46.570181083" lon="6.684371672">
      <ele>859.7</ele>
    </trkpt>
    <trkpt lat="46.570184395" lon="6.684372736">
      <ele>860.0</ele>
    </trkpt>
    <trkpt lat="46.570187682" lon="6.684373857">
      <ele>860.3</ele>
    </trkpt>
    <trkpt lat="46.570190956" lon="6.684375034">
      <ele>860.5</ele>
    </trkpt>
    <trkpt lat="46.570194223" lon="6.684376257">
      <ele>860.8</ele>
    </trkpt>
    <trkpt lat="46.570197490" lon="6.684377508">
      <ele>861.1</ele>
    </trkpt>
    <trkpt lat="46.570200763" lon="6.684378767">
      <ele>861.3</ele>
    </trkpt>
    <trkpt lat="46.570204047" lon="6.684380013">
      <ele>861.5</ele>
    </trkpt>
    <trkpt lat="46.570207344" lon="6.684381237">
      <ele>861.7</ele>
    </trkpt>
    <trkpt lat="46.570210658" lon="6.684382439">
      <ele>861.9</ele>
    </trkpt>
    <trkpt lat="46.570213986" lon="6.684383626">
      <ele>862.0</ele>
    </trkpt>
    <trkpt lat="46.570217327" lon="6.684384813">
      <ele>862.1</ele>
    </trkpt>
    <trkpt lat="46.570220674" lon="6.684386028">
      <ele>862.1</ele>
    </trkpt>
    <trkpt lat="46.570224016" lon="6.684387293">
      <ele>862.2</ele>
    </trkpt>
    <trkpt lat="46.570227345" lon="6.684388634">
      <ele>862.1</ele>
    </trkpt>
    <trkpt lat="46.570230649" lon="6.684390065">
      <ele>862.1</ele>
    </trkpt>
    <trkpt lat="46.570233922" lon="6.684391603">
      <ele>862.1</ele>
    </trkpt>
    <trkpt lat="46.570237158" lon="6.684393271">
      <ele>862.0</ele>
    </trkpt>
    <trkpt lat="46.570240355" lon="6.684395077">
      <ele>861.9</ele>
    </trkpt>
    <trkpt lat="46.570243511" lon="6.684397019">
      <ele>861.9</ele>
    </trkpt>
    <trkpt lat="46.570246627" lon="6.684399086">
      <ele>861.8</ele>
    </trkpt>
    <trkpt lat="46.570249707" lon="6.684401260">
      <ele>861.7</ele>
    </trkpt>
    <trkpt lat="46.570252759" lon="6.684403517">
      <ele>861.7</ele>
    </trkpt>
    <trkpt lat="46.570255789" lon="6.684405824">
      <ele>861.6</ele>
    </trkpt>
    <trkpt lat="46.570258813" lon="6.684408153">
      <ele>861.6</ele>
    </trkpt>
    <trkpt lat="46.570261841" lon="6.684410473">
      <ele>861.5</ele>
    </trkpt>
    <trkpt lat="46.570264884" lon="6.684412761">
      <ele>861.5</ele>
    </trkpt>
    <trkpt lat="46.570267954" lon="6.684415004">
      <ele>861.4</ele>
    </trkpt>
    <trkpt lat="46.570271053" lon="6.684417193">
      <ele>861.4</ele>
    </trkpt>
    <trkpt lat="46.570274181" lon="6.684419328">
      <ele>861.3</ele>
    </trkpt>
    <trkpt lat="46.570277331" lon="6.684421418">
      <ele>861.3</ele>
    </trkpt>
    <trkpt lat="46.570280497" lon="6.684423479">
      <ele>861.2</ele>
    </trkpt>
    <trkpt lat="46.570283672" lon="6.684425527">
      <ele>861.2</ele>
    </trkpt>
    <trkpt lat="46.570286852" lon="6.684427578">
      <ele>861.2</ele>
    </trkpt>
    <trkpt lat="46.570290034" lon="6.684429648">
      <ele>861.1</ele>
    </trkpt>
    <trkpt lat="46.570293219" lon="6.684431751">
      <ele>861.1</ele>
    </trkpt>
    <trkpt lat="46.570296406" lon="6.684433893">
      <ele>861.1</ele>
    </trkpt>
    <trkpt lat="46.570299595" lon="6.684436078">
      <ele>861.1</ele>
    </trkpt>
    <trkpt lat="46.570302784" lon="6.684438312">
      <ele>861.0</ele>
    </trkpt>
    <trkpt lat="46.570305967" lon="6.684440595">
      <ele>861.0</ele>
    </trkpt>
    <trkpt lat="46.570309138" lon="6.684442932">
      <ele>861.0</ele>
    </trkpt>
    <trkpt lat="46.570312289" lon="6.684445324">
      <ele>860.9</ele>
    </trkpt>
    <trkpt lat="46.570315411" lon="6.684447768">
      <ele>860.9</ele>
    </trkpt>
    <trkpt lat="46.570318501" lon="6.684450265">
      <ele>860.8</ele>
    </trkpt>
    <trkpt lat="46.570321552" lon="6.684452814">
      <ele>860.8</ele>
    </trkpt>
    <trkpt lat="46.570324564" lon="6.684455413">
      <ele>860.7</ele>
    </trkpt>
    <trkpt lat="46.570327538" lon="6.684458065">
      <ele>860.6</ele>
    </trkpt>
    <trkpt lat="46.570330474" lon="6.684460771">
      <ele>860.5</ele>
    </trkpt>
    <trkpt lat="46.570333377" lon="6.684463537">
      <ele>860.4</ele>
    </trkpt>
    <trkpt lat="46.570336252" lon="6.684466365">
      <ele>860.2</ele>
    </trkpt>
    <trkpt lat="46.570339107" lon="6.684469251">
      <ele>860.1</ele>
    </trkpt>
    <trkpt lat="46.570341948" lon="6.684472186">
      <ele>860.0</ele>
    </trkpt>
    <trkpt lat="46.570344786" lon="6.684475155">
      <ele>859.9</ele>
    </trkpt>
    <trkpt lat="46.570347632" lon="6.684478129">
      <ele>859.9</ele>
    </trkpt>
    <trkpt lat="46.570350496" lon="6.684481071">
      <ele>859.8</ele>
    </trkpt>
    <trkpt lat="46.570353396" lon="6.684483943">
      <ele>859.7</ele>
    </trkpt>
    <trkpt lat="46.570356346" lon="6.684486708">
      <ele>859.6</ele>
    </trkpt>
    <trkpt lat="46.570359359" lon="6.684489334">
      <ele>859.6</ele>
    </trkpt>
    <trkpt lat="46.570362444" lon="6.684491810">
      <ele>859.5</ele>
    </trkpt>
    <trkpt lat="46.570365603" lon="6.684494142">
      <ele>859.4</ele>
    </trkpt>
    <trkpt lat="46.570368830" lon="6.684496360">
      <ele>859.3</ele>
    </trkpt>
    <trkpt lat="46.570372106" lon="6.684498516">
      <ele>859.2</ele>
    </trkpt>
    <trkpt lat="46.570375404" lon="6.684500670">
      <ele>859.0</ele>
    </trkpt>
    <trkpt lat="46.570378694" lon="6.684502882">
      <ele>858.9</ele>
    </trkpt>
    <trkpt lat="46.570381945" lon="6.684505202">
      <ele>858.8</ele>
    </trkpt>
    <trkpt lat="46.570385130" lon="6.684507657">
      <ele>858.7</ele>
    </trkpt>
    <trkpt lat="46.570388234" lon="6.684510265">
      <ele>858.5</ele>
    </trkpt>
    <trkpt lat="46.570391249" lon="6.684513007">
      <ele>858.4</ele>
    </trkpt>
    <trkpt lat="46.570394183" lon="6.684515856">
      <ele>858.3</ele>
    </trkpt>
    <trkpt lat="46.570397041" lon="6.684518784">
      <ele>858.2</ele>
    </trkpt>
    <trkpt lat="46.570399834" lon="6.684521770">
      <ele>858.1</ele>
    </trkpt>
    <trkpt lat="46.570402571" lon="6.684524801">
      <ele>858.0</ele>
    </trkpt>
    <trkpt lat="46.570405259" lon="6.684527872">
      <ele>858.0</ele>
    </trkpt>
    <trkpt lat="46.570407909" lon="6.684530985">
      <ele>857.9</ele>
    </trkpt>
    <trkpt lat="46.570410531" lon="6.684534143">
      <ele>857.9</ele>
    </trkpt>
    <trkpt lat="46.570413138" lon="6.684537336">
      <ele>857.9</ele>
    </trkpt>
    <trkpt lat="46.570415753" lon="6.684540545">
      <ele>857.9</ele>
    </trkpt>
    <trkpt lat="46.570418395" lon="6.684543738">
      <ele>857.9</ele>
    </trkpt>
    <trkpt lat="46.570421082" lon="6.684546887">
      <ele>857.9</ele>
    </trkpt>
    <trkpt lat="46.570423827" lon="6.684549967">
      <ele>857.9</ele>
    </trkpt>
    <trkpt lat="46.570426627" lon="6.684552956">
      <ele>857.9</ele>
    </trkpt>
    <trkpt lat="46.570429476" lon="6.684555855">
      <ele>857.9</ele>
    </trkpt>
    <trkpt lat="46.570432359" lon="6.684558673">
      <ele>857.9</ele>
    </trkpt>
    <trkpt lat="46.570435263" lon="6.684561430">
      <ele>857.9</ele>
    </trkpt>
    <trkpt lat="46.570438173" lon="6.684564149">
      <ele>857.9</ele>
    </trkpt>
    <trkpt lat="46.570441080" lon="6.684566852">
      <ele>857.8</ele>
    </trkpt>
    <trkpt lat="46.570443981" lon="6.684569561">
      <ele>857.8</ele>
    </trkpt>
    <trkpt lat="46.570446877" lon="6.684572290">
      <ele>857.8</ele>
    </trkpt>
    <trkpt lat="46.570449768" lon="6.684575054">
      <ele>857.7</ele>
    </trkpt>
    <trkpt lat="46.570452655" lon="6.684577862">
      <ele>857.7</ele>
    </trkpt>
    <trkpt lat="46.570455542" lon="6.684580718">
      <ele>857.7</ele>
    </trkpt>
    <trkpt lat="46.570458425" lon="6.684583621">
      <ele>857.7</ele>
    </trkpt>
    <trkpt lat="46.570461302" lon="6.684586575">
      <ele>857.7</ele>
    </trkpt>
    <trkpt lat="46.570464165" lon="6.684589576">
      <ele>857.7</ele>
    </trkpt>
    <trkpt lat="46.570467019" lon="6.684592620">
      <ele>857.8</ele>
    </trkpt>
    <trkpt lat="46.570469858" lon="6.684595702">
      <ele>857.8</ele>
    </trkpt>
    <trkpt lat="46.570472680" lon="6.684598827">
      <ele>857.8</ele>
    </trkpt>
    <trkpt lat="46.570475483" lon="6.684601998">
      <ele>857.9</ele>
    </trkpt>
    <trkpt lat="46.570478265" lon="6.684605218">
      <ele>858.0</ele>
    </trkpt>
    <trkpt lat="46.570481027" lon="6.684608490">
      <ele>858.0</ele>
    </trkpt>
    <trkpt lat="46.570483770" lon="6.684611816">
      <ele>858.1</ele>
    </trkpt>
    <trkpt lat="46.570486496" lon="6.684615189">
      <ele>858.1</ele>
    </trkpt>
    <trkpt lat="46.570489206" lon="6.684618602">
      <ele>858.2</ele>
    </trkpt>
    <trkpt lat="46.570491904" lon="6.684622043">
      <ele>858.2</ele>
    </trkpt>
    <trkpt lat="46.570494591" lon="6.684625507">
      <ele>858.3</ele>
    </trkpt>
    <trkpt lat="46.570497268" lon="6.684628985">
      <ele>858.3</ele>
    </trkpt>
    <trkpt lat="46.570499935" lon="6.684632475">
      <ele>858.4</ele>
    </trkpt>
    <trkpt lat="46.570502592" lon="6.684635979">
      <ele>858.4</ele>
    </trkpt>
    <trkpt lat="46.570505235" lon="6.684639497">
      <ele>858.5</ele>
    </trkpt>
    <trkpt lat="46.570507866" lon="6.684643033">
      <ele>858.5</ele>
    </trkpt>
    <trkpt lat="46.570510485" lon="6.684646590">
      <ele>858.6</ele>
    </trkpt>
    <trkpt lat="46.570513089" lon="6.684650165">
      <ele>858.6</ele>
    </trkpt>
    <trkpt lat="46.570515681" lon="6.684653757">
      <ele>858.7</ele>
    </trkpt>
    <trkpt lat="46.570518261" lon="6.684657360">
      <ele>858.7</ele>
    </trkpt>
    <trkpt lat="46.570520830" lon="6.684660968">
      <ele>858.7</ele>
    </trkpt>
    <trkpt lat="46.570523390" lon="6.684664575">
      <ele>858.8</ele>
    </trkpt>
    <trkpt lat="46.570525941" lon="6.684668176">
      <ele>858.8</ele>
    </trkpt>
    <trkpt lat="46.570528488" lon="6.684671766">
      <ele>858.9</ele>
    </trkpt>
    <trkpt lat="46.570531033" lon="6.684675344">
      <ele>858.9</ele>
    </trkpt>
    <trkpt lat="46.570533577" lon="6.684678900">
      <ele>859.0</ele>
    </trkpt>
    <trkpt lat="46.570536121" lon="6.684682428">
      <ele>859.0</ele>
    </trkpt>
    <trkpt lat="46.570538663" lon="6.684685919">
      <ele>859.0</ele>
    </trkpt>
    <trkpt lat="46.570541200" lon="6.684689365">
      <ele>859.1</ele>
    </trkpt>
    <trkpt lat="46.570543725" lon="6.684692763">
      <ele>859.1</ele>
    </trkpt>
    <trkpt lat="46.570546229" lon="6.684696113">
      <ele>859.2</ele>
    </trkpt>
    <trkpt lat="46.570548706" lon="6.684699422">
      <ele>859.2</ele>
    </trkpt>
    <trkpt lat="46.570551158" lon="6.684702713">
      <ele>859.2</ele>
    </trkpt>
    <trkpt lat="46.570553582" lon="6.684706002">
      <ele>859.2</ele>
    </trkpt>
    <trkpt lat="46.570555986" lon="6.684709313">
      <ele>859.2</ele>
    </trkpt>
    <trkpt lat="46.570558372" lon="6.684712663">
      <ele>859.2</ele>
    </trkpt>
    <trkpt lat="46.570560751" lon="6.684716065">
      <ele>859.2</ele>
    </trkpt>
    <trkpt lat="46.570563124" lon="6.684719519">
      <ele>859.1</ele>
    </trkpt>
    <trkpt lat="46.570565490" lon="6.684723014">
      <ele>859.1</ele>
    </trkpt>
    <trkpt lat="46.570567850" lon="6.684726538">
      <ele>859.0</ele>
    </trkpt>
    <trkpt lat="46.570570197" lon="6.684730065">
      <ele>859.0</ele>
    </trkpt>
    <trkpt lat="46.570572530" lon="6.684733574">
      <ele>858.9</ele>
    </trkpt>
    <trkpt lat="46.570574845" lon="6.684737047">
      <ele>858.9</ele>
    </trkpt>
    <trkpt lat="46.570577140" lon="6.684740473">
      <ele>858.9</ele>
    </trkpt>
    <trkpt lat="46.570579417" lon="6.684743861">
      <ele>858.9</ele>
    </trkpt>
    <trkpt lat="46.570581676" lon="6.684747217">
      <ele>859.0</ele>
    </trkpt>
    <trkpt lat="46.570583917" lon="6.684750568">
      <ele>859.0</ele>
    </trkpt>
    <trkpt lat="46.570586135" lon="6.684753950">
      <ele>859.1</ele>
    </trkpt>
    <trkpt lat="46.570588321" lon="6.684757401">
      <ele>859.1</ele>
    </trkpt>
    <trkpt lat="46.570590462" lon="6.684760963">
      <ele>859.1</ele>
    </trkpt>
    <trkpt lat="46.570592545" lon="6.684764680">
      <ele>859.2</ele>
    </trkpt>
    <trkpt lat="46.570594558" lon="6.684768575">
      <ele>859.2</ele>
    </trkpt>
    <trkpt lat="46.570596499" lon="6.684772662">
      <ele>859.3</ele>
    </trkpt>
    <trkpt lat="46.570598373" lon="6.684776928">
      <ele>859.3</ele>
    </trkpt>
    <trkpt lat="46.570600203" lon="6.684781341">
      <ele>859.4</ele>
    </trkpt>
    <trkpt lat="46.570602021" lon="6.684785850">
      <ele>859.5</ele>
    </trkpt>
    <trkpt lat="46.570603865" lon="6.684790387">
      <ele>859.6</ele>
    </trkpt>
    <trkpt lat="46.570605773" lon="6.684794878">
      <ele>859.6</ele>
    </trkpt>
    <trkpt lat="46.570607773" lon="6.684799263">
      <ele>859.7</ele>
    </trkpt>
    <trkpt lat="46.570609877" lon="6.684803494">
      <ele>859.8</ele>
    </trkpt>
    <trkpt lat="46.570612080" lon="6.684807555">
      <ele>859.9</ele>
    </trkpt>
    <trkpt lat="46.570614360" lon="6.684811452">
      <ele>860.0</ele>
    </trkpt>
    <trkpt lat="46.570616689" lon="6.684815215">
      <ele>860.0</ele>
    </trkpt>
    <trkpt lat="46.570619039" lon="6.684818885">
      <ele>860.1</ele>
    </trkpt>
    <trkpt lat="46.570621391" lon="6.684822501">
      <ele>860.1</ele>
    </trkpt>
    <trkpt lat="46.570623741" lon="6.684826100">
      <ele>860.2</ele>
    </trkpt>
    <trkpt lat="46.570626091" lon="6.684829698">
      <ele>860.2</ele>
    </trkpt>
    <trkpt lat="46.570628458" lon="6.684833292">
      <ele>860.2</ele>
    </trkpt>
    <trkpt lat="46.570630863" lon="6.684836868">
      <ele>860.3</ele>
    </trkpt>
    <trkpt lat="46.570633316" lon="6.684840403">
      <ele>860.3</ele>
    </trkpt>
    <trkpt lat="46.570635817" lon="6.684843895">
      <ele>860.3</ele>
    </trkpt>
    <trkpt lat="46.570638356" lon="6.684847335">
      <ele>860.4</ele>
    </trkpt>
    <trkpt lat="46.570640914" lon="6.684850724">
      <ele>860.4</ele>
    </trkpt>
    <trkpt lat="46.570643470" lon="6.684854076">
      <ele>860.4</ele>
    </trkpt>
    <trkpt lat="46.570646003" lon="6.684857397">
      <ele>860.3</ele>
    </trkpt>
    <trkpt lat="46.570648507" lon="6.684860690">
      <ele>860.3</ele>
    </trkpt>
    <trkpt lat="46.570650984" lon="6.684863952">
      <ele>860.2</ele>
    </trkpt>
    <trkpt lat="46.570653446" lon="6.684867172">
      <ele>860.1</ele>
    </trkpt>
    <trkpt lat="46.570655913" lon="6.684870345">
      <ele>860.0</ele>
    </trkpt>
    <trkpt lat="46.570658406" lon="6.684873469">
      <ele>859.9</ele>
    </trkpt>
    <trkpt lat="46.570660940" lon="6.684876548">
      <ele>859.8</ele>
    </trkpt>
    <trkpt lat="46.570663521" lon="6.684879602">
      <ele>859.7</ele>
    </trkpt>
    <trkpt lat="46.570666149" lon="6.684882655">
      <ele>859.6</ele>
    </trkpt>
    <trkpt lat="46.570668813" lon="6.684885729">
      <ele>859.5</ele>
    </trkpt>
    <trkpt lat="46.570671496" lon="6.684888834">
      <ele>859.4</ele>
    </trkpt>
    <trkpt lat="46.570674186" lon="6.684891977">
      <ele>859.3</ele>
    </trkpt>
    <trkpt lat="46.570676867" lon="6.684895157">
      <ele>859.2</ele>
    </trkpt>
    <trkpt lat="46.570679535" lon="6.684898366">
      <ele>859.2</ele>
    </trkpt>
    <trkpt lat="46.570682184" lon="6.684901593">
      <ele>859.1</ele>
    </trkpt>
    <trkpt lat="46.570684816" lon="6.684904828">
      <ele>859.0</ele>
    </trkpt>
    <trkpt lat="46.570687434" lon="6.684908063">
      <ele>859.0</ele>
    </trkpt>
    <trkpt lat="46.570690046" lon="6.684911288">
      <ele>858.9</ele>
    </trkpt>
    <trkpt lat="46.570692655" lon="6.684914499">
      <ele>858.9</ele>
    </trkpt>
    <trkpt lat="46.570695263" lon="6.684917691">
      <ele>858.8</ele>
    </trkpt>
    <trkpt lat="46.570697875" lon="6.684920857">
      <ele>858.8</ele>
    </trkpt>
    <trkpt lat="46.570700504" lon="6.684923998">
      <ele>858.7</ele>
    </trkpt>
    <trkpt lat="46.570703147" lon="6.684927107">
      <ele>858.7</ele>
    </trkpt>
    <trkpt lat="46.570705810" lon="6.684930178">
      <ele>858.6</ele>
    </trkpt>
    <trkpt lat="46.570708497" lon="6.684933201">
      <ele>858.6</ele>
    </trkpt>
    <trkpt lat="46.570711208" lon="6.684936164">
      <ele>858.5</ele>
    </trkpt>
    <trkpt lat="46.570713951" lon="6.684939052">
      <ele>858.5</ele>
    </trkpt>
    <trkpt lat="46.570716722" lon="6.684941847">
      <ele>858.4</ele>
    </trkpt>
    <trkpt lat="46.570719521" lon="6.684944533">
      <ele>858.4</ele>
    </trkpt>
    <trkpt lat="46.570722343" lon="6.684947097">
      <ele>858.3</ele>
    </trkpt>
    <trkpt lat="46.570725177" lon="6.684949531">
      <ele>858.2</ele>
    </trkpt>
    <trkpt lat="46.570728011" lon="6.684951831">
      <ele>858.2</ele>
    </trkpt>
    <trkpt lat="46.570730827" lon="6.684953993">
      <ele>858.1</ele>
    </trkpt>
    <trkpt lat="46.570733613" lon="6.684956023">
      <ele>858.1</ele>
    </trkpt>
    <trkpt lat="46.570736361" lon="6.684957934">
      <ele>858.0</ele>
    </trkpt>
    <trkpt lat="46.570739069" lon="6.684959748">
      <ele>858.0</ele>
    </trkpt>
    <trkpt lat="46.570741739" lon="6.684961496">
      <ele>857.9</ele>
    </trkpt>
    <trkpt lat="46.570744386" lon="6.684963224">
      <ele>857.9</ele>
    </trkpt>
    <trkpt lat="46.570747018" lon="6.684964979">
      <ele>857.9</ele>
    </trkpt>
    <trkpt lat="46.570749646" lon="6.684966813">
      <ele>857.9</ele>
    </trkpt>
    <trkpt lat="46.570752279" lon="6.684968775">
      <ele>857.8</ele>
    </trkpt>
    <trkpt lat="46.570754919" lon="6.684970895">
      <ele>857.8</ele>
    </trkpt>
    <trkpt lat="46.570757566" lon="6.684973189">
      <ele>857.8</ele>
    </trkpt>
    <trkpt lat="46.570760232" lon="6.684975662">
      <ele>857.8</ele>
    </trkpt>
    <trkpt lat="46.570762914" lon="6.684978291">
      <ele>857.8</ele>
    </trkpt>
    <trkpt lat="46.570765623" lon="6.684981048">
      <ele>857.8</ele>
    </trkpt>
    <trkpt lat="46.570768361" lon="6.684983892">
      <ele>857.8</ele>
    </trkpt>
    <trkpt lat="46.570771141" lon="6.684986782">
      <ele>857.7</ele>
    </trkpt>
    <trkpt lat="46.570773969" lon="6.684989676">
      <ele>857.7</ele>
    </trkpt>
    <trkpt lat="46.570776847" lon="6.684992534">
      <ele>857.7</ele>
    </trkpt>
    <trkpt lat="46.570779777" lon="6.684995324">
      <ele>857.6</ele>
    </trkpt>
    <trkpt lat="46.570782756" lon="6.684998020">
      <ele>857.6</ele>
    </trkpt>
    <trkpt lat="46.570785784" lon="6.685000607">
      <ele>857.5</ele>
    </trkpt>
    <trkpt lat="46.570788858" lon="6.685003086">
      <ele>857.5</ele>
    </trkpt>
    <trkpt lat="46.570791973" lon="6.685005463">
      <ele>857.4</ele>
    </trkpt>
    <trkpt lat="46.570795123" lon="6.685007759">
      <ele>857.4</ele>
    </trkpt>
    <trkpt lat="46.570798296" lon="6.685009995">
      <ele>857.4</ele>
    </trkpt>
    <trkpt lat="46.570801491" lon="6.685012199">
      <ele>857.4</ele>
    </trkpt>
    <trkpt lat="46.570804692" lon="6.685014396">
      <ele>857.4</ele>
    </trkpt>
    <trkpt lat="46.570807890" lon="6.685016599">
      <ele>857.5</ele>
    </trkpt>
    <trkpt lat="46.570811078" lon="6.685018817">
      <ele>857.6</ele>
    </trkpt>
    <trkpt lat="46.570814250" lon="6.685021054">
      <ele>857.7</ele>
    </trkpt>
    <trkpt lat="46.570817404" lon="6.685023311">
      <ele>857.8</ele>
    </trkpt>
    <trkpt lat="46.570820542" lon="6.685025587">
      <ele>857.9</ele>
    </trkpt>
    <trkpt lat="46.570823672" lon="6.685027892">
      <ele>858.1</ele>
    </trkpt>
    <trkpt lat="46.570826796" lon="6.685030229">
      <ele>858.2</ele>
    </trkpt>
    <trkpt lat="46.570829923" lon="6.685032610">
      <ele>858.3</ele>
    </trkpt>
    <trkpt lat="46.570833055" lon="6.685035043">
      <ele>858.3</ele>
    </trkpt>
    <trkpt lat="46.570836179" lon="6.685037524">
      <ele>858.4</ele>
    </trkpt>
    <trkpt lat="46.570839291" lon="6.685040047">
      <ele>858.4</ele>
    </trkpt>
    <trkpt lat="46.570842380" lon="6.685042598">
      <ele>858.4</ele>
    </trkpt>
    <trkpt lat="46.570845437" lon="6.685045156">
      <ele>858.4</ele>
    </trkpt>
    <trkpt lat="46.570848459" lon="6.685047702">
      <ele>858.4</ele>
    </trkpt>
    <trkpt lat="46.570851448" lon="6.685050218">
      <ele>858.4</ele>
    </trkpt>
    <trkpt lat="46.570854416" lon="6.685052692">
      <ele>858.4</ele>
    </trkpt>
    <trkpt lat="46.570857383" lon="6.685055114">
      <ele>858.4</ele>
    </trkpt>
    <trkpt lat="46.570860362" lon="6.685057479">
      <ele>858.5</ele>
    </trkpt>
    <trkpt lat="46.570863360" lon="6.685059782">
      <ele>858.5</ele>
    </trkpt>
    <trkpt lat="46.570866384" lon="6.685062017">
      <ele>858.5</ele>
    </trkpt>
    <trkpt lat="46.570869440" lon="6.685064169">
      <ele>858.5</ele>
    </trkpt>
    <trkpt lat="46.570872526" lon="6.685066223">
      <ele>858.5</ele>
    </trkpt>
    <trkpt lat="46.570875642" lon="6.685068169">
      <ele>858.5</ele>
    </trkpt>
    <trkpt lat="46.570878790" lon="6.685069997">
      <ele>858.5</ele>
    </trkpt>
    <trkpt lat="46.570881977" lon="6.685071705">
      <ele>858.5</ele>
    </trkpt>
    <trkpt lat="46.570885211" lon="6.685073315">
      <ele>858.5</ele>
    </trkpt>
    <trkpt lat="46.570888493" lon="6.685074853">
      <ele>858.4</ele>
    </trkpt>
    <trkpt lat="46.570891823" lon="6.685076357">
      <ele>858.4</ele>
    </trkpt>
    <trkpt lat="46.570895192" lon="6.685077867">
      <ele>858.3</ele>
    </trkpt>
    <trkpt lat="46.570898588" lon="6.685079436">
      <ele>858.3</ele>
    </trkpt>
    <trkpt lat="46.570901991" lon="6.685081093">
      <ele>858.2</ele>
    </trkpt>
    <trkpt lat="46.570905383" lon="6.685082869">
      <ele>858.2</ele>
    </trkpt>
    <trkpt lat="46.570908747" lon="6.685084781">
      <ele>858.1</ele>
    </trkpt>
    <trkpt lat="46.570912063" lon="6.685086846">
      <ele>858.1</ele>
    </trkpt>
    <trkpt lat="46.570915318" lon="6.685089081">
      <ele>858.1</ele>
    </trkpt>
    <trkpt lat="46.570918501" lon="6.685091494">
      <ele>858.1</ele>
    </trkpt>
    <trkpt lat="46.570921608" lon="6.685094083">
      <ele>858.1</ele>
    </trkpt>
    <trkpt lat="46.570924644" lon="6.685096827">
      <ele>858.1</ele>
    </trkpt>
    <trkpt lat="46.570927627" lon="6.685099689">
      <ele>858.1</ele>
    </trkpt>
    <trkpt lat="46.570930578" lon="6.685102607">
      <ele>858.1</ele>
    </trkpt>
    <trkpt lat="46.570933525" lon="6.685105507">
      <ele>858.1</ele>
    </trkpt>
    <trkpt lat="46.570936486" lon="6.685108315">
      <ele>858.2</ele>
    </trkpt>
    <trkpt lat="46.570939486" lon="6.685110972">
      <ele>858.2</ele>
    </trkpt>
    <trkpt lat="46.570942525" lon="6.685113444">
      <ele>858.2</ele>
    </trkpt>
    <trkpt lat="46.570945589" lon="6.685115724">
      <ele>858.2</ele>
    </trkpt>
    <trkpt lat="46.570948647" lon="6.685117836">
      <ele>858.2</ele>
    </trkpt>
    <trkpt lat="46.570951675" lon="6.685119806">
      <ele>858.2</ele>
    </trkpt>
    <trkpt lat="46.570954637" lon="6.685121657">
      <ele>858.2</ele>
    </trkpt>
    <trkpt lat="46.570957511" lon="6.685123405">
      <ele>858.3</ele>
    </trkpt>
    <trkpt lat="46.570960289" lon="6.685125057">
      <ele>858.3</ele>
    </trkpt>
    <trkpt lat="46.570962976" lon="6.685126612">
      <ele>858.5</ele>
    </trkpt>
    <trkpt lat="46.570965591" lon="6.685128072">
      <ele>858.6</ele>
    </trkpt>
    <trkpt lat="46.570968160" lon="6.685129450">
      <ele>858.8</ele>
    </trkpt>
    <trkpt lat="46.570970715" lon="6.685130779">
      <ele>859.0</ele>
    </trkpt>
    <trkpt lat="46.570973286" lon="6.685132091">
      <ele>859.2</ele>
    </trkpt>
    <trkpt lat="46.570975899" lon="6.685133442">
      <ele>859.4</ele>
    </trkpt>
    <trkpt lat="46.570978566" lon="6.685134867">
      <ele>859.6</ele>
    </trkpt>
    <trkpt lat="46.570981296" lon="6.685136393">
      <ele>859.9</ele>
    </trkpt>
    <trkpt lat="46.570984083" lon="6.685138029">
      <ele>860.0</ele>
    </trkpt>
    <trkpt lat="46.570986917" lon="6.685139769">
      <ele>860.2</ele>
    </trkpt>
    <trkpt lat="46.570989784" lon="6.685141599">
      <ele>860.4</ele>
    </trkpt>
    <trkpt lat="46.570992670" lon="6.685143501">
      <ele>860.5</ele>
    </trkpt>
    <trkpt lat="46.570995571" lon="6.685145461">
      <ele>860.6</ele>
    </trkpt>
    <trkpt lat="46.570998486" lon="6.685147470">
      <ele>860.7</ele>
    </trkpt>
    <trkpt lat="46.571001423" lon="6.685149530">
      <ele>860.7</ele>
    </trkpt>
    <trkpt lat="46.571004390" lon="6.685151651">
      <ele>860.7</ele>
    </trkpt>
    <trkpt lat="46.571007396" lon="6.685153846">
      <ele>860.7</ele>
    </trkpt>
    <trkpt lat="46.571010443" lon="6.685156123">
      <ele>860.7</ele>
    </trkpt>
    <trkpt lat="46.571013528" lon="6.685158484">
      <ele>860.7</ele>
    </trkpt>
    <trkpt lat="46.571016642" lon="6.685160922">
      <ele>860.7</ele>
    </trkpt>
    <trkpt lat="46.571019767" lon="6.685163420">
      <ele>860.7</ele>
    </trkpt>
    <trkpt lat="46.571022887" lon="6.685165957">
      <ele>860.6</ele>
    </trkpt>
    <trkpt lat="46.571025990" lon="6.685168512">
      <ele>860.6</ele>
    </trkpt>
    <trkpt lat="46.571029066" lon="6.685171065">
      <ele>860.6</ele>
    </trkpt>
    <trkpt lat="46.571032108" lon="6.685173607">
      <ele>860.6</ele>
    </trkpt>
    <trkpt lat="46.571035115" lon="6.685176136">
      <ele>860.6</ele>
    </trkpt>
    <trkpt lat="46.571038092" lon="6.685178662">
      <ele>860.5</ele>
    </trkpt>
    <trkpt lat="46.571041042" lon="6.685181189">
      <ele>860.5</ele>
    </trkpt>
    <trkpt lat="46.571043966" lon="6.685183721">
      <ele>860.5</ele>
    </trkpt>
    <trkpt lat="46.571046866" lon="6.685186257">
      <ele>860.4</ele>
    </trkpt>
    <trkpt lat="46.571049736" lon="6.685188788">
      <ele>860.4</ele>
    </trkpt>
    <trkpt lat="46.571052570" lon="6.685191306">
      <ele>860.4</ele>
    </trkpt>
    <trkpt lat="46.571055355" lon="6.685193802">
      <ele>860.3</ele>
    </trkpt>
    <trkpt lat="46.571058087" lon="6.685196270">
      <ele>860.3</ele>
    </trkpt>
    <trkpt lat="46.571060759" lon="6.685198712">
      <ele>860.3</ele>
    </trkpt>
    <trkpt lat="46.571063365" lon="6.685201151">
      <ele>860.2</ele>
    </trkpt>
    <trkpt lat="46.571065910" lon="6.685203596">
      <ele>860.2</ele>
    </trkpt>
    <trkpt lat="46.571068399" lon="6.685206063">
      <ele>860.2</ele>
    </trkpt>
    <trkpt lat="46.571070843" lon="6.685208570">
      <ele>860.1</ele>
    </trkpt>
    <trkpt lat="46.571073250" lon="6.685211130">
      <ele>860.1</ele>
    </trkpt>
    <trkpt lat="46.571075627" lon="6.685213753">
      <ele>860.1</ele>
    </trkpt>
    <trkpt lat="46.571077984" lon="6.685216454">
      <ele>860.1</ele>
    </trkpt>
    <trkpt lat="46.571080322" lon="6.685219242">
      <ele>860.0</ele>
    </trkpt>
    <trkpt lat="46.571082647" lon="6.685222126">
      <ele>860.0</ele>
    </trkpt>
    <trkpt lat="46.571084970" lon="6.685225104">
      <ele>859.9</ele>
    </trkpt>
    <trkpt lat="46.571087309" lon="6.685228156">
      <ele>859.8</ele>
    </trkpt>
    <trkpt lat="46.571089689" lon="6.685231251">
      <ele>859.7</ele>
    </trkpt>
    <trkpt lat="46.571092140" lon="6.685234338">
      <ele>859.6</ele>
    </trkpt>
    <trkpt lat="46.571094696" lon="6.685237364">
      <ele>859.6</ele>
    </trkpt>
    <trkpt lat="46.571097379" lon="6.685240278">
      <ele>859.5</ele>
    </trkpt>
    <trkpt lat="46.571100204" lon="6.685243050">
      <ele>859.5</ele>
    </trkpt>
    <trkpt lat="46.571103165" lon="6.685245674">
      <ele>859.6</ele>
    </trkpt>
    <trkpt lat="46.571106241" lon="6.685248175">
      <ele>859.7</ele>
    </trkpt>
    <trkpt lat="46.571109398" lon="6.685250599">
      <ele>859.8</ele>
    </trkpt>
    <trkpt lat="46.571112594" lon="6.685253005">
      <ele>859.9</ele>
    </trkpt>
    <trkpt lat="46.571115787" lon="6.685255452">
      <ele>860.0</ele>
    </trkpt>
    <trkpt lat="46.571118944" lon="6.685257990">
      <ele>860.1</ele>
    </trkpt>
    <trkpt lat="46.571122039" lon="6.685260646">
      <ele>860.2</ele>
    </trkpt>
    <trkpt lat="46.571125060" lon="6.685263429">
      <ele>860.2</ele>
    </trkpt>
    <trkpt lat="46.571128001" lon="6.685266332">
      <ele>860.2</ele>
    </trkpt>
    <trkpt lat="46.571130869" lon="6.685269321">
      <ele>860.2</ele>
    </trkpt>
    <trkpt lat="46.571133676" lon="6.685272374">
      <ele>860.2</ele>
    </trkpt>
    <trkpt lat="46.571136437" lon="6.685275445">
      <ele>860.2</ele>
    </trkpt>
    <trkpt lat="46.571139171" lon="6.685278488">
      <ele>860.1</ele>
    </trkpt>
    <trkpt lat="46.571141896" lon="6.685281466">
      <ele>860.1</ele>
    </trkpt>
    <trkpt lat="46.571144626" lon="6.685284352">
      <ele>860.0</ele>
    </trkpt>
    <trkpt lat="46.571147369" lon="6.685287137">
      <ele>860.0</ele>
    </trkpt>
    <trkpt lat="46.571150128" lon="6.685289832">
      <ele>859.9</ele>
    </trkpt>
    <trkpt lat="46.571152896" lon="6.685292469">
      <ele>859.8</ele>
    </trkpt>
    <trkpt lat="46.571155661" lon="6.685295100">
      <ele>859.7</ele>
    </trkpt>
    <trkpt lat="46.571158409" lon="6.685297780">
      <ele>859.6</ele>
    </trkpt>
    <trkpt lat="46.571161134" lon="6.685300566">
      <ele>859.5</ele>
    </trkpt>
    <trkpt lat="46.571163828" lon="6.685303495">
      <ele>859.4</ele>
    </trkpt>
    <trkpt lat="46.571166492" lon="6.685306584">
      <ele>859.3</ele>
    </trkpt>
    <trkpt lat="46.571169135" lon="6.685309831">
      <ele>859.2</ele>
    </trkpt>
    <trkpt lat="46.571171763" lon="6.685313212">
      <ele>859.1</ele>
    </trkpt>
    <trkpt lat="46.571174384" lon="6.685316696">
      <ele>859.0</ele>
    </trkpt>
    <trkpt lat="46.571177003" lon="6.685320247">
      <ele>858.9</ele>
    </trkpt>
    <trkpt lat="46.571179621" lon="6.685323833">
      <ele>858.8</ele>
    </trkpt>
    <trkpt lat="46.571182242" lon="6.685327428">
      <ele>858.7</ele>
    </trkpt>
    <trkpt lat="46.571184861" lon="6.685331005">
      <ele>858.6</ele>
    </trkpt>
    <trkpt lat="46.571187480" lon="6.685334550">
      <ele>858.5</ele>
    </trkpt>
    <trkpt lat="46.571190098" lon="6.685338047">
      <ele>858.4</ele>
    </trkpt>
    <trkpt lat="46.571192718" lon="6.685341477">
      <ele>858.3</ele>
    </trkpt>
    <trkpt lat="46.571195345" lon="6.685344828">
      <ele>858.2</ele>
    </trkpt>
    <trkpt lat="46.571197985" lon="6.685348094">
      <ele>858.1</ele>
    </trkpt>
    <trkpt lat="46.571200642" lon="6.685351266">
      <ele>858.0</ele>
    </trkpt>
    <trkpt lat="46.571203324" lon="6.685354357">
      <ele>857.9</ele>
    </trkpt>
    <trkpt lat="46.571206038" lon="6.685357375">
      <ele>857.9</ele>
    </trkpt>
    <trkpt lat="46.571208795" lon="6.685360342">
      <ele>857.8</ele>
    </trkpt>
    <trkpt lat="46.571211601" lon="6.685363276">
      <ele>857.8</ele>
    </trkpt>
    <trkpt lat="46.571214463" lon="6.685366197">
      <ele>857.7</ele>
    </trkpt>
    <trkpt lat="46.571217384" lon="6.685369117">
      <ele>857.7</ele>
    </trkpt>
    <trkpt lat="46.571220363" lon="6.685372042">
      <ele>857.7</ele>
    </trkpt>
    <trkpt lat="46.571223394" lon="6.685374969">
      <ele>857.6</ele>
    </trkpt>
    <trkpt lat="46.571226462" lon="6.685377885">
      <ele>857.6</ele>
    </trkpt>
    <trkpt lat="46.571229549" lon="6.685380777">
      <ele>857.6</ele>
    </trkpt>
    <trkpt lat="46.571232630" lon="6.685383631">
      <ele>857.6</ele>
    </trkpt>
    <trkpt lat="46.571235687" lon="6.685386444">
      <ele>857.6</ele>
    </trkpt>
    <trkpt lat="46.571238701" lon="6.685389213">
      <ele>857.6</ele>
    </trkpt>
    <trkpt lat="46.571241664" lon="6.685391952">
      <ele>857.6</ele>
    </trkpt>
    <trkpt lat="46.571244579" lon="6.685394679">
      <ele>857.6</ele>
    </trkpt>
    <trkpt lat="46.571247452" lon="6.685397417">
      <ele>857.6</ele>
    </trkpt>
    <trkpt lat="46.571250299" lon="6.685400188">
      <ele>857.6</ele>
    </trkpt>
    <trkpt lat="46.571253132" lon="6.685403001">
      <ele>857.5</ele>
    </trkpt>
    <trkpt lat="46.571255964" lon="6.685405863">
      <ele>857.5</ele>
    </trkpt>
    <trkpt lat="46.571258801" lon="6.685408769">
      <ele>857.5</ele>
    </trkpt>
    <trkpt lat="46.571261641" lon="6.685411705">
      <ele>857.5</ele>
    </trkpt>
    <trkpt lat="46.571264481" lon="6.685414655">
      <ele>857.4</ele>
    </trkpt>
    <trkpt lat="46.571267310" lon="6.685417603">
      <ele>857.4</ele>
    </trkpt>
    <trkpt lat="46.571270123" lon="6.685420544">
      <ele>857.4</ele>
    </trkpt>
    <trkpt lat="46.571272920" lon="6.685423476">
      <ele>857.4</ele>
    </trkpt>
    <trkpt lat="46.571275700" lon="6.685426404">
      <ele>857.4</ele>
    </trkpt>
    <trkpt lat="46.571278469" lon="6.685429340">
      <ele>857.4</ele>
    </trkpt>
    <trkpt lat="46.571281234" lon="6.685432291">
      <ele>857.4</ele>
    </trkpt>
    <trkpt lat="46.571284003" lon="6.685435268">
      <ele>857.4</ele>
    </trkpt>
    <trkpt lat="46.571286778" lon="6.685438267">
      <ele>857.4</ele>
    </trkpt>
    <trkpt lat="46.571289560" lon="6.685441292">
      <ele>857.4</ele>
    </trkpt>
    <trkpt lat="46.571292346" lon="6.685444336">
      <ele>857.4</ele>
    </trkpt>
    <trkpt lat="46.571295131" lon="6.685447394">
      <ele>857.4</ele>
    </trkpt>
    <trkpt lat="46.571297911" lon="6.685450465">
      <ele>857.4</ele>
    </trkpt>
    <trkpt lat="46.571300684" lon="6.685453550">
      <ele>857.3</ele>
    </trkpt>
    <trkpt lat="46.571303454" lon="6.685456650">
      <ele>857.3</ele>
    </trkpt>
    <trkpt lat="46.571306221" lon="6.685459765">
      <ele>857.3</ele>
    </trkpt>
    <trkpt lat="46.571308996" lon="6.685462895">
      <ele>857.2</ele>
    </trkpt>
    <trkpt lat="46.571311788" lon="6.685466037">
      <ele>857.2</ele>
    </trkpt>
    <trkpt lat="46.571314603" lon="6.685469180">
      <ele>857.1</ele>
    </trkpt>
    <trkpt lat="46.571317447" lon="6.685472311">
      <ele>857.1</ele>
    </trkpt>
    <trkpt lat="46.571320321" lon="6.685475420">
      <ele>857.0</ele>
    </trkpt>
    <trkpt lat="46.571323221" lon="6.685478491">
      <ele>857.0</ele>
    </trkpt>
    <trkpt lat="46.571326139" lon="6.685481513">
      <ele>856.9</ele>
    </trkpt>
    <trkpt lat="46.571329063" lon="6.685484483">
      <ele>856.9</ele>
    </trkpt>
    <trkpt lat="46.571331982" lon="6.685487408">
      <ele>856.8</ele>
    </trkpt>
    <trkpt lat="46.571334884" lon="6.685490301">
      <ele>856.7</ele>
    </trkpt>
    <trkpt lat="46.571337759" lon="6.685493180">
      <ele>856.7</ele>
    </trkpt>
    <trkpt lat="46.571340606" lon="6.685496071">
      <ele>856.6</ele>
    </trkpt>
    <trkpt lat="46.571343427" lon="6.685498995">
      <ele>856.6</ele>
    </trkpt>
    <trkpt lat="46.571346232" lon="6.685501968">
      <ele>856.5</ele>
    </trkpt>
    <trkpt lat="46.571349032" lon="6.685504999">
      <ele>856.5</ele>
    </trkpt>
    <trkpt lat="46.571351839" lon="6.685508080">
      <ele>856.4</ele>
    </trkpt>
    <trkpt lat="46.571354664" lon="6.685511199">
      <ele>856.4</ele>
    </trkpt>
    <trkpt lat="46.571357512" lon="6.685514336">
      <ele>856.4</ele>
    </trkpt>
    <trkpt lat="46.571360382" lon="6.685517466">
      <ele>856.4</ele>
    </trkpt>
    <trkpt lat="46.571363266" lon="6.685520570">
      <ele>856.3</ele>
    </trkpt>
    <trkpt lat="46.571366155" lon="6.685523635">
      <ele>856.3</ele>
    </trkpt>
    <trkpt lat="46.571369036" lon="6.685526659">
      <ele>856.3</ele>
    </trkpt>
    <trkpt lat="46.571371898" lon="6.685529652">
      <ele>856.2</ele>
    </trkpt>
    <trkpt lat="46.571374735" lon="6.685532629">
      <ele>856.2</ele>
    </trkpt>
    <trkpt lat="46.571377538" lon="6.685535611">
      <ele>856.1</ele>
    </trkpt>
    <trkpt lat="46.571380303" lon="6.685538619">
      <ele>856.0</ele>
    </trkpt>
    <trkpt lat="46.571383023" lon="6.685541670">
      <ele>855.9</ele>
    </trkpt>
    <trkpt lat="46.571385691" lon="6.685544778">
      <ele>855.9</ele>
    </trkpt>
    <trkpt lat="46.571388306" lon="6.685547960">
      <ele>855.8</ele>
    </trkpt>
    <trkpt lat="46.571390864" lon="6.685551220">
      <ele>855.7</ele>
    </trkpt>
    <trkpt lat="46.571393368" lon="6.685554564">
      <ele>855.6</ele>
    </trkpt>
    <trkpt lat="46.571395828" lon="6.685557999">
      <ele>855.6</ele>
    </trkpt>
    <trkpt lat="46.571398254" lon="6.685561519">
      <ele>855.5</ele>
    </trkpt>
    <trkpt lat="46.571400660" lon="6.685565115">
      <ele>855.5</ele>
    </trkpt>
    <trkpt lat="46.571403063" lon="6.685568772">
      <ele>855.4</ele>
    </trkpt>
    <trkpt lat="46.571405469" lon="6.685572465">
      <ele>855.3</ele>
    </trkpt>
    <trkpt lat="46.571407884" lon="6.685576165">
      <ele>855.3</ele>
    </trkpt>
    <trkpt lat="46.571410308" lon="6.685579847">
      <ele>855.2</ele>
    </trkpt>
    <trkpt lat="46.571412737" lon="6.685583492">
      <ele>855.1</ele>
    </trkpt>
    <trkpt lat="46.571415168" lon="6.685587090">
      <ele>855.1</ele>
    </trkpt>
    <trkpt lat="46.571417600" lon="6.685590645">
      <ele>855.0</ele>
    </trkpt>
    <trkpt lat="46.571420031" lon="6.685594163">
      <ele>854.9</ele>
    </trkpt>
    <trkpt lat="46.571422462" lon="6.685597664">
      <ele>854.9</ele>
    </trkpt>
    <trkpt lat="46.571424892" lon="6.685601163">
      <ele>854.8</ele>
    </trkpt>
    <trkpt lat="46.571427325" lon="6.685604679">
      <ele>854.8</ele>
    </trkpt>
    <trkpt lat="46.571429757" lon="6.685608220">
      <ele>854.7</ele>
    </trkpt>
    <trkpt lat="46.571432186" lon="6.685611791">
      <ele>854.6</ele>
    </trkpt>
    <trkpt lat="46.571434608" lon="6.685615397">
      <ele>854.6</ele>
    </trkpt>
    <trkpt lat="46.571437020" lon="6.685619034">
      <ele>854.6</ele>
    </trkpt>
    <trkpt lat="46.571439420" lon="6.685622700">
      <ele>854.5</ele>
    </trkpt>
    <trkpt lat="46.571441804" lon="6.685626391">
      <ele>854.5</ele>
    </trkpt>
    <trkpt lat="46.571444175" lon="6.685630108">
      <ele>854.5</ele>
    </trkpt>
    <trkpt lat="46.571446532" lon="6.685633850">
      <ele>854.5</ele>
    </trkpt>
    <trkpt lat="46.571448880" lon="6.685637616">
      <ele>854.5</ele>
    </trkpt>
    <trkpt lat="46.571451220" lon="6.685641410">
      <ele>854.5</ele>
    </trkpt>
    <trkpt lat="46.571453557" lon="6.685645232">
      <ele>854.5</ele>
    </trkpt>
    <trkpt lat="46.571455892" lon="6.685649078">
      <ele>854.4</ele>
    </trkpt>
    <trkpt lat="46.571458230" lon="6.685652950">
      <ele>854.4</ele>
    </trkpt>
    <trkpt lat="46.571460571" lon="6.685656847">
      <ele>854.4</ele>
    </trkpt>
    <trkpt lat="46.571462912" lon="6.685660760">
      <ele>854.4</ele>
    </trkpt>
    <trkpt lat="46.571465253" lon="6.685664689">
      <ele>854.4</ele>
    </trkpt>
    <trkpt lat="46.571467586" lon="6.685668628">
      <ele>854.4</ele>
    </trkpt>
    <trkpt lat="46.571469905" lon="6.685672572">
      <ele>854.3</ele>
    </trkpt>
    <trkpt lat="46.571472202" lon="6.685676516">
      <ele>854.3</ele>
    </trkpt>
    <trkpt lat="46.571474471" lon="6.685680458">
      <ele>854.3</ele>
    </trkpt>
    <trkpt lat="46.571476706" lon="6.685684397">
      <ele>854.3</ele>
    </trkpt>
    <trkpt lat="46.571478908" lon="6.685688336">
      <ele>854.3</ele>
    </trkpt>
    <trkpt lat="46.571481076" lon="6.685692284">
      <ele>854.3</ele>
    </trkpt>
    <trkpt lat="46.571483219" lon="6.685696249">
      <ele>854.2</ele>
    </trkpt>
    <trkpt lat="46.571485344" lon="6.685700235">
      <ele>854.2</ele>
    </trkpt>
    <trkpt lat="46.571487464" lon="6.685704248">
      <ele>854.2</ele>
    </trkpt>
    <trkpt lat="46.571489591" lon="6.685708281">
      <ele>854.2</ele>
    </trkpt>
    <trkpt lat="46.571491736" lon="6.685712324">
      <ele>854.2</ele>
    </trkpt>
    <trkpt lat="46.571493910" lon="6.685716358">
      <ele>854.2</ele>
    </trkpt>
    <trkpt lat="46.571496118" lon="6.685720360">
      <ele>854.2</ele>
    </trkpt>
    <trkpt lat="46.571498367" lon="6.685724314">
      <ele>854.2</ele>
    </trkpt>
    <trkpt lat="46.571500655" lon="6.685728202">
      <ele>854.2</ele>
    </trkpt>
    <trkpt lat="46.571502983" lon="6.685732019">
      <ele>854.1</ele>
    </trkpt>
    <trkpt lat="46.571505345" lon="6.685735761">
      <ele>854.1</ele>
    </trkpt>
    <trkpt lat="46.571507741" lon="6.685739430">
      <ele>854.0</ele>
    </trkpt>
    <trkpt lat="46.571510167" lon="6.685743025">
      <ele>854.0</ele>
    </trkpt>
    <trkpt lat="46.571512622" lon="6.685746551">
      <ele>853.9</ele>
    </trkpt>
    <trkpt lat="46.571515108" lon="6.685750008">
      <ele>853.8</ele>
    </trkpt>
    <trkpt lat="46.571517625" lon="6.685753396">
      <ele>853.7</ele>
    </trkpt>
    <trkpt lat="46.571520175" lon="6.685756718">
      <ele>853.6</ele>
    </trkpt>
    <trkpt lat="46.571522760" lon="6.685759981">
      <ele>853.5</ele>
    </trkpt>
    <trkpt lat="46.571525378" lon="6.685763200">
      <ele>853.4</ele>
    </trkpt>
    <trkpt lat="46.571528024" lon="6.685766381">
      <ele>853.3</ele>
    </trkpt>
    <trkpt lat="46.571530691" lon="6.685769538">
      <ele>853.2</ele>
    </trkpt>
    <trkpt lat="46.571533366" lon="6.685772673">
      <ele>853.1</ele>
    </trkpt>
    <trkpt lat="46.571536038" lon="6.685775790">
      <ele>853.0</ele>
    </trkpt>
    <trkpt lat="46.571538691" lon="6.685778880">
      <ele>853.0</ele>
    </trkpt>
    <trkpt lat="46.571541314" lon="6.685781935">
      <ele>852.9</ele>
    </trkpt>
    <trkpt lat="46.571543903" lon="6.685784954">
      <ele>852.9</ele>
    </trkpt>
    <trkpt lat="46.571546455" lon="6.685787937">
      <ele>852.9</ele>
    </trkpt>
    <trkpt lat="46.571548976" lon="6.685790894">
      <ele>852.9</ele>
    </trkpt>
    <trkpt lat="46.571551481" lon="6.685793844">
      <ele>852.9</ele>
    </trkpt>
    <trkpt lat="46.571553981" lon="6.685796816">
      <ele>852.9</ele>
    </trkpt>
    <trkpt lat="46.571556489" lon="6.685799836">
      <ele>852.9</ele>
    </trkpt>
    <trkpt lat="46.571559013" lon="6.685802926">
      <ele>852.9</ele>
    </trkpt>
    <trkpt lat="46.571561558" lon="6.685806094">
      <ele>852.9</ele>
    </trkpt>
    <trkpt lat="46.571564117" lon="6.685809345">
      <ele>852.9</ele>
    </trkpt>
    <trkpt lat="46.571566682" lon="6.685812669">
      <ele>852.8</ele>
    </trkpt>
    <trkpt lat="46.571569247" lon="6.685816053">
      <ele>852.8</ele>
    </trkpt>
    <trkpt lat="46.571571806" lon="6.685819480">
      <ele>852.7</ele>
    </trkpt>
    <trkpt lat="46.571574362" lon="6.685822932">
      <ele>852.7</ele>
    </trkpt>
    <trkpt lat="46.571576922" lon="6.685826390">
      <ele>852.6</ele>
    </trkpt>
    <trkpt lat="46.571579501" lon="6.685829837">
      <ele>852.6</ele>
    </trkpt>
    <trkpt lat="46.571582109" lon="6.685833253">
      <ele>852.5</ele>
    </trkpt>
    <trkpt lat="46.571584757" lon="6.685836622">
      <ele>852.4</ele>
    </trkpt>
    <trkpt lat="46.571587452" lon="6.685839925">
      <ele>852.4</ele>
    </trkpt>
    <trkpt lat="46.571590187" lon="6.685843150">
      <ele>852.3</ele>
    </trkpt>
    <trkpt lat="46.571592953" lon="6.685846298">
      <ele>852.2</ele>
    </trkpt>
    <trkpt lat="46.571595733" lon="6.685849380">
      <ele>852.2</ele>
    </trkpt>
    <trkpt lat="46.571598510" lon="6.685852416">
      <ele>852.1</ele>
    </trkpt>
    <trkpt lat="46.571601269" lon="6.685855423">
      <ele>852.1</ele>
    </trkpt>
    <trkpt lat="46.571604002" lon="6.685858426">
      <ele>852.1</ele>
    </trkpt>
    <trkpt lat="46.571606711" lon="6.685861434">
      <ele>852.1</ele>
    </trkpt>
    <trkpt lat="46.571609399" lon="6.685864456">
      <ele>852.1</ele>
    </trkpt>
    <trkpt lat="46.571612080" lon="6.685867483">
      <ele>852.1</ele>
    </trkpt>
    <trkpt lat="46.571614768" lon="6.685870504">
      <ele>852.1</ele>
    </trkpt>
    <trkpt lat="46.571617467" lon="6.685873507">
      <ele>852.1</ele>
    </trkpt>
    <trkpt lat="46.571620186" lon="6.685876490">
      <ele>852.1</ele>
    </trkpt>
    <trkpt lat="46.571622916" lon="6.685879480">
      <ele>852.1</ele>
    </trkpt>
    <trkpt lat="46.571625650" lon="6.685882499">
      <ele>852.0</ele>
    </trkpt>
    <trkpt lat="46.571628381" lon="6.685885586">
      <ele>852.0</ele>
    </trkpt>
    <trkpt lat="46.571631106" lon="6.685888783">
      <ele>851.8</ele>
    </trkpt>
    <trkpt lat="46.571633826" lon="6.685892124">
      <ele>851.7</ele>
    </trkpt>
    <trkpt lat="46.571636549" lon="6.685895630">
      <ele>851.6</ele>
    </trkpt>
    <trkpt lat="46.571639294" lon="6.685899297">
      <ele>851.4</ele>
    </trkpt>
    <trkpt lat="46.571642077" lon="6.685903097">
      <ele>851.2</ele>
    </trkpt>
    <trkpt lat="46.571644913" lon="6.685906971">
      <ele>851.1</ele>
    </trkpt>
    <trkpt lat="46.571647809" lon="6.685910840">
      <ele>850.9</ele>
    </trkpt>
    <trkpt lat="46.571650771" lon="6.685914616">
      <ele>850.8</ele>
    </trkpt>
    <trkpt lat="46.571653790" lon="6.685918198">
      <ele>850.7</ele>
    </trkpt>
    <trkpt lat="46.571656852" lon="6.685921501">
      <ele>850.6</ele>
    </trkpt>
    <trkpt lat="46.571659939" lon="6.685924466">
      <ele>850.6</ele>
    </trkpt>
    <trkpt lat="46.571663032" lon="6.685927051">
      <ele>850.6</ele>
    </trkpt>
    <trkpt lat="46.571666122" lon="6.685929255">
      <ele>850.6</ele>
    </trkpt>
    <trkpt lat="46.571669208" lon="6.685931112">
      <ele>850.6</ele>
    </trkpt>
    <trkpt lat="46.571672298" lon="6.685932677">
      <ele>850.6</ele>
    </trkpt>
    <trkpt lat="46.571675415" lon="6.685934024">
      <ele>850.7</ele>
    </trkpt>
    <trkpt lat="46.571678585" lon="6.685935223">
      <ele>850.8</ele>
    </trkpt>
    <trkpt lat="46.571681837" lon="6.685936338">
      <ele>850.8</ele>
    </trkpt>
    <trkpt lat="46.571685187" lon="6.685937426">
      <ele>851.0</ele>
    </trkpt>
    <trkpt lat="46.571688640" lon="6.685938517">
      <ele>851.1</ele>
    </trkpt>
    <trkpt lat="46.571692188" lon="6.685939624">
      <ele>851.2</ele>
    </trkpt>
    <trkpt lat="46.571695803" lon="6.685940744">
      <ele>851.4</ele>
    </trkpt>
    <trkpt lat="46.571699460" lon="6.685941859">
      <ele>851.5</ele>
    </trkpt>
    <trkpt lat="46.571703128" lon="6.685942963">
      <ele>851.7</ele>
    </trkpt>
    <trkpt lat="46.571706779" lon="6.685944038">
      <ele>851.8</ele>
    </trkpt>
    <trkpt lat="46.571710396" lon="6.685945077">
      <ele>852.0</ele>
    </trkpt>
    <trkpt lat="46.571713970" lon="6.685946083">
      <ele>852.1</ele>
    </trkpt>
    <trkpt lat="46.571717497" lon="6.685947064">
      <ele>852.1</ele>
    </trkpt>
    <trkpt lat="46.571720978" lon="6.685948038">
      <ele>852.2</ele>
    </trkpt>
    <trkpt lat="46.571724414" lon="6.685949019">
      <ele>852.2</ele>
    </trkpt>
    <trkpt lat="46.571727812" lon="6.685950024">
      <ele>852.3</ele>
    </trkpt>
    <trkpt lat="46.571731178" lon="6.685951058">
      <ele>852.3</ele>
    </trkpt>
    <trkpt lat="46.571734522" lon="6.685952122">
      <ele>852.2</ele>
    </trkpt>
    <trkpt lat="46.571737854" lon="6.685953209">
      <ele>852.2</ele>
    </trkpt>
    <trkpt lat="46.571741184" lon="6.685954310">
      <ele>852.2</ele>
    </trkpt>
    <trkpt lat="46.571744528" lon="6.685955409">
      <ele>852.2</ele>
    </trkpt>
    <trkpt lat="46.571747891" lon="6.685956500">
      <ele>852.2</ele>
    </trkpt>
    <trkpt lat="46.571751274" lon="6.685957573">
      <ele>852.2</ele>
    </trkpt>
    <trkpt lat="46.571754674" lon="6.685958624">
      <ele>852.3</ele>
    </trkpt>
    <trkpt lat="46.571758086" lon="6.685959652">
      <ele>852.3</ele>
    </trkpt>
    <trkpt lat="46.571761499" lon="6.685960663">
      <ele>852.4</ele>
    </trkpt>
    <trkpt lat="46.571764904" lon="6.685961666">
      <ele>852.4</ele>
    </trkpt>
    <trkpt lat="46.571768292" lon="6.685962667">
      <ele>852.4</ele>
    </trkpt>
    <trkpt lat="46.571771663" lon="6.685963675">
      <ele>852.5</ele>
    </trkpt>
    <trkpt lat="46.571775021" lon="6.685964699">
      <ele>852.5</ele>
    </trkpt>
    <trkpt lat="46.571778368" lon="6.685965742">
      <ele>852.5</ele>
    </trkpt>
    <trkpt lat="46.571781714" lon="6.685966809">
      <ele>852.4</ele>
    </trkpt>
    <trkpt lat="46.571785066" lon="6.685967910">
      <ele>852.4</ele>
    </trkpt>
    <trkpt lat="46.571788429" lon="6.685969052">
      <ele>852.3</ele>
    </trkpt>
    <trkpt lat="46.571791811" lon="6.685970245">
      <ele>852.3</ele>
    </trkpt>
    <trkpt lat="46.571795211" lon="6.685971496">
      <ele>852.2</ele>
    </trkpt>
    <trkpt lat="46.571798627" lon="6.685972808">
      <ele>852.1</ele>
    </trkpt>
    <trkpt lat="46.571802061" lon="6.685974180">
      <ele>852.0</ele>
    </trkpt>
    <trkpt lat="46.571805507" lon="6.685975601">
      <ele>851.9</ele>
    </trkpt>
    <trkpt lat="46.571808965" lon="6.685977054">
      <ele>851.8</ele>
    </trkpt>
    <trkpt lat="46.571812426" lon="6.685978519">
      <ele>851.7</ele>
    </trkpt>
    <trkpt lat="46.571815884" lon="6.685979975">
      <ele>851.6</ele>
    </trkpt>
    <trkpt lat="46.571819333" lon="6.685981403">
      <ele>851.5</ele>
    </trkpt>
    <trkpt lat="46.571822768" lon="6.685982794">
      <ele>851.4</ele>
    </trkpt>
    <trkpt lat="46.571826184" lon="6.685984137">
      <ele>851.3</ele>
    </trkpt>
    <trkpt lat="46.571829578" lon="6.685985430">
      <ele>851.2</ele>
    </trkpt>
    <trkpt lat="46.571832954" lon="6.685986675">
      <ele>851.1</ele>
    </trkpt>
    <trkpt lat="46.571836310" lon="6.685987873">
      <ele>851.0</ele>
    </trkpt>
    <trkpt lat="46.571839648" lon="6.685989024">
      <ele>850.9</ele>
    </trkpt>
    <trkpt lat="46.571842968" lon="6.685990127">
      <ele>850.9</ele>
    </trkpt>
    <trkpt lat="46.571846264" lon="6.685991184">
      <ele>850.8</ele>
    </trkpt>
    <trkpt lat="46.571849536" lon="6.685992192">
      <ele>850.8</ele>
    </trkpt>
    <trkpt lat="46.571852785" lon="6.685993153">
      <ele>850.7</ele>
    </trkpt>
    <trkpt lat="46.571856011" lon="6.685994059">
      <ele>850.7</ele>
    </trkpt>
    <trkpt lat="46.571859226" lon="6.685994901">
      <ele>850.6</ele>
    </trkpt>
    <trkpt lat="46.571862446" lon="6.685995669">
      <ele>850.6</ele>
    </trkpt>
    <trkpt lat="46.571865686" lon="6.685996351">
      <ele>850.6</ele>
    </trkpt>
    <trkpt lat="46.571868965" lon="6.685996942">
      <ele>850.7</ele>
    </trkpt>
    <trkpt lat="46.571872292" lon="6.685997445">
      <ele>850.7</ele>
    </trkpt>
    <trkpt lat="46.571875675" lon="6.685997878">
      <ele>850.8</ele>
    </trkpt>
    <trkpt lat="46.571879108" lon="6.685998264">
      <ele>850.8</ele>
    </trkpt>
    <trkpt lat="46.571882578" lon="6.685998637">
      <ele>850.9</ele>
    </trkpt>
    <trkpt lat="46.571886072" lon="6.685999034">
      <ele>851.0</ele>
    </trkpt>
    <trkpt lat="46.571889575" lon="6.685999485">
      <ele>851.1</ele>
    </trkpt>
    <trkpt lat="46.571893077" lon="6.686000015">
      <ele>851.2</ele>
    </trkpt>
    <trkpt lat="46.571896572" lon="6.686000633">
      <ele>851.2</ele>
    </trkpt>
    <trkpt lat="46.571900055" lon="6.686001338">
      <ele>851.3</ele>
    </trkpt>
    <trkpt lat="46.571903532" lon="6.686002123">
      <ele>851.3</ele>
    </trkpt>
    <trkpt lat="46.571907005" lon="6.686002972">
      <ele>851.3</ele>
    </trkpt>
    <trkpt lat="46.571910477" lon="6.686003870">
      <ele>851.3</ele>
    </trkpt>
    <trkpt lat="46.571913951" lon="6.686004802">
      <ele>851.2</ele>
    </trkpt>
    <trkpt lat="46.571917424" lon="6.686005751">
      <ele>851.2</ele>
    </trkpt>
    <trkpt lat="46.571920898" lon="6.686006718">
      <ele>851.1</ele>
    </trkpt>
    <trkpt lat="46.571924373" lon="6.686007695">
      <ele>851.1</ele>
    </trkpt>
    <trkpt lat="46.571927851" lon="6.686008690">
      <ele>851.0</ele>
    </trkpt>
    <trkpt lat="46.571931332" lon="6.686009708">
      <ele>851.0</ele>
    </trkpt>
    <trkpt lat="46.571934819" lon="6.686010766">
      <ele>850.9</ele>
    </trkpt>
    <trkpt lat="46.571938300" lon="6.686011885">
      <ele>850.8</ele>
    </trkpt>
    <trkpt lat="46.571941775" lon="6.686013081">
      <ele>850.7</ele>
    </trkpt>
    <trkpt lat="46.571945227" lon="6.686014369">
      <ele>850.6</ele>
    </trkpt>
    <trkpt lat="46.571948647" lon="6.686015753">
      <ele>850.6</ele>
    </trkpt>
    <trkpt lat="46.571952026" lon="6.686017217">
      <ele>850.5</ele>
    </trkpt>
    <trkpt lat="46.571955363" lon="6.686018729">
      <ele>850.3</ele>
    </trkpt>
    <trkpt lat="46.571958662" lon="6.686020236">
      <ele>850.2</ele>
    </trkpt>
    <trkpt lat="46.571961936" lon="6.686021676">
      <ele>850.2</ele>
    </trkpt>
    <trkpt lat="46.571965201" lon="6.686022986">
      <ele>850.1</ele>
    </trkpt>
    <trkpt lat="46.571968477" lon="6.686024115">
      <ele>850.0</ele>
    </trkpt>
    <trkpt lat="46.571971771" lon="6.686025039">
      <ele>850.0</ele>
    </trkpt>
    <trkpt lat="46.571975092" lon="6.686025764">
      <ele>850.0</ele>
    </trkpt>
    <trkpt lat="46.571978439" lon="6.686026332">
      <ele>850.0</ele>
    </trkpt>
    <trkpt lat="46.571981810" lon="6.686026809">
      <ele>850.1</ele>
    </trkpt>
    <trkpt lat="46.571985197" lon="6.686027272">
      <ele>850.1</ele>
    </trkpt>
    <trkpt lat="46.571988590" lon="6.686027797">
      <ele>850.1</ele>
    </trkpt>
    <trkpt lat="46.571991993" lon="6.686028449">
      <ele>850.2</ele>
    </trkpt>
    <trkpt lat="46.571995404" lon="6.686029259">
      <ele>850.2</ele>
    </trkpt>
    <trkpt lat="46.571998822" lon="6.686030237">
      <ele>850.2</ele>
    </trkpt>
    <trkpt lat="46.572002252" lon="6.686031367">
      <ele>850.2</ele>
    </trkpt>
    <trkpt lat="46.572005691" lon="6.686032617">
      <ele>850.2</ele>
    </trkpt>
    <trkpt lat="46.572009135" lon="6.686033956">
      <ele>850.2</ele>
    </trkpt>
    <trkpt lat="46.572012575" lon="6.686035350">
      <ele>850.2</ele>
    </trkpt>
    <trkpt lat="46.572016004" lon="6.686036780">
      <ele>850.2</ele>
    </trkpt>
    <trkpt lat="46.572019410" lon="6.686038232">
      <ele>850.2</ele>
    </trkpt>
    <trkpt lat="46.572022791" lon="6.686039713">
      <ele>850.2</ele>
    </trkpt>
    <trkpt lat="46.572026139" lon="6.686041234">
      <ele>850.1</ele>
    </trkpt>
    <trkpt lat="46.572029460" lon="6.686042804">
      <ele>850.1</ele>
    </trkpt>
    <trkpt lat="46.572032760" lon="6.686044435">
      <ele>850.0</ele>
    </trkpt>
    <trkpt lat="46.572036046" lon="6.686046134">
      <ele>849.9</ele>
    </trkpt>
    <trkpt lat="46.572039324" lon="6.686047898">
      <ele>849.9</ele>
    </trkpt>
    <trkpt lat="46.572042598" lon="6.686049720">
      <ele>849.8</ele>
    </trkpt>
    <trkpt lat="46.572045863" lon="6.686051587">
      <ele>849.7</ele>
    </trkpt>
    <trkpt lat="46.572049115" lon="6.686053489">
      <ele>849.7</ele>
    </trkpt>
    <trkpt lat="46.572052339" lon="6.686055414">
      <ele>849.6</ele>
    </trkpt>
    <trkpt lat="46.572055526" lon="6.686057358">
      <ele>849.6</ele>
    </trkpt>
    <trkpt lat="46.572058664" lon="6.686059319">
      <ele>849.5</ele>
    </trkpt>
    <trkpt lat="46.572061748" lon="6.686061295">
      <ele>849.5</ele>
    </trkpt>
    <trkpt lat="46.572064783" lon="6.686063289">
      <ele>849.4</ele>
    </trkpt>
    <trkpt lat="46.572067779" lon="6.686065297">
      <ele>849.4</ele>
    </trkpt>
    <trkpt lat="46.572070755" lon="6.686067314">
      <ele>849.3</ele>
    </trkpt>
    <trkpt lat="46.572073724" lon="6.686069329">
      <ele>849.3</ele>
    </trkpt>
    <trkpt lat="46.572076713" lon="6.686071333">
      <ele>849.2</ele>
    </trkpt>
    <trkpt lat="46.572079737" lon="6.686073314">
      <ele>849.1</ele>
    </trkpt>
    <trkpt lat="46.572082803" lon="6.686075264">
      <ele>849.1</ele>
    </trkpt>
    <trkpt lat="46.572085919" lon="6.686077177">
      <ele>849.0</ele>
    </trkpt>
    <trkpt lat="46.572089086" lon="6.686079055">
      <ele>849.0</ele>
    </trkpt>
    <trkpt lat="46.572092302" lon="6.686080899">
      <ele>848.9</ele>
    </trkpt>
    <trkpt lat="46.572095560" lon="6.686082710">
      <ele>848.9</ele>
    </trkpt>
    <trkpt lat="46.572098859" lon="6.686084491">
      <ele>848.8</ele>
    </trkpt>
    <trkpt lat="46.572102189" lon="6.686086238">
      <ele>848.8</ele>
    </trkpt>
    <trkpt lat="46.572105544" lon="6.686087944">
      <ele>848.7</ele>
    </trkpt>
    <trkpt lat="46.572108916" lon="6.686089600">
      <ele>848.7</ele>
    </trkpt>
    <trkpt lat="46.572112297" lon="6.686091201">
      <ele>848.7</ele>
    </trkpt>
    <trkpt lat="46.572115680" lon="6.686092740">
      <ele>848.6</ele>
    </trkpt>
    <trkpt lat="46.572119056" lon="6.686094224">
      <ele>848.6</ele>
    </trkpt>
    <trkpt lat="46.572122423" lon="6.686095661">
      <ele>848.5</ele>
    </trkpt>
    <trkpt lat="46.572125781" lon="6.686097064">
      <ele>848.5</ele>
    </trkpt>
    <trkpt lat="46.572129130" lon="6.686098447">
      <ele>848.4</ele>
    </trkpt>
    <trkpt lat="46.572132477" lon="6.686099825">
      <ele>848.3</ele>
    </trkpt>
    <trkpt lat="46.572135832" lon="6.686101204">
      <ele>848.3</ele>
    </trkpt>
    <trkpt lat="46.572139203" lon="6.686102586">
      <ele>848.2</ele>
    </trkpt>
    <trkpt lat="46.572142604" lon="6.686103964">
      <ele>848.1</ele>
    </trkpt>
    <trkpt lat="46.572146041" lon="6.686105325">
      <ele>848.0</ele>
    </trkpt>
    <trkpt lat="46.572149523" lon="6.686106653">
      <ele>848.0</ele>
    </trkpt>
    <trkpt lat="46.572153044" lon="6.686107929">
      <ele>847.9</ele>
    </trkpt>
    <trkpt lat="46.572156598" lon="6.686109137">
      <ele>847.8</ele>
    </trkpt>
    <trkpt lat="46.572160168" lon="6.686110267">
      <ele>847.8</ele>
    </trkpt>
    <trkpt lat="46.572163738" lon="6.686111314">
      <ele>847.8</ele>
    </trkpt>
    <trkpt lat="46.572167293" lon="6.686112284">
      <ele>847.7</ele>
    </trkpt>
    <trkpt lat="46.572170821" lon="6.686113184">
      <ele>847.7</ele>
    </trkpt>
    <trkpt lat="46.572174317" lon="6.686114031">
      <ele>847.7</ele>
    </trkpt>
    <trkpt lat="46.572177787" lon="6.686114842">
      <ele>847.7</ele>
    </trkpt>
    <trkpt lat="46.572181242" lon="6.686115635">
      <ele>847.7</ele>
    </trkpt>
    <trkpt lat="46.572184697" lon="6.686116425">
      <ele>847.7</ele>
    </trkpt>
    <trkpt lat="46.572188166" lon="6.686117220">
      <ele>847.8</ele>
    </trkpt>
    <trkpt lat="46.572191660" lon="6.686118023">
      <ele>847.8</ele>
    </trkpt>
    <trkpt lat="46.572195187" lon="6.686118817">
      <ele>847.9</ele>
    </trkpt>
    <trkpt lat="46.572198743" lon="6.686119586">
      <ele>847.9</ele>
    </trkpt>
    <trkpt lat="46.572202323" lon="6.686120307">
      <ele>847.9</ele>
    </trkpt>
    <trkpt lat="46.572205919" lon="6.686120944">
      <ele>848.0</ele>
    </trkpt>
    <trkpt lat="46.572209515" lon="6.686121456">
      <ele>848.0</ele>
    </trkpt>
    <trkpt lat="46.572213100" lon="6.686121808">
      <ele>848.0</ele>
    </trkpt>
    <trkpt lat="46.572216667" lon="6.686121973">
      <ele>847.9</ele>
    </trkpt>
    <trkpt lat="46.572220208" lon="6.686121939">
      <ele>847.8</ele>
    </trkpt>
    <trkpt lat="46.572223723" lon="6.686121714">
      <ele>847.6</ele>
    </trkpt>
    <trkpt lat="46.572227215" lon="6.686121333">
      <ele>847.4</ele>
    </trkpt>
    <trkpt lat="46.572230688" lon="6.686120849">
      <ele>847.1</ele>
    </trkpt>
    <trkpt lat="46.572234150" lon="6.686120336">
      <ele>846.8</ele>
    </trkpt>
    <trkpt lat="46.572237607" lon="6.686119869">
      <ele>846.4</ele>
    </trkpt>
    <trkpt lat="46.572241064" lon="6.686119519">
      <ele>846.1</ele>
    </trkpt>
    <trkpt lat="46.572244522" lon="6.686119339">
      <ele>845.7</ele>
    </trkpt>
    <trkpt lat="46.572247983" lon="6.686119356">
      <ele>845.4</ele>
    </trkpt>
    <trkpt lat="46.572251447" lon="6.686119567">
      <ele>845.1</ele>
    </trkpt>
    <trkpt lat="46.572254912" lon="6.686119944">
      <ele>844.9</ele>
    </trkpt>
    <trkpt lat="46.572258380" lon="6.686120440">
      <ele>844.7</ele>
    </trkpt>
    <trkpt lat="46.572261848" lon="6.686120998">
      <ele>844.5</ele>
    </trkpt>
    <trkpt lat="46.572265320" lon="6.686121565">
      <ele>844.4</ele>
    </trkpt>
    <trkpt lat="46.572268795" lon="6.686122098">
      <ele>844.3</ele>
    </trkpt>
    <trkpt lat="46.572272280" lon="6.686122572">
      <ele>844.3</ele>
    </trkpt>
    <trkpt lat="46.572275773" lon="6.686122978">
      <ele>844.2</ele>
    </trkpt>
    <trkpt lat="46.572279277" lon="6.686123326">
      <ele>844.2</ele>
    </trkpt>
    <trkpt lat="46.572282790" lon="6.686123639">
      <ele>844.2</ele>
    </trkpt>
    <trkpt lat="46.572286311" lon="6.686123931">
      <ele>844.2</ele>
    </trkpt>
    <trkpt lat="46.572289838" lon="6.686124222">
      <ele>844.2</ele>
    </trkpt>
    <trkpt lat="46.572293367" lon="6.686124523">
      <ele>844.2</ele>
    </trkpt>
    <trkpt lat="46.572296902" lon="6.686124839">
      <ele>844.2</ele>
    </trkpt>
    <trkpt lat="46.572300441" lon="6.686125162">
      <ele>844.2</ele>
    </trkpt>
    <trkpt lat="46.572303990" lon="6.686125484">
      <ele>844.2</ele>
    </trkpt>
    <trkpt lat="46.572307551" lon="6.686125792">
      <ele>844.2</ele>
    </trkpt>
    <trkpt lat="46.572311128" lon="6.686126075">
      <ele>844.2</ele>
    </trkpt>
    <trkpt lat="46.572314717" lon="6.686126325">
      <ele>844.2</ele>
    </trkpt>
    <trkpt lat="46.572318315" lon="6.686126539">
      <ele>844.2</ele>
    </trkpt>
    <trkpt lat="46.572321914" lon="6.686126712">
      <ele>844.2</ele>
    </trkpt>
    <trkpt lat="46.572325506" lon="6.686126846">
      <ele>844.2</ele>
    </trkpt>
    <trkpt lat="46.572329082" lon="6.686126942">
      <ele>844.2</ele>
    </trkpt>
    <trkpt lat="46.572332640" lon="6.686127005">
      <ele>844.2</ele>
    </trkpt>
    <trkpt lat="46.572336175" lon="6.686127039">
      <ele>844.1</ele>
    </trkpt>
    <trkpt lat="46.572339693" lon="6.686127052">
      <ele>844.1</ele>
    </trkpt>
    <trkpt lat="46.572343200" lon="6.686127049">
      <ele>844.1</ele>
    </trkpt>
    <trkpt lat="46.572346702" lon="6.686127034">
      <ele>844.1</ele>
    </trkpt>
    <trkpt lat="46.572350206" lon="6.686127011">
      <ele>844.1</ele>
    </trkpt>
    <trkpt lat="46.572353718" lon="6.686126983">
      <ele>844.1</ele>
    </trkpt>
    <trkpt lat="46.572357237" lon="6.686126954">
      <ele>844.1</ele>
    </trkpt>
    <trkpt lat="46.572360764" lon="6.686126925">
      <ele>844.1</ele>
    </trkpt>
    <trkpt lat="46.572364297" lon="6.686126901">
      <ele>844.1</ele>
    </trkpt>
    <trkpt lat="46.572367833" lon="6.686126885">
      <ele>844.1</ele>
    </trkpt>
    <trkpt lat="46.572371366" lon="6.686126879">
      <ele>844.2</ele>
    </trkpt>
    <trkpt lat="46.572374898" lon="6.686126885">
      <ele>844.2</ele>
    </trkpt>
    <trkpt lat="46.572378423" lon="6.686126903">
      <ele>844.2</ele>
    </trkpt>
    <trkpt lat="46.572381946" lon="6.686126927">
      <ele>844.2</ele>
    </trkpt>
    <trkpt lat="46.572385463" lon="6.686126954">
      <ele>844.2</ele>
    </trkpt>
    <trkpt lat="46.572388976" lon="6.686126983">
      <ele>844.2</ele>
    </trkpt>
    <trkpt lat="46.572392485" lon="6.686127011">
      <ele>844.2</ele>
    </trkpt>
    <trkpt lat="46.572395990" lon="6.686127033">
      <ele>844.2</ele>
    </trkpt>
    <trkpt lat="46.572399489" lon="6.686127042">
      <ele>844.2</ele>
    </trkpt>
    <trkpt lat="46.572402980" lon="6.686127028">
      <ele>844.2</ele>
    </trkpt>
    <trkpt lat="46.572406460" lon="6.686126976">
      <ele>844.1</ele>
    </trkpt>
    <trkpt lat="46.572409927" lon="6.686126872">
      <ele>844.1</ele>
    </trkpt>
    <trkpt lat="46.572413376" lon="6.686126704">
      <ele>844.0</ele>
    </trkpt>
    <trkpt lat="46.572416808" lon="6.686126470">
      <ele>844.0</ele>
    </trkpt>
    <trkpt lat="46.572420220" lon="6.686126176">
      <ele>843.9</ele>
    </trkpt>
    <trkpt lat="46.572423615" lon="6.686125842">
      <ele>843.9</ele>
    </trkpt>
    <trkpt lat="46.572426999" lon="6.686125496">
      <ele>843.9</ele>
    </trkpt>
    <trkpt lat="46.572430378" lon="6.686125165">
      <ele>843.9</ele>
    </trkpt>
    <trkpt lat="46.572433761" lon="6.686124872">
      <ele>843.9</ele>
    </trkpt>
    <trkpt lat="46.572437158" lon="6.686124628">
      <ele>843.9</ele>
    </trkpt>
    <trkpt lat="46.572440576" lon="6.686124436">
      <ele>843.9</ele>
    </trkpt>
    <trkpt lat="46.572444018" lon="6.686124287">
      <ele>843.9</ele>
    </trkpt>
    <trkpt lat="46.572447484" lon="6.686124164">
      <ele>844.0</ele>
    </trkpt>
    <trkpt lat="46.572450972" lon="6.686124049">
      <ele>844.0</ele>
    </trkpt>
    <trkpt lat="46.572454472" lon="6.686123921">
      <ele>844.0</ele>
    </trkpt>
    <trkpt lat="46.572457979" lon="6.686123757">
      <ele>844.1</ele>
    </trkpt>
    <trkpt lat="46.572461482" lon="6.686123530">
      <ele>844.1</ele>
    </trkpt>
    <trkpt lat="46.572464975" lon="6.686123216">
      <ele>844.2</ele>
    </trkpt>
    <trkpt lat="46.572468452" lon="6.686122792">
      <ele>844.2</ele>
    </trkpt>
    <trkpt lat="46.572471913" lon="6.686122241">
      <ele>844.3</ele>
    </trkpt>
    <trkpt lat="46.572475359" lon="6.686121557">
      <ele>844.3</ele>
    </trkpt>
    <trkpt lat="46.572478790" lon="6.686120752">
      <ele>844.4</ele>
    </trkpt>
    <trkpt lat="46.572482214" lon="6.686119858">
      <ele>844.4</ele>
    </trkpt>
    <trkpt lat="46.572485633" lon="6.686118919">
      <ele>844.4</ele>
    </trkpt>
    <trkpt lat="46.572489054" lon="6.686117984">
      <ele>844.4</ele>
    </trkpt>
    <trkpt lat="46.572492480" lon="6.686117101">
      <ele>844.4</ele>
    </trkpt>
    <trkpt lat="46.572495915" lon="6.686116306">
      <ele>844.4</ele>
    </trkpt>
    <trkpt lat="46.572499362" lon="6.686115620">
      <ele>844.4</ele>
    </trkpt>
    <trkpt lat="46.572502824" lon="6.686115045">
      <ele>844.4</ele>
    </trkpt>
    <trkpt lat="46.572506303" lon="6.686114565">
      <ele>844.4</ele>
    </trkpt>
    <trkpt lat="46.572509800" lon="6.686114159">
      <ele>844.3</ele>
    </trkpt>
    <trkpt lat="46.572513318" lon="6.686113796">
      <ele>844.3</ele>
    </trkpt>
    <trkpt lat="46.572516852" lon="6.686113448">
      <ele>844.3</ele>
    </trkpt>
    <trkpt lat="46.572520395" lon="6.686113089">
      <ele>844.2</ele>
    </trkpt>
    <trkpt lat="46.572523937" lon="6.686112698">
      <ele>844.2</ele>
    </trkpt>
    <trkpt lat="46.572527464" lon="6.686112258">
      <ele>844.1</ele>
    </trkpt>
    <trkpt lat="46.572530965" lon="6.686111757">
      <ele>844.1</ele>
    </trkpt>
    <trkpt lat="46.572534428" lon="6.686111193">
      <ele>844.0</ele>
    </trkpt>
    <trkpt lat="46.572537849" lon="6.686110566">
      <ele>844.0</ele>
    </trkpt>
    <trkpt lat="46.572541233" lon="6.686109883">
      <ele>843.9</ele>
    </trkpt>
    <trkpt lat="46.572544585" lon="6.686109156">
      <ele>843.8</ele>
    </trkpt>
    <trkpt lat="46.572547924" lon="6.686108400">
      <ele>843.8</ele>
    </trkpt>
    <trkpt lat="46.572551260" lon="6.686107628">
      <ele>843.7</ele>
    </trkpt>
    <trkpt lat="46.572554605" lon="6.686106850">
      <ele>843.6</ele>
    </trkpt>
    <trkpt lat="46.572557964" lon="6.686106071">
      <ele>843.6</ele>
    </trkpt>
    <trkpt lat="46.572561340" lon="6.686105293">
      <ele>843.6</ele>
    </trkpt>
    <trkpt lat="46.572564729" lon="6.686104509">
      <ele>843.6</ele>
    </trkpt>
    <trkpt lat="46.572568127" lon="6.686103716">
      <ele>843.6</ele>
    </trkpt>
    <trkpt lat="46.572571528" lon="6.686102910">
      <ele>843.6</ele>
    </trkpt>
    <trkpt lat="46.572574935" lon="6.686102088">
      <ele>843.6</ele>
    </trkpt>
    <trkpt lat="46.572578346" lon="6.686101253">
      <ele>843.6</ele>
    </trkpt>
    <trkpt lat="46.572581762" lon="6.686100411">
      <ele>843.7</ele>
    </trkpt>
    <trkpt lat="46.572585188" lon="6.686099572">
      <ele>843.7</ele>
    </trkpt>
    <trkpt lat="46.572588626" lon="6.686098750">
      <ele>843.7</ele>
    </trkpt>
    <trkpt lat="46.572592075" lon="6.686097963">
      <ele>843.7</ele>
    </trkpt>
    <trkpt lat="46.572595536" lon="6.686097222">
      <ele>843.7</ele>
    </trkpt>
    <trkpt lat="46.572599005" lon="6.686096551">
      <ele>843.7</ele>
    </trkpt>
    <trkpt lat="46.572602478" lon="6.686095957">
      <ele>843.7</ele>
    </trkpt>
    <trkpt lat="46.572605953" lon="6.686095440">
      <ele>843.7</ele>
    </trkpt>
    <trkpt lat="46.572609427" lon="6.686095005">
      <ele>843.7</ele>
    </trkpt>
    <trkpt lat="46.572612896" lon="6.686094653">
      <ele>843.7</ele>
    </trkpt>
    <trkpt lat="46.572616360" lon="6.686094383">
      <ele>843.7</ele>
    </trkpt>
    <trkpt lat="46.572619822" lon="6.686094203">
      <ele>843.8</ele>
    </trkpt>
    <trkpt lat="46.572623278" lon="6.686094103">
      <ele>843.8</ele>
    </trkpt>
    <trkpt lat="46.572626729" lon="6.686094081">
      <ele>843.9</ele>
    </trkpt>
    <trkpt lat="46.572630171" lon="6.686094129">
      <ele>843.9</ele>
    </trkpt>
    <trkpt lat="46.572633598" lon="6.686094241">
      <ele>844.0</ele>
    </trkpt>
    <trkpt lat="46.572637007" lon="6.686094418">
      <ele>844.0</ele>
    </trkpt>
    <trkpt lat="46.572640392" lon="6.686094669">
      <ele>844.1</ele>
    </trkpt>
    <trkpt lat="46.572643751" lon="6.686095019">
      <ele>844.2</ele>
    </trkpt>
    <trkpt lat="46.572647081" lon="6.686095498">
      <ele>844.2</ele>
    </trkpt>
    <trkpt lat="46.572650385" lon="6.686096140">
      <ele>844.3</ele>
    </trkpt>
    <trkpt lat="46.572653666" lon="6.686096972">
      <ele>844.5</ele>
    </trkpt>
    <trkpt lat="46.572656935" lon="6.686098000">
      <ele>844.7</ele>
    </trkpt>
    <trkpt lat="46.572660189" lon="6.686099210">
      <ele>844.9</ele>
    </trkpt>
    <trkpt lat="46.572663436" lon="6.686100572">
      <ele>845.1</ele>
    </trkpt>
    <trkpt lat="46.572666678" lon="6.686102040">
      <ele>845.4</ele>
    </trkpt>
    <trkpt lat="46.572669914" lon="6.686103566">
      <ele>845.6</ele>
    </trkpt>
    <trkpt lat="46.572673152" lon="6.686105112">
      <ele>845.8</ele>
    </trkpt>
    <trkpt lat="46.572676398" lon="6.686106639">
      <ele>845.9</ele>
    </trkpt>
    <trkpt lat="46.572679658" lon="6.686108119">
      <ele>846.0</ele>
    </trkpt>
    <trkpt lat="46.572682940" lon="6.686109533">
      <ele>846.1</ele>
    </trkpt>
    <trkpt lat="46.572686247" lon="6.686110887">
      <ele>846.2</ele>
    </trkpt>
    <trkpt lat="46.572689579" lon="6.686112203">
      <ele>846.2</ele>
    </trkpt>
    <trkpt lat="46.572692929" lon="6.686113502">
      <ele>846.2</ele>
    </trkpt>
    <trkpt lat="46.572696290" lon="6.686114827">
      <ele>846.2</ele>
    </trkpt>
    <trkpt lat="46.572699646" lon="6.686116222">
      <ele>846.2</ele>
    </trkpt>
    <trkpt lat="46.572702986" lon="6.686117711">
      <ele>846.2</ele>
    </trkpt>
    <trkpt lat="46.572706303" lon="6.686119314">
      <ele>846.2</ele>
    </trkpt>
    <trkpt lat="46.572709593" lon="6.686121017">
      <ele>846.2</ele>
    </trkpt>
    <trkpt lat="46.572712858" lon="6.686122785">
      <ele>846.2</ele>
    </trkpt>
    <trkpt lat="46.572716108" lon="6.686124572">
      <ele>846.2</ele>
    </trkpt>
    <trkpt lat="46.572719350" lon="6.686126329">
      <ele>846.2</ele>
    </trkpt>
    <trkpt lat="46.572722595" lon="6.686128020">
      <ele>846.2</ele>
    </trkpt>
    <trkpt lat="46.572725853" lon="6.686129624">
      <ele>846.2</ele>
    </trkpt>
    <trkpt lat="46.572729133" lon="6.686131138">
      <ele>846.1</ele>
    </trkpt>
    <trkpt lat="46.572732434" lon="6.686132571">
      <ele>846.1</ele>
    </trkpt>
    <trkpt lat="46.572735749" lon="6.686133944">
      <ele>846.1</ele>
    </trkpt>
    <trkpt lat="46.572739066" lon="6.686135284">
      <ele>846.0</ele>
    </trkpt>
    <trkpt lat="46.572742373" lon="6.686136619">
      <ele>846.0</ele>
    </trkpt>
    <trkpt lat="46.572745657" lon="6.686137980">
      <ele>845.9</ele>
    </trkpt>
    <trkpt lat="46.572748907" lon="6.686139398">
      <ele>845.9</ele>
    </trkpt>
    <trkpt lat="46.572752124" lon="6.686140894">
      <ele>845.8</ele>
    </trkpt>
    <trkpt lat="46.572755312" lon="6.686142481">
      <ele>845.8</ele>
    </trkpt>
    <trkpt lat="46.572758485" lon="6.686144167">
      <ele>845.8</ele>
    </trkpt>
    <trkpt lat="46.572761663" lon="6.686145944">
      <ele>845.7</ele>
    </trkpt>
    <trkpt lat="46.572764862" lon="6.686147790">
      <ele>845.7</ele>
    </trkpt>
    <trkpt lat="46.572768093" lon="6.686149672">
      <ele>845.7</ele>
    </trkpt>
    <trkpt lat="46.572771355" lon="6.686151553">
      <ele>845.7</ele>
    </trkpt>
    <trkpt lat="46.572774643" lon="6.686153401">
      <ele>845.7</ele>
    </trkpt>
    <trkpt lat="46.572777946" lon="6.686155189">
      <ele>845.6</ele>
    </trkpt>
    <trkpt lat="46.572781250" lon="6.686156899">
      <ele>845.6</ele>
    </trkpt>
    <trkpt lat="46.572784545" lon="6.686158528">
      <ele>845.6</ele>
    </trkpt>
    <trkpt lat="46.572787822" lon="6.686160085">
      <ele>845.5</ele>
    </trkpt>
    <trkpt lat="46.572791076" lon="6.686161585">
      <ele>845.5</ele>
    </trkpt>
    <trkpt lat="46.572794310" lon="6.686163055">
      <ele>845.4</ele>
    </trkpt>
    <trkpt lat="46.572797524" lon="6.686164522">
      <ele>845.4</ele>
    </trkpt>
    <trkpt lat="46.572800723" lon="6.686166013">
      <ele>845.3</ele>
    </trkpt>
    <trkpt lat="46.572803909" lon="6.686167551">
      <ele>845.2</ele>
    </trkpt>
    <trkpt lat="46.572807082" lon="6.686169149">
      <ele>845.1</ele>
    </trkpt>
    <trkpt lat="46.572810250" lon="6.686170819">
      <ele>845.1</ele>
    </trkpt>
    <trkpt lat="46.572813420" lon="6.686172561">
      <ele>845.0</ele>
    </trkpt>
    <trkpt lat="46.572816595" lon="6.686174366">
      <ele>844.9</ele>
    </trkpt>
    <trkpt lat="46.572819782" lon="6.686176225">
      <ele>844.8</ele>
    </trkpt>
    <trkpt lat="46.572822989" lon="6.686178122">
      <ele>844.7</ele>
    </trkpt>
    <trkpt lat="46.572826218" lon="6.686180043">
      <ele>844.6</ele>
    </trkpt>
    <trkpt lat="46.572829473" lon="6.686181973">
      <ele>844.4</ele>
    </trkpt>
    <trkpt lat="46.572832755" lon="6.686183899">
      <ele>844.3</ele>
    </trkpt>
    <trkpt lat="46.572836061" lon="6.686185810">
      <ele>844.2</ele>
    </trkpt>
    <trkpt lat="46.572839389" lon="6.686187701">
      <ele>844.0</ele>
    </trkpt>
    <trkpt lat="46.572842730" lon="6.686189561">
      <ele>843.9</ele>
    </trkpt>
    <trkpt lat="46.572846075" lon="6.686191387">
      <ele>843.8</ele>
    </trkpt>
    <trkpt lat="46.572849413" lon="6.686193178">
      <ele>843.7</ele>
    </trkpt>
    <trkpt lat="46.572852734" lon="6.686194932">
      <ele>843.5</ele>
    </trkpt>
    <trkpt lat="46.572856024" lon="6.686196653">
      <ele>843.4</ele>
    </trkpt>
    <trkpt lat="46.572859279" lon="6.686198347">
      <ele>843.3</ele>
    </trkpt>
    <trkpt lat="46.572862504" lon="6.686200023">
      <ele>843.3</ele>
    </trkpt>
    <trkpt lat="46.572865704" lon="6.686201691">
      <ele>843.2</ele>
    </trkpt>
    <trkpt lat="46.572868890" lon="6.686203362">
      <ele>843.1</ele>
    </trkpt>
    <trkpt lat="46.572872077" lon="6.686205040">
      <ele>843.0</ele>
    </trkpt>
    <trkpt lat="46.572875280" lon="6.686206723">
      <ele>843.0</ele>
    </trkpt>
    <trkpt lat="46.572878514" lon="6.686208399">
      <ele>843.0</ele>
    </trkpt>
    <trkpt lat="46.572881793" lon="6.686210046">
      <ele>843.0</ele>
    </trkpt>
    <trkpt lat="46.572885126" lon="6.686211639">
      <ele>843.0</ele>
    </trkpt>
    <trkpt lat="46.572888522" lon="6.686213154">
      <ele>843.1</ele>
    </trkpt>
    <trkpt lat="46.572891978" lon="6.686214574">
      <ele>843.3</ele>
    </trkpt>
    <trkpt lat="46.572895490" lon="6.686215902">
      <ele>843.4</ele>
    </trkpt>
    <trkpt lat="46.572899046" lon="6.686217150">
      <ele>843.6</ele>
    </trkpt>
    <trkpt lat="46.572902624" lon="6.686218349">
      <ele>843.9</ele>
    </trkpt>
    <trkpt lat="46.572906200" lon="6.686219537">
      <ele>844.1</ele>
    </trkpt>
    <trkpt lat="46.572909753" lon="6.686220750">
      <ele>844.3</ele>
    </trkpt>
    <trkpt lat="46.572913268" lon="6.686222021">
      <ele>844.4</ele>
    </trkpt>
    <trkpt lat="46.572916742" lon="6.686223375">
      <ele>844.5</ele>
    </trkpt>
    <trkpt lat="46.572920178" lon="6.686224824">
      <ele>844.6</ele>
    </trkpt>
    <trkpt lat="46.572923580" lon="6.686226371">
      <ele>844.6</ele>
    </trkpt>
    <trkpt lat="46.572926960" lon="6.686228018">
      <ele>844.6</ele>
    </trkpt>
    <trkpt lat="46.572930322" lon="6.686229760">
      <ele>844.6</ele>
    </trkpt>
    <trkpt lat="46.572933668" lon="6.686231586">
      <ele>844.5</ele>
    </trkpt>
    <trkpt lat="46.572936998" lon="6.686233489">
      <ele>844.5</ele>
    </trkpt>
    <trkpt lat="46.572940310" lon="6.686235455">
      <ele>844.5</ele>
    </trkpt>
    <trkpt lat="46.572943598" lon="6.686237472">
      <ele>844.4</ele>
    </trkpt>
    <trkpt lat="46.572946862" lon="6.686239525">
      <ele>844.4</ele>
    </trkpt>
    <trkpt lat="46.572950108" lon="6.686241603">
      <ele>844.4</ele>
    </trkpt>
    <trkpt lat="46.572953336" lon="6.686243708">
      <ele>844.3</ele>
    </trkpt>
    <trkpt lat="46.572956552" lon="6.686245834">
      <ele>844.3</ele>
    </trkpt>
    <trkpt lat="46.572959751" lon="6.686247986">
      <ele>844.3</ele>
    </trkpt>
    <trkpt lat="46.572962932" lon="6.686250179">
      <ele>844.2</ele>
    </trkpt>
    <trkpt lat="46.572966091" lon="6.686252427">
      <ele>844.2</ele>
    </trkpt>
    <trkpt lat="46.572969220" lon="6.686254748">
      <ele>844.1</ele>
    </trkpt>
    <trkpt lat="46.572972308" lon="6.686257160">
      <ele>844.0</ele>
    </trkpt>
    <trkpt lat="46.572975346" lon="6.686259681">
      <ele>843.8</ele>
    </trkpt>
    <trkpt lat="46.572978324" lon="6.686262311">
      <ele>843.7</ele>
    </trkpt>
    <trkpt lat="46.572981235" lon="6.686265041">
      <ele>843.4</ele>
    </trkpt>
    <trkpt lat="46.572984078" lon="6.686267843">
      <ele>843.2</ele>
    </trkpt>
    <trkpt lat="46.572986862" lon="6.686270674">
      <ele>842.9</ele>
    </trkpt>
    <trkpt lat="46.572989598" lon="6.686273476">
      <ele>842.6</ele>
    </trkpt>
    <trkpt lat="46.572992313" lon="6.686276195">
      <ele>842.3</ele>
    </trkpt>
    <trkpt lat="46.572995034" lon="6.686278786">
      <ele>842.0</ele>
    </trkpt>
    <trkpt lat="46.572997794" lon="6.686281214">
      <ele>841.8</ele>
    </trkpt>
    <trkpt lat="46.573000618" lon="6.686283466">
      <ele>841.7</ele>
    </trkpt>
    <trkpt lat="46.573003525" lon="6.686285551">
      <ele>841.5</ele>
    </trkpt>
    <trkpt lat="46.573006522" lon="6.686287485">
      <ele>841.4</ele>
    </trkpt>
    <trkpt lat="46.573009604" lon="6.686289296">
      <ele>841.4</ele>
    </trkpt>
    <trkpt lat="46.573012760" lon="6.686291010">
      <ele>841.3</ele>
    </trkpt>
    <trkpt lat="46.573015974" lon="6.686292660">
      <ele>841.3</ele>
    </trkpt>
    <trkpt lat="46.573019227" lon="6.686294271">
      <ele>841.3</ele>
    </trkpt>
    <trkpt lat="46.573022502" lon="6.686295869">
      <ele>841.2</ele>
    </trkpt>
    <trkpt lat="46.573025787" lon="6.686297480">
      <ele>841.2</ele>
    </trkpt>
    <trkpt lat="46.573029073" lon="6.686299120">
      <ele>841.1</ele>
    </trkpt>
    <trkpt lat="46.573032348" lon="6.686300813">
      <ele>841.1</ele>
    </trkpt>
    <trkpt lat="46.573035611" lon="6.686302579">
      <ele>841.0</ele>
    </trkpt>
    <trkpt lat="46.573038851" lon="6.686304420">
      <ele>840.9</ele>
    </trkpt>
    <trkpt lat="46.573042060" lon="6.686306340">
      <ele>840.8</ele>
    </trkpt>
    <trkpt lat="46.573045236" lon="6.686308344">
      <ele>840.7</ele>
    </trkpt>
    <trkpt lat="46.573048369" lon="6.686310432">
      <ele>840.6</ele>
    </trkpt>
    <trkpt lat="46.573051463" lon="6.686312604">
      <ele>840.5</ele>
    </trkpt>
    <trkpt lat="46.573054515" lon="6.686314864">
      <ele>840.4</ele>
    </trkpt>
    <trkpt lat="46.573057532" lon="6.686317213">
      <ele>840.2</ele>
    </trkpt>
    <trkpt lat="46.573060523" lon="6.686319648">
      <ele>840.1</ele>
    </trkpt>
    <trkpt lat="46.573063495" lon="6.686322157">
      <ele>839.9</ele>
    </trkpt>
    <trkpt lat="46.573066460" lon="6.686324719">
      <ele>839.7</ele>
    </trkpt>
    <trkpt lat="46.573069424" lon="6.686327311">
      <ele>839.6</ele>
    </trkpt>
    <trkpt lat="46.573072394" lon="6.686329887">
      <ele>839.4</ele>
    </trkpt>
    <trkpt lat="46.573075371" lon="6.686332414">
      <ele>839.2</ele>
    </trkpt>
    <trkpt lat="46.573078354" lon="6.686334859">
      <ele>839.1</ele>
    </trkpt>
    <trkpt lat="46.573081341" lon="6.686337205">
      <ele>839.0</ele>
    </trkpt>
    <trkpt lat="46.573084326" lon="6.686339456">
      <ele>838.9</ele>
    </trkpt>
    <trkpt lat="46.573087311" lon="6.686341626">
      <ele>838.9</ele>
    </trkpt>
    <trkpt lat="46.573090294" lon="6.686343747">
      <ele>838.8</ele>
    </trkpt>
    <trkpt lat="46.573093282" lon="6.686345848">
      <ele>838.8</ele>
    </trkpt>
    <trkpt lat="46.573096289" lon="6.686347946">
      <ele>838.8</ele>
    </trkpt>
    <trkpt lat="46.573099331" lon="6.686350038">
      <ele>838.8</ele>
    </trkpt>
    <trkpt lat="46.573102430" lon="6.686352092">
      <ele>838.8</ele>
    </trkpt>
    <trkpt lat="46.573105604" lon="6.686354076">
      <ele>838.9</ele>
    </trkpt>
    <trkpt lat="46.573108872" lon="6.686355940">
      <ele>839.0</ele>
    </trkpt>
    <trkpt lat="46.573112235" lon="6.686357647">
      <ele>839.1</ele>
    </trkpt>
    <trkpt lat="46.573115691" lon="6.686359206">
      <ele>839.3</ele>
    </trkpt>
    <trkpt lat="46.573119215" lon="6.686360657">
      <ele>839.5</ele>
    </trkpt>
    <trkpt lat="46.573122770" lon="6.686362083">
      <ele>839.7</ele>
    </trkpt>
    <trkpt lat="46.573126314" lon="6.686363592">
      <ele>839.9</ele>
    </trkpt>
    <trkpt lat="46.573129798" lon="6.686365298">
      <ele>840.1</ele>
    </trkpt>
    <trkpt lat="46.573133184" lon="6.686367293">
      <ele>840.1</ele>
    </trkpt>
    <trkpt lat="46.573136451" lon="6.686369629">
      <ele>840.1</ele>
    </trkpt>
    <trkpt lat="46.573139597" lon="6.686372305">
      <ele>839.9</ele>
    </trkpt>
    <trkpt lat="46.573142641" lon="6.686375263">
      <ele>839.7</ele>
    </trkpt>
    <trkpt lat="46.573145615" lon="6.686378406">
      <ele>839.4</ele>
    </trkpt>
    <trkpt lat="46.573148560" lon="6.686381620">
      <ele>839.1</ele>
    </trkpt>
    <trkpt lat="46.573151510" lon="6.686384804">
      <ele>838.8</ele>
    </trkpt>
    <trkpt lat="46.573154494" lon="6.686387873">
      <ele>838.5</ele>
    </trkpt>
    <trkpt lat="46.573157529" lon="6.686390780">
      <ele>838.3</ele>
    </trkpt>
    <trkpt lat="46.573160618" lon="6.686393510">
      <ele>838.1</ele>
    </trkpt>
    <trkpt lat="46.573163756" lon="6.686396080">
      <ele>838.0</ele>
    </trkpt>
    <trkpt lat="46.573166932" lon="6.686398522">
      <ele>837.9</ele>
    </trkpt>
    <trkpt lat="46.573170137" lon="6.686400864">
      <ele>837.8</ele>
    </trkpt>
    <trkpt lat="46.573173365" lon="6.686403133">
      <ele>837.7</ele>
    </trkpt>
    <trkpt lat="46.573176608" lon="6.686405349">
      <ele>837.7</ele>
    </trkpt>
    <trkpt lat="46.573179863" lon="6.686407520">
      <ele>837.6</ele>
    </trkpt>
    <trkpt lat="46.573183129" lon="6.686409649">
      <ele>837.6</ele>
    </trkpt>
    <trkpt lat="46.573186405" lon="6.686411731">
      <ele>837.5</ele>
    </trkpt>
    <trkpt lat="46.573189690" lon="6.686413775">
      <ele>837.5</ele>
    </trkpt>
    <trkpt lat="46.573192980" lon="6.686415784">
      <ele>837.4</ele>
    </trkpt>
    <trkpt lat="46.573196273" lon="6.686417763">
      <ele>837.3</ele>
    </trkpt>
    <trkpt lat="46.573199566" lon="6.686419722">
      <ele>837.2</ele>
    </trkpt>
    <trkpt lat="46.573202857" lon="6.686421667">
      <ele>837.2</ele>
    </trkpt>
    <trkpt lat="46.573206138" lon="6.686423603">
      <ele>837.1</ele>
    </trkpt>
    <trkpt lat="46.573209409" lon="6.686425538">
      <ele>837.0</ele>
    </trkpt>
    <trkpt lat="46.573212664" lon="6.686427473">
      <ele>837.0</ele>
    </trkpt>
    <trkpt lat="46.573215894" lon="6.686429411">
      <ele>836.9</ele>
    </trkpt>
    <trkpt lat="46.573219095" lon="6.686431357">
      <ele>836.9</ele>
    </trkpt>
    <trkpt lat="46.573222264" lon="6.686433318">
      <ele>836.9</ele>
    </trkpt>
    <trkpt lat="46.573225399" lon="6.686435300">
      <ele>836.9</ele>
    </trkpt>
    <trkpt lat="46.573228503" lon="6.686437310">
      <ele>836.9</ele>
    </trkpt>
    <trkpt lat="46.573231586" lon="6.686439350">
      <ele>836.9</ele>
    </trkpt>
    <trkpt lat="46.573234660" lon="6.686441420">
      <ele>836.9</ele>
    </trkpt>
    <trkpt lat="46.573237738" lon="6.686443512">
      <ele>836.9</ele>
    </trkpt>
    <trkpt lat="46.573240831" lon="6.686445612">
      <ele>836.9</ele>
    </trkpt>
    <trkpt lat="46.573243948" lon="6.686447701">
      <ele>836.9</ele>
    </trkpt>
    <trkpt lat="46.573247091" lon="6.686449758">
      <ele>836.9</ele>
    </trkpt>
    <trkpt lat="46.573250260" lon="6.686451767">
      <ele>837.0</ele>
    </trkpt>
    <trkpt lat="46.573253449" lon="6.686453711">
      <ele>837.0</ele>
    </trkpt>
    <trkpt lat="46.573256658" lon="6.686455586">
      <ele>837.0</ele>
    </trkpt>
    <trkpt lat="46.573259880" lon="6.686457390">
      <ele>837.0</ele>
    </trkpt>
    <trkpt lat="46.573263115" lon="6.686459132">
      <ele>837.0</ele>
    </trkpt>
    <trkpt lat="46.573266358" lon="6.686460828">
      <ele>837.0</ele>
    </trkpt>
    <trkpt lat="46.573269606" lon="6.686462502">
      <ele>836.9</ele>
    </trkpt>
    <trkpt lat="46.573272855" lon="6.686464175">
      <ele>836.9</ele>
    </trkpt>
    <trkpt lat="46.573276098" lon="6.686465870">
      <ele>836.9</ele>
    </trkpt>
    <trkpt lat="46.573279330" lon="6.686467605">
      <ele>836.8</ele>
    </trkpt>
    <trkpt lat="46.573282543" lon="6.686469389">
      <ele>836.8</ele>
    </trkpt>
    <trkpt lat="46.573285735" lon="6.686471227">
      <ele>836.7</ele>
    </trkpt>
    <trkpt lat="46.573288899" lon="6.686473117">
      <ele>836.6</ele>
    </trkpt>
    <trkpt lat="46.573292034" lon="6.686475049">
      <ele>836.6</ele>
    </trkpt>
    <trkpt lat="46.573295140" lon="6.686477014">
      <ele>836.5</ele>
    </trkpt>
    <trkpt lat="46.573298220" lon="6.686478998">
      <ele>836.5</ele>
    </trkpt>
    <trkpt lat="46.573301280" lon="6.686480995">
      <ele>836.4</ele>
    </trkpt>
    <trkpt lat="46.573304336" lon="6.686483000">
      <ele>836.4</ele>
    </trkpt>
    <trkpt lat="46.573307396" lon="6.686485010">
      <ele>836.3</ele>
    </trkpt>
    <trkpt lat="46.573310474" lon="6.686487022">
      <ele>836.2</ele>
    </trkpt>
    <trkpt lat="46.573313582" lon="6.686489034">
      <ele>836.1</ele>
    </trkpt>
    <trkpt lat="46.573316732" lon="6.686491040">
      <ele>836.0</ele>
    </trkpt>
    <trkpt lat="46.573319924" lon="6.686493026">
      <ele>835.9</ele>
    </trkpt>
    <trkpt lat="46.573323161" lon="6.686494976">
      <ele>835.9</ele>
    </trkpt>
    <trkpt lat="46.573326439" lon="6.686496868">
      <ele>835.8</ele>
    </trkpt>
    <trkpt lat="46.573329748" lon="6.686498680">
      <ele>835.8</ele>
    </trkpt>
    <trkpt lat="46.573333075" lon="6.686500393">
      <ele>835.8</ele>
    </trkpt>
    <trkpt lat="46.573336405" lon="6.686501997">
      <ele>835.8</ele>
    </trkpt>
    <trkpt lat="46.573339718" lon="6.686503488">
      <ele>835.8</ele>
    </trkpt>
    <trkpt lat="46.573342993" lon="6.686504874">
      <ele>835.9</ele>
    </trkpt>
    <trkpt lat="46.573346213" lon="6.686506168">
      <ele>835.9</ele>
    </trkpt>
    <trkpt lat="46.573349359" lon="6.686507386">
      <ele>835.9</ele>
    </trkpt>
    <trkpt lat="46.573352421" lon="6.686508548">
      <ele>835.9</ele>
    </trkpt>
    <trkpt lat="46.573355398" lon="6.686509676">
      <ele>835.9</ele>
    </trkpt>
    <trkpt lat="46.573358298" lon="6.686510790">
      <ele>835.9</ele>
    </trkpt>
    <trkpt lat="46.573361138" lon="6.686511909">
      <ele>835.8</ele>
    </trkpt>
    <trkpt lat="46.573363942" lon="6.686513055">
      <ele>835.8</ele>
    </trkpt>
    <trkpt lat="46.573366731" lon="6.686514242">
      <ele>835.8</ele>
    </trkpt>
    <trkpt lat="46.573369530" lon="6.686515482">
      <ele>835.8</ele>
    </trkpt>
    <trkpt lat="46.573372360" lon="6.686516782">
      <ele>835.7</ele>
    </trkpt>
    <trkpt lat="46.573375233" lon="6.686518143">
      <ele>835.7</ele>
    </trkpt>
    <trkpt lat="46.573378160" lon="6.686519560">
      <ele>835.7</ele>
    </trkpt>
    <trkpt lat="46.573381145" lon="6.686521025">
      <ele>835.7</ele>
    </trkpt>
    <trkpt lat="46.573384196" lon="6.686522528">
      <ele>835.7</ele>
    </trkpt>
    <trkpt lat="46.573387316" lon="6.686524057">
      <ele>835.7</ele>
    </trkpt>
    <trkpt lat="46.573390504" lon="6.686525600">
      <ele>835.7</ele>
    </trkpt>
    <trkpt lat="46.573393758" lon="6.686527145">
      <ele>835.8</ele>
    </trkpt>
    <trkpt lat="46.573397075" lon="6.686528678">
      <ele>835.8</ele>
    </trkpt>
    <trkpt lat="46.573400437" lon="6.686530181">
      <ele>835.8</ele>
    </trkpt>
    <trkpt lat="46.573403828" lon="6.686531641">
      <ele>835.8</ele>
    </trkpt>
    <trkpt lat="46.573407227" lon="6.686533042">
      <ele>835.9</ele>
    </trkpt>
    <trkpt lat="46.573410615" lon="6.686534370">
      <ele>835.9</ele>
    </trkpt>
    <trkpt lat="46.573413975" lon="6.686535616">
      <ele>835.9</ele>
    </trkpt>
    <trkpt lat="46.573417302" lon="6.686536773">
      <ele>835.9</ele>
    </trkpt>
    <trkpt lat="46.573420595" lon="6.686537840">
      <ele>835.9</ele>
    </trkpt>
    <trkpt lat="46.573423861" lon="6.686538820">
      <ele>835.9</ele>
    </trkpt>
    <trkpt lat="46.573427107" lon="6.686539719">
      <ele>835.9</ele>
    </trkpt>
    <trkpt lat="46.573430345" lon="6.686540550">
      <ele>835.9</ele>
    </trkpt>
    <trkpt lat="46.573433579" lon="6.686541324">
      <ele>835.9</ele>
    </trkpt>
    <trkpt lat="46.573436812" lon="6.686542055">
      <ele>835.9</ele>
    </trkpt>
    <trkpt lat="46.573440044" lon="6.686542754">
      <ele>835.9</ele>
    </trkpt>
    <trkpt lat="46.573443274" lon="6.686543429">
      <ele>835.9</ele>
    </trkpt>
    <trkpt lat="46.573446502" lon="6.686544084">
      <ele>835.8</ele>
    </trkpt>
    <trkpt lat="46.573449728" lon="6.686544719">
      <ele>835.8</ele>
    </trkpt>
    <trkpt lat="46.573452949" lon="6.686545330">
      <ele>835.8</ele>
    </trkpt>
    <trkpt lat="46.573456171" lon="6.686545916">
      <ele>835.7</ele>
    </trkpt>
    <trkpt lat="46.573459392" lon="6.686546474">
      <ele>835.6</ele>
    </trkpt>
    <trkpt lat="46.573462613" lon="6.686547000">
      <ele>835.5</ele>
    </trkpt>
    <trkpt lat="46.573465834" lon="6.686547493">
      <ele>835.4</ele>
    </trkpt>
    <trkpt lat="46.573469057" lon="6.686547950">
      <ele>835.3</ele>
    </trkpt>
    <trkpt lat="46.573472287" lon="6.686548366">
      <ele>835.2</ele>
    </trkpt>
    <trkpt lat="46.573475526" lon="6.686548738">
      <ele>835.1</ele>
    </trkpt>
    <trkpt lat="46.573478778" lon="6.686549062">
      <ele>835.0</ele>
    </trkpt>
    <trkpt lat="46.573482053" lon="6.686549338">
      <ele>834.8</ele>
    </trkpt>
    <trkpt lat="46.573485352" lon="6.686549565">
      <ele>834.7</ele>
    </trkpt>
    <trkpt lat="46.573488677" lon="6.686549745">
      <ele>834.6</ele>
    </trkpt>
    <trkpt lat="46.573492022" lon="6.686549877">
      <ele>834.6</ele>
    </trkpt>
    <trkpt lat="46.573495381" lon="6.686549958">
      <ele>834.5</ele>
    </trkpt>
    <trkpt lat="46.573498744" lon="6.686549982">
      <ele>834.4</ele>
    </trkpt>
    <trkpt lat="46.573502103" lon="6.686549944">
      <ele>834.4</ele>
    </trkpt>
    <trkpt lat="46.573505451" lon="6.686549835">
      <ele>834.3</ele>
    </trkpt>
    <trkpt lat="46.573508788" lon="6.686549650">
      <ele>834.3</ele>
    </trkpt>
    <trkpt lat="46.573512109" lon="6.686549388">
      <ele>834.3</ele>
    </trkpt>
    <trkpt lat="46.573515420" lon="6.686549048">
      <ele>834.2</ele>
    </trkpt>
    <trkpt lat="46.573518722" lon="6.686548635">
      <ele>834.2</ele>
    </trkpt>
    <trkpt lat="46.573522022" lon="6.686548152">
      <ele>834.2</ele>
    </trkpt>
    <trkpt lat="46.573525322" lon="6.686547601">
      <ele>834.2</ele>
    </trkpt>
    <trkpt lat="46.573528623" lon="6.686546982">
      <ele>834.2</ele>
    </trkpt>
    <trkpt lat="46.573531929" lon="6.686546291">
      <ele>834.2</ele>
    </trkpt>
    <trkpt lat="46.573535240" lon="6.686545524">
      <ele>834.2</ele>
    </trkpt>
    <trkpt lat="46.573538560" lon="6.686544676">
      <ele>834.2</ele>
    </trkpt>
    <trkpt lat="46.573541891" lon="6.686543750">
      <ele>834.2</ele>
    </trkpt>
    <trkpt lat="46.573545236" lon="6.686542748">
      <ele>834.2</ele>
    </trkpt>
    <trkpt lat="46.573548598" lon="6.686541674">
      <ele>834.2</ele>
    </trkpt>
    <trkpt lat="46.573551976" lon="6.686540536">
      <ele>834.2</ele>
    </trkpt>
    <trkpt lat="46.573555368" lon="6.686539340">
      <ele>834.2</ele>
    </trkpt>
    <trkpt lat="46.573558768" lon="6.686538090">
      <ele>834.2</ele>
    </trkpt>
    <trkpt lat="46.573562165" lon="6.686536791">
      <ele>834.2</ele>
    </trkpt>
    <trkpt lat="46.573565550" lon="6.686535450">
      <ele>834.2</ele>
    </trkpt>
    <trkpt lat="46.573568914" lon="6.686534074">
      <ele>834.2</ele>
    </trkpt>
    <trkpt lat="46.573572257" lon="6.686532673">
      <ele>834.2</ele>
    </trkpt>
    <trkpt lat="46.573575579" lon="6.686531260">
      <ele>834.2</ele>
    </trkpt>
    <trkpt lat="46.573578890" lon="6.686529845">
      <ele>834.2</ele>
    </trkpt>
    <trkpt lat="46.573582201" lon="6.686528442">
      <ele>834.2</ele>
    </trkpt>
    <trkpt lat="46.573585524" lon="6.686527056">
      <ele>834.2</ele>
    </trkpt>
    <trkpt lat="46.573588869" lon="6.686525690">
      <ele>834.3</ele>
    </trkpt>
    <trkpt lat="46.573592240" lon="6.686524342">
      <ele>834.3</ele>
    </trkpt>
    <trkpt lat="46.573595639" lon="6.686523005">
      <ele>834.4</ele>
    </trkpt>
    <trkpt lat="46.573599060" lon="6.686521670">
      <ele>834.4</ele>
    </trkpt>
    <trkpt lat="46.573602498" lon="6.686520322">
      <ele>834.5</ele>
    </trkpt>
    <trkpt lat="46.573605943" lon="6.686518947">
      <ele>834.6</ele>
    </trkpt>
    <trkpt lat="46.573609391" lon="6.686517530">
      <ele>834.6</ele>
    </trkpt>
    <trkpt lat="46.573612833" lon="6.686516057">
      <ele>834.7</ele>
    </trkpt>
    <trkpt lat="46.573616262" lon="6.686514521">
      <ele>834.8</ele>
    </trkpt>
    <trkpt lat="46.573619674" lon="6.686512918">
      <ele>834.9</ele>
    </trkpt>
    <trkpt lat="46.573623064" lon="6.686511251">
      <ele>835.0</ele>
    </trkpt>
    <trkpt lat="46.573626431" lon="6.686509527">
      <ele>835.0</ele>
    </trkpt>
    <trkpt lat="46.573629769" lon="6.686507758">
      <ele>835.1</ele>
    </trkpt>
    <trkpt lat="46.573633085" lon="6.686505956">
      <ele>835.2</ele>
    </trkpt>
    <trkpt lat="46.573636382" lon="6.686504136">
      <ele>835.3</ele>
    </trkpt>
    <trkpt lat="46.573639669" lon="6.686502306">
      <ele>835.3</ele>
    </trkpt>
    <trkpt lat="46.573642952" lon="6.686500475">
      <ele>835.4</ele>
    </trkpt>
    <trkpt lat="46.573646244" lon="6.686498645">
      <ele>835.5</ele>
    </trkpt>
    <trkpt lat="46.573649549" lon="6.686496821">
      <ele>835.5</ele>
    </trkpt>
    <trkpt lat="46.573652871" lon="6.686495000">
      <ele>835.6</ele>
    </trkpt>
    <trkpt lat="46.573656209" lon="6.686493182">
      <ele>835.6</ele>
    </trkpt>
    <trkpt lat="46.573659560" lon="6.686491360">
      <ele>835.6</ele>
    </trkpt>
    <trkpt lat="46.573662916" lon="6.686489530">
      <ele>835.6</ele>
    </trkpt>
    <trkpt lat="46.573666268" lon="6.686487686">
      <ele>835.7</ele>
    </trkpt>
    <trkpt lat="46.573669607" lon="6.686485818">
      <ele>835.7</ele>
    </trkpt>
    <trkpt lat="46.573672927" lon="6.686483922">
      <ele>835.7</ele>
    </trkpt>
    <trkpt lat="46.573676223" lon="6.686481991">
      <ele>835.7</ele>
    </trkpt>
    <trkpt lat="46.573679488" lon="6.686480022">
      <ele>835.7</ele>
    </trkpt>
    <trkpt lat="46.573682725" lon="6.686478012">
      <ele>835.7</ele>
    </trkpt>
    <trkpt lat="46.573685932" lon="6.686475961">
      <ele>835.7</ele>
    </trkpt>
    <trkpt lat="46.573689110" lon="6.686473868">
      <ele>835.8</ele>
    </trkpt>
    <trkpt lat="46.573692259" lon="6.686471739">
      <ele>835.8</ele>
    </trkpt>
    <trkpt lat="46.573695387" lon="6.686469574">
      <ele>835.8</ele>
    </trkpt>
    <trkpt lat="46.573698497" lon="6.686467368">
      <ele>835.9</ele>
    </trkpt>
    <trkpt lat="46.573701593" lon="6.686465118">
      <ele>835.9</ele>
    </trkpt>
    <trkpt lat="46.573704674" lon="6.686462813">
      <ele>835.9</ele>
    </trkpt>
    <trkpt lat="46.573707739" lon="6.686460442">
      <ele>835.9</ele>
    </trkpt>
    <trkpt lat="46.573710783" lon="6.686457997">
      <ele>835.8</ele>
    </trkpt>
    <trkpt lat="46.573713798" lon="6.686455473">
      <ele>835.7</ele>
    </trkpt>
    <trkpt lat="46.573716778" lon="6.686452874">
      <ele>835.5</ele>
    </trkpt>
    <trkpt lat="46.573719719" lon="6.686450214">
      <ele>835.3</ele>
    </trkpt>
    <trkpt lat="46.573722625" lon="6.686447507">
      <ele>835.1</ele>
    </trkpt>
    <trkpt lat="46.573725509" lon="6.686444774">
      <ele>834.9</ele>
    </trkpt>
    <trkpt lat="46.573728385" lon="6.686442036">
      <ele>834.7</ele>
    </trkpt>
    <trkpt lat="46.573731274" lon="6.686439303">
      <ele>834.5</ele>
    </trkpt>
    <trkpt lat="46.573734188" lon="6.686436583">
      <ele>834.4</ele>
    </trkpt>
    <trkpt lat="46.573737140" lon="6.686433868">
      <ele>834.3</ele>
    </trkpt>
    <trkpt lat="46.573740128" lon="6.686431152">
      <ele>834.3</ele>
    </trkpt>
    <trkpt lat="46.573743146" lon="6.686428421">
      <ele>834.4</ele>
    </trkpt>
    <trkpt lat="46.573746183" lon="6.686425665">
      <ele>834.4</ele>
    </trkpt>
    <trkpt lat="46.573749224" lon="6.686422875">
      <ele>834.5</ele>
    </trkpt>
    <trkpt lat="46.573752254" lon="6.686420047">
      <ele>834.6</ele>
    </trkpt>
    <trkpt lat="46.573755270" lon="6.686417187">
      <ele>834.6</ele>
    </trkpt>
    <trkpt lat="46.573758267" lon="6.686414309">
      <ele>834.7</ele>
    </trkpt>
    <trkpt lat="46.573761249" lon="6.686411429">
      <ele>834.7</ele>
    </trkpt>
    <trkpt lat="46.573764222" lon="6.686408572">
      <ele>834.8</ele>
    </trkpt>
    <trkpt lat="46.573767194" lon="6.686405750">
      <ele>834.9</ele>
    </trkpt>
    <trkpt lat="46.573770173" lon="6.686402980">
      <ele>835.1</ele>
    </trkpt>
    <trkpt lat="46.573773160" lon="6.686400271">
      <ele>835.3</ele>
    </trkpt>
    <trkpt lat="46.573776162" lon="6.686397614">
      <ele>835.6</ele>
    </trkpt>
    <trkpt lat="46.573779173" lon="6.686395004">
      <ele>835.9</ele>
    </trkpt>
    <trkpt lat="46.573782187" lon="6.686392425">
      <ele>836.1</ele>
    </trkpt>
    <trkpt lat="46.573785198" lon="6.686389863">
      <ele>836.4</ele>
    </trkpt>
    <trkpt lat="46.573788199" lon="6.686387306">
      <ele>836.6</ele>
    </trkpt>
    <trkpt lat="46.573791188" lon="6.686384742">
      <ele>836.7</ele>
    </trkpt>
    <trkpt lat="46.573794169" lon="6.686382164">
      <ele>836.7</ele>
    </trkpt>
    <trkpt lat="46.573797147" lon="6.686379575">
      <ele>836.7</ele>
    </trkpt>
    <trkpt lat="46.573800127" lon="6.686376974">
      <ele>836.5</ele>
    </trkpt>
    <trkpt lat="46.573803114" lon="6.686374373">
      <ele>836.4</ele>
    </trkpt>
    <trkpt lat="46.573806107" lon="6.686371786">
      <ele>836.2</ele>
    </trkpt>
    <trkpt lat="46.573809100" lon="6.686369239">
      <ele>836.0</ele>
    </trkpt>
    <trkpt lat="46.573812076" lon="6.686366763">
      <ele>835.9</ele>
    </trkpt>
    <trkpt lat="46.573815017" lon="6.686364390">
      <ele>835.9</ele>
    </trkpt>
    <trkpt lat="46.573817908" lon="6.686362151">
      <ele>835.9</ele>
    </trkpt>
    <trkpt lat="46.573820736" lon="6.686360069">
      <ele>836.1</ele>
    </trkpt>
    <trkpt lat="46.573823498" lon="6.686358155">
      <ele>836.2</ele>
    </trkpt>
    <trkpt lat="46.573826199" lon="6.686356409">
      <ele>836.5</ele>
    </trkpt>
    <trkpt lat="46.573828847" lon="6.686354810">
      <ele>836.8</ele>
    </trkpt>
    <trkpt lat="46.573831462" lon="6.686353333">
      <ele>837.2</ele>
    </trkpt>
    <trkpt lat="46.573834061" lon="6.686351945">
      <ele>837.5</ele>
    </trkpt>
    <trkpt lat="46.573836668" lon="6.686350609">
      <ele>837.8</ele>
    </trkpt>
    <trkpt lat="46.573839303" lon="6.686349290">
      <ele>838.1</ele>
    </trkpt>
    <trkpt lat="46.573841981" lon="6.686347958">
      <ele>838.4</ele>
    </trkpt>
    <trkpt lat="46.573844718" lon="6.686346593">
      <ele>838.6</ele>
    </trkpt>
    <trkpt lat="46.573847519" lon="6.686345184">
      <ele>838.7</ele>
    </trkpt>
    <trkpt lat="46.573850386" lon="6.686343723">
      <ele>838.8</ele>
    </trkpt>
    <trkpt lat="46.573853305" lon="6.686342217">
      <ele>838.8</ele>
    </trkpt>
    <trkpt lat="46.573856259" lon="6.686340676">
      <ele>838.9</ele>
    </trkpt>
    <trkpt lat="46.573859224" lon="6.686339117">
      <ele>838.9</ele>
    </trkpt>
    <trkpt lat="46.573862171" lon="6.686337557">
      <ele>838.9</ele>
    </trkpt>
    <trkpt lat="46.573865079" lon="6.686336009">
      <ele>838.9</ele>
    </trkpt>
    <trkpt lat="46.573867931" lon="6.686334479">
      <ele>838.9</ele>
    </trkpt>
    <trkpt lat="46.573870726" lon="6.686332966">
      <ele>838.9</ele>
    </trkpt>
    <trkpt lat="46.573873469" lon="6.686331460">
      <ele>838.9</ele>
    </trkpt>
    <trkpt lat="46.573876180" lon="6.686329948">
      <ele>838.9</ele>
    </trkpt>
    <trkpt lat="46.573878888" lon="6.686328412">
      <ele>838.9</ele>
    </trkpt>
    <trkpt lat="46.573881625" lon="6.686326837">
      <ele>838.9</ele>
    </trkpt>
    <trkpt lat="46.573884419" lon="6.686325214">
      <ele>838.9</ele>
    </trkpt>
    <trkpt lat="46.573887289" lon="6.686323539">
      <ele>839.0</ele>
    </trkpt>
    <trkpt lat="46.573890238" lon="6.686321819">
      <ele>839.0</ele>
    </trkpt>
    <trkpt lat="46.573893261" lon="6.686320065">
      <ele>839.0</ele>
    </trkpt>
    <trkpt lat="46.573896341" lon="6.686318283">
      <ele>839.1</ele>
    </trkpt>
    <trkpt lat="46.573899457" lon="6.686316485">
      <ele>839.1</ele>
    </trkpt>
    <trkpt lat="46.573902586" lon="6.686314677">
      <ele>839.1</ele>
    </trkpt>
    <trkpt lat="46.573905709" lon="6.686312857">
      <ele>839.2</ele>
    </trkpt>
    <trkpt lat="46.573908807" lon="6.686311020">
      <ele>839.2</ele>
    </trkpt>
    <trkpt lat="46.573911872" lon="6.686309154">
      <ele>839.2</ele>
    </trkpt>
    <trkpt lat="46.573914897" lon="6.686307231">
      <ele>839.1</ele>
    </trkpt>
    <trkpt lat="46.573917878" lon="6.686305239">
      <ele>839.0</ele>
    </trkpt>
    <trkpt lat="46.573920807" lon="6.686303164">
      <ele>838.9</ele>
    </trkpt>
    <trkpt lat="46.573923683" lon="6.686300993">
      <ele>838.7</ele>
    </trkpt>
    <trkpt lat="46.573926509" lon="6.686298717">
      <ele>838.5</ele>
    </trkpt>
    <trkpt lat="46.573929288" lon="6.686296331">
      <ele>838.2</ele>
    </trkpt>
    <trkpt lat="46.573932033" lon="6.686293829">
      <ele>837.9</ele>
    </trkpt>
    <trkpt lat="46.573934756" lon="6.686291207">
      <ele>837.5</ele>
    </trkpt>
    <trkpt lat="46.573937474" lon="6.686288463">
      <ele>837.1</ele>
    </trkpt>
    <trkpt lat="46.573940205" lon="6.686285599">
      <ele>836.6</ele>
    </trkpt>
    <trkpt lat="46.573942962" lon="6.686282629">
      <ele>836.2</ele>
    </trkpt>
    <trkpt lat="46.573945764" lon="6.686279587">
      <ele>835.8</ele>
    </trkpt>
    <trkpt lat="46.573948619" lon="6.686276519">
      <ele>835.4</ele>
    </trkpt>
    <trkpt lat="46.573951537" lon="6.686273490">
      <ele>835.0</ele>
    </trkpt>
    <trkpt lat="46.573954525" lon="6.686270563">
      <ele>834.7</ele>
    </trkpt>
    <trkpt lat="46.573957594" lon="6.686267811">
      <ele>834.5</ele>
    </trkpt>
    <trkpt lat="46.573960744" lon="6.686265289">
      <ele>834.3</ele>
    </trkpt>
    <trkpt lat="46.573963982" lon="6.686263029">
      <ele>834.3</ele>
    </trkpt>
    <trkpt lat="46.573967299" lon="6.686261033">
      <ele>834.4</ele>
    </trkpt>
    <trkpt lat="46.573970679" lon="6.686259272">
      <ele>834.6</ele>
    </trkpt>
    <trkpt lat="46.573974098" lon="6.686257682">
      <ele>834.8</ele>
    </trkpt>
    <trkpt lat="46.573977527" lon="6.686256178">
      <ele>835.1</ele>
    </trkpt>
    <trkpt lat="46.573980935" lon="6.686254664">
      <ele>835.4</ele>
    </trkpt>
    <trkpt lat="46.573984296" lon="6.686253054">
      <ele>835.6</ele>
    </trkpt>
    <trkpt lat="46.573987592" lon="6.686251283">
      <ele>835.7</ele>
    </trkpt>
    <trkpt lat="46.573990816" lon="6.686249329">
      <ele>835.7</ele>
    </trkpt>
    <trkpt lat="46.573993980" lon="6.686247192">
      <ele>835.7</ele>
    </trkpt>
    <trkpt lat="46.573997099" lon="6.686244915">
      <ele>835.5</ele>
    </trkpt>
    <trkpt lat="46.574000197" lon="6.686242562">
      <ele>835.4</ele>
    </trkpt>
    <trkpt lat="46.574003291" lon="6.686240195">
      <ele>835.2</ele>
    </trkpt>
    <trkpt lat="46.574006392" lon="6.686237869">
      <ele>835.0</ele>
    </trkpt>
    <trkpt lat="46.574009510" lon="6.686235623">
      <ele>834.9</ele>
    </trkpt>
    <trkpt lat="46.574012650" lon="6.686233476">
      <ele>834.9</ele>
    </trkpt>
    <trkpt lat="46.574015811" lon="6.686231428">
      <ele>834.9</ele>
    </trkpt>
    <trkpt lat="46.574018997" lon="6.686229477">
      <ele>835.0</ele>
    </trkpt>
    <trkpt lat="46.574022207" lon="6.686227607">
      <ele>835.1</ele>
    </trkpt>
    <trkpt lat="46.574025436" lon="6.686225790">
      <ele>835.3</ele>
    </trkpt>
    <trkpt lat="46.574028675" lon="6.686223991">
      <ele>835.6</ele>
    </trkpt>
    <trkpt lat="46.574031902" lon="6.686222153">
      <ele>835.9</ele>
    </trkpt>
    <trkpt lat="46.574035085" lon="6.686220215">
      <ele>836.2</ele>
    </trkpt>
    <trkpt lat="46.574038186" lon="6.686218103">
      <ele>836.4</ele>
    </trkpt>
    <trkpt lat="46.574041176" lon="6.686215764">
      <ele>836.6</ele>
    </trkpt>
    <trkpt lat="46.574044038" lon="6.686213181">
      <ele>836.7</ele>
    </trkpt>
    <trkpt lat="46.574046773" lon="6.686210375">
      <ele>836.7</ele>
    </trkpt>
    <trkpt lat="46.574049402" lon="6.686207415">
      <ele>836.6</ele>
    </trkpt>
    <trkpt lat="46.574051973" lon="6.686204409">
      <ele>836.5</ele>
    </trkpt>
    <trkpt lat="46.574054540" lon="6.686201487">
      <ele>836.3</ele>
    </trkpt>
    <trkpt lat="46.574057165" lon="6.686198784">
      <ele>836.2</ele>
    </trkpt>
    <trkpt lat="46.574059902" lon="6.686196411">
      <ele>836.1</ele>
    </trkpt>
    <trkpt lat="46.574062782" lon="6.686194441">
      <ele>836.1</ele>
    </trkpt>
    <trkpt lat="46.574065822" lon="6.686192907">
      <ele>836.1</ele>
    </trkpt>
    <trkpt lat="46.574069006" lon="6.686191798">
      <ele>836.2</ele>
    </trkpt>
    <trkpt lat="46.574072315" lon="6.686191067">
      <ele>836.4</ele>
    </trkpt>
    <trkpt lat="46.574075704" lon="6.686190645">
      <ele>836.7</ele>
    </trkpt>
    <trkpt lat="46.574079134" lon="6.686190445">
      <ele>836.9</ele>
    </trkpt>
    <trkpt lat="46.574082567" lon="6.686190375">
      <ele>837.2</ele>
    </trkpt>
    <trkpt lat="46.574085974" lon="6.686190345">
      <ele>837.6</ele>
    </trkpt>
    <trkpt lat="46.574089340" lon="6.686190272">
      <ele>837.9</ele>
    </trkpt>
    <trkpt lat="46.574092661" lon="6.686190088">
      <ele>838.1</ele>
    </trkpt>
    <trkpt lat="46.574095941" lon="6.686189733">
      <ele>838.4</ele>
    </trkpt>
    <trkpt lat="46.574099193" lon="6.686189164">
      <ele>838.6</ele>
    </trkpt>
    <trkpt lat="46.574102424" lon="6.686188355">
      <ele>838.7</ele>
    </trkpt>
    <trkpt lat="46.574105633" lon="6.686187301">
      <ele>838.8</ele>
    </trkpt>
    <trkpt lat="46.574108819" lon="6.686186016">
      <ele>838.9</ele>
    </trkpt>
    <trkpt lat="46.574111976" lon="6.686184522">
      <ele>839.0</ele>
    </trkpt>
    <trkpt lat="46.574115094" lon="6.686182848">
      <ele>839.0</ele>
    </trkpt>
    <trkpt lat="46.574118165" lon="6.686181021">
      <ele>839.0</ele>
    </trkpt>
    <trkpt lat="46.574121186" lon="6.686179063">
      <ele>838.9</ele>
    </trkpt>
    <trkpt lat="46.574124167" lon="6.686176994">
      <ele>838.8</ele>
    </trkpt>
    <trkpt lat="46.574127122" lon="6.686174823">
      <ele>838.7</ele>
    </trkpt>
    <trkpt lat="46.574130063" lon="6.686172551">
      <ele>838.6</ele>
    </trkpt>
    <trkpt lat="46.574133007" lon="6.686170183">
      <ele>838.5</ele>
    </trkpt>
    <trkpt lat="46.574135960" lon="6.686167724">
      <ele>838.4</ele>
    </trkpt>
    <trkpt lat="46.574138923" lon="6.686165186">
      <ele>838.3</ele>
    </trkpt>
    <trkpt lat="46.574141892" lon="6.686162577">
      <ele>838.2</ele>
    </trkpt>
    <trkpt lat="46.574144850" lon="6.686159902">
      <ele>838.2</ele>
    </trkpt>
    <trkpt lat="46.574147781" lon="6.686157160">
      <ele>838.1</ele>
    </trkpt>
    <trkpt lat="46.574150670" lon="6.686154344">
      <ele>838.1</ele>
    </trkpt>
    <trkpt lat="46.574153515" lon="6.686151451">
      <ele>838.1</ele>
    </trkpt>
    <trkpt lat="46.574156322" lon="6.686148480">
      <ele>838.0</ele>
    </trkpt>
    <trkpt lat="46.574159107" lon="6.686145444">
      <ele>838.0</ele>
    </trkpt>
    <trkpt lat="46.574161898" lon="6.686142364">
      <ele>837.9</ele>
    </trkpt>
    <trkpt lat="46.574164721" lon="6.686139263">
      <ele>837.9</ele>
    </trkpt>
    <trkpt lat="46.574167598" lon="6.686136170">
      <ele>837.8</ele>
    </trkpt>
    <trkpt lat="46.574170538" lon="6.686133100">
      <ele>837.8</ele>
    </trkpt>
    <trkpt lat="46.574173534" lon="6.686130054">
      <ele>837.8</ele>
    </trkpt>
    <trkpt lat="46.574176572" lon="6.686127018">
      <ele>837.9</ele>
    </trkpt>
    <trkpt lat="46.574179621" lon="6.686123955">
      <ele>837.9</ele>
    </trkpt>
    <trkpt lat="46.574182649" lon="6.686120832">
      <ele>838.0</ele>
    </trkpt>
    <trkpt lat="46.574185625" lon="6.686117619">
      <ele>838.1</ele>
    </trkpt>
    <trkpt lat="46.574188531" lon="6.686114290">
      <ele>838.2</ele>
    </trkpt>
    <trkpt lat="46.574191356" lon="6.686110833">
      <ele>838.2</ele>
    </trkpt>
    <trkpt lat="46.574194097" lon="6.686107244">
      <ele>838.3</ele>
    </trkpt>
    <trkpt lat="46.574196753" lon="6.686103528">
      <ele>838.3</ele>
    </trkpt>
    <trkpt lat="46.574199329" lon="6.686099697">
      <ele>838.3</ele>
    </trkpt>
    <trkpt lat="46.574201835" lon="6.686095773">
      <ele>838.4</ele>
    </trkpt>
    <trkpt lat="46.574204277" lon="6.686091771">
      <ele>838.4</ele>
    </trkpt>
    <trkpt lat="46.574206665" lon="6.686087714">
      <ele>838.4</ele>
    </trkpt>
    <trkpt lat="46.574209012" lon="6.686083627">
      <ele>838.3</ele>
    </trkpt>
    <trkpt lat="46.574211329" lon="6.686079537">
      <ele>838.3</ele>
    </trkpt>
    <trkpt lat="46.574213628" lon="6.686075462">
      <ele>838.3</ele>
    </trkpt>
    <trkpt lat="46.574215912" lon="6.686071415">
      <ele>838.3</ele>
    </trkpt>
    <trkpt lat="46.574218179" lon="6.686067393">
      <ele>838.3</ele>
    </trkpt>
    <trkpt lat="46.574220424" lon="6.686063388">
      <ele>838.4</ele>
    </trkpt>
    <trkpt lat="46.574222638" lon="6.686059385">
      <ele>838.4</ele>
    </trkpt>
    <trkpt lat="46.574224813" lon="6.686055360">
      <ele>838.4</ele>
    </trkpt>
    <trkpt lat="46.574226941" lon="6.686051296">
      <ele>838.4</ele>
    </trkpt>
    <trkpt lat="46.574229021" lon="6.686047173">
      <ele>838.4</ele>
    </trkpt>
    <trkpt lat="46.574231055" lon="6.686042973">
      <ele>838.4</ele>
    </trkpt>
    <trkpt lat="46.574233042" lon="6.686038688">
      <ele>838.4</ele>
    </trkpt>
    <trkpt lat="46.574234978" lon="6.686034314">
      <ele>838.5</ele>
    </trkpt>
    <trkpt lat="46.574236861" lon="6.686029851">
      <ele>838.5</ele>
    </trkpt>
    <trkpt lat="46.574238685" lon="6.686025306">
      <ele>838.5</ele>
    </trkpt>
    <trkpt lat="46.574240443" lon="6.686020687">
      <ele>838.6</ele>
    </trkpt>
    <trkpt lat="46.574242136" lon="6.686016013">
      <ele>838.6</ele>
    </trkpt>
    <trkpt lat="46.574243763" lon="6.686011301">
      <ele>838.6</ele>
    </trkpt>
    <trkpt lat="46.574245327" lon="6.686006576">
      <ele>838.7</ele>
    </trkpt>
    <trkpt lat="46.574246835" lon="6.686001854">
      <ele>838.7</ele>
    </trkpt>
    <trkpt lat="46.574248292" lon="6.685997149">
      <ele>838.8</ele>
    </trkpt>
    <trkpt lat="46.574249700" lon="6.685992470">
      <ele>838.8</ele>
    </trkpt>
    <trkpt lat="46.574251062" lon="6.685987815">
      <ele>838.8</ele>
    </trkpt>
    <trkpt lat="46.574252376" lon="6.685983182">
      <ele>838.9</ele>
    </trkpt>
    <trkpt lat="46.574253644" lon="6.685978565">
      <ele>838.9</ele>
    </trkpt>
    <trkpt lat="46.574254869" lon="6.685973951">
      <ele>839.0</ele>
    </trkpt>
    <trkpt lat="46.574256068" lon="6.685969327">
      <ele>839.0</ele>
    </trkpt>
    <trkpt lat="46.574257256" lon="6.685964691">
      <ele>839.0</ele>
    </trkpt>
    <trkpt lat="46.574258455" lon="6.685960045">
      <ele>839.0</ele>
    </trkpt>
    <trkpt lat="46.574259690" lon="6.685955396">
      <ele>839.1</ele>
    </trkpt>
    <trkpt lat="46.574260981" lon="6.685950746">
      <ele>839.1</ele>
    </trkpt>
    <trkpt lat="46.574262346" lon="6.685946105">
      <ele>839.2</ele>
    </trkpt>
    <trkpt lat="46.574263786" lon="6.685941475">
      <ele>839.2</ele>
    </trkpt>
    <trkpt lat="46.574265292" lon="6.685936853">
      <ele>839.2</ele>
    </trkpt>
    <trkpt lat="46.574266834" lon="6.685932224">
      <ele>839.3</ele>
    </trkpt>
    <trkpt lat="46.574268365" lon="6.685927570">
      <ele>839.3</ele>
    </trkpt>
    <trkpt lat="46.574269830" lon="6.685922868">
      <ele>839.3</ele>
    </trkpt>
    <trkpt lat="46.574271165" lon="6.685918100">
      <ele>839.3</ele>
    </trkpt>
    <trkpt lat="46.574272304" lon="6.685913260">
      <ele>839.3</ele>
    </trkpt>
    <trkpt lat="46.574273196" lon="6.685908351">
      <ele>839.4</ele>
    </trkpt>
    <trkpt lat="46.574273802" lon="6.685903390">
      <ele>839.4</ele>
    </trkpt>
    <trkpt lat="46.574274103" lon="6.685898402">
      <ele>839.4</ele>
    </trkpt>
    <trkpt lat="46.574274101" lon="6.685893410">
      <ele>839.4</ele>
    </trkpt>
    <trkpt lat="46.574273815" lon="6.685888441">
      <ele>839.5</ele>
    </trkpt>
    <trkpt lat="46.574273274" lon="6.685883515">
      <ele>839.5</ele>
    </trkpt>
    <trkpt lat="46.574272508" lon="6.685878644">
      <ele>839.6</ele>
    </trkpt>
    <trkpt lat="46.574271551" lon="6.685873835">
      <ele>839.6</ele>
    </trkpt>
    <trkpt lat="46.574270426" lon="6.685869091">
      <ele>839.7</ele>
    </trkpt>
    <trkpt lat="46.574269157" lon="6.685864412">
      <ele>839.7</ele>
    </trkpt>
    <trkpt lat="46.574267758" lon="6.685859796">
      <ele>839.7</ele>
    </trkpt>
    <trkpt lat="46.574266239" lon="6.685855247">
      <ele>839.7</ele>
    </trkpt>
    <trkpt lat="46.574264607" lon="6.685850771">
      <ele>839.7</ele>
    </trkpt>
    <trkpt lat="46.574262877" lon="6.685846371">
      <ele>839.8</ele>
    </trkpt>
    <trkpt lat="46.574261059" lon="6.685842052">
      <ele>839.8</ele>
    </trkpt>
    <trkpt lat="46.574259165" lon="6.685837816">
      <ele>839.8</ele>
    </trkpt>
    <trkpt lat="46.574257205" lon="6.685833662">
      <ele>839.8</ele>
    </trkpt>
    <trkpt lat="46.574255191" lon="6.685829592">
      <ele>839.8</ele>
    </trkpt>
    <trkpt lat="46.574253131" lon="6.685825602">
      <ele>839.8</ele>
    </trkpt>
    <trkpt lat="46.574251034" lon="6.685821691">
      <ele>839.8</ele>
    </trkpt>
    <trkpt lat="46.574248906" lon="6.685817858">
      <ele>839.8</ele>
    </trkpt>
    <trkpt lat="46.574246755" lon="6.685814099">
      <ele>839.9</ele>
    </trkpt>
    <trkpt lat="46.574244588" lon="6.685810406">
      <ele>839.9</ele>
    </trkpt>
    <trkpt lat="46.574242411" lon="6.685806766">
      <ele>839.9</ele>
    </trkpt>
    <trkpt lat="46.574240232" lon="6.685803161">
      <ele>839.9</ele>
    </trkpt>
    <trkpt lat="46.574238056" lon="6.685799566">
      <ele>839.9</ele>
    </trkpt>
    <trkpt lat="46.574235885" lon="6.685795955">
      <ele>839.9</ele>
    </trkpt>
    <trkpt lat="46.574233718" lon="6.685792307">
      <ele>839.9</ele>
    </trkpt>
    <trkpt lat="46.574231551" lon="6.685788610">
      <ele>839.8</ele>
    </trkpt>
    <trkpt lat="46.574229376" lon="6.685784862">
      <ele>839.8</ele>
    </trkpt>
    <trkpt lat="46.574227187" lon="6.685781073">
      <ele>839.8</ele>
    </trkpt>
    <trkpt lat="46.574224976" lon="6.685777263">
      <ele>839.7</ele>
    </trkpt>
    <trkpt lat="46.574222743" lon="6.685773449">
      <ele>839.7</ele>
    </trkpt>
    <trkpt lat="46.574220490" lon="6.685769648">
      <ele>839.6</ele>
    </trkpt>
    <trkpt lat="46.574218222" lon="6.685765874">
      <ele>839.6</ele>
    </trkpt>
    <trkpt lat="46.574215941" lon="6.685762122">
      <ele>839.5</ele>
    </trkpt>
    <trkpt lat="46.574213648" lon="6.685758394">
      <ele>839.5</ele>
    </trkpt>
    <trkpt lat="46.574211342" lon="6.685754681">
      <ele>839.5</ele>
    </trkpt>
    <trkpt lat="46.574209022" lon="6.685750979">
      <ele>839.5</ele>
    </trkpt>
    <trkpt lat="46.574206693" lon="6.685747276">
      <ele>839.5</ele>
    </trkpt>
    <trkpt lat="46.574204366" lon="6.685743563">
      <ele>839.6</ele>
    </trkpt>
    <trkpt lat="46.574202062" lon="6.685739820">
      <ele>839.7</ele>
    </trkpt>
    <trkpt lat="46.574199807" lon="6.685736020">
      <ele>839.7</ele>
    </trkpt>
    <trkpt lat="46.574197630" lon="6.685732139">
      <ele>839.8</ele>
    </trkpt>
    <trkpt lat="46.574195555" lon="6.685728155">
      <ele>839.8</ele>
    </trkpt>
    <trkpt lat="46.574193593" lon="6.685724054">
      <ele>839.8</ele>
    </trkpt>
    <trkpt lat="46.574191738" lon="6.685719837">
      <ele>839.8</ele>
    </trkpt>
    <trkpt lat="46.574189970" lon="6.685715524">
      <ele>839.7</ele>
    </trkpt>
    <trkpt lat="46.574188254" lon="6.685711146">
      <ele>839.7</ele>
    </trkpt>
    <trkpt lat="46.574186554" lon="6.685706741">
      <ele>839.6</ele>
    </trkpt>
    <trkpt lat="46.574184834" lon="6.685702339">
      <ele>839.5</ele>
    </trkpt>
    <trkpt lat="46.574183066" lon="6.685697969">
      <ele>839.5</ele>
    </trkpt>
    <trkpt lat="46.574181230" lon="6.685693646">
      <ele>839.4</ele>
    </trkpt>
    <trkpt lat="46.574179319" lon="6.685689374">
      <ele>839.4</ele>
    </trkpt>
    <trkpt lat="46.574177334" lon="6.685685154">
      <ele>839.4</ele>
    </trkpt>
    <trkpt lat="46.574175282" lon="6.685680988">
      <ele>839.5</ele>
    </trkpt>
    <trkpt lat="46.574173177" lon="6.685676877">
      <ele>839.5</ele>
    </trkpt>
    <trkpt lat="46.574171026" lon="6.685672823">
      <ele>839.5</ele>
    </trkpt>
    <trkpt lat="46.574168838" lon="6.685668824">
      <ele>839.5</ele>
    </trkpt>
    <trkpt lat="46.574166624" lon="6.685664879">
      <ele>839.6</ele>
    </trkpt>
    <trkpt lat="46.574164391" lon="6.685660979">
      <ele>839.6</ele>
    </trkpt>
    <trkpt lat="46.574162142" lon="6.685657105">
      <ele>839.6</ele>
    </trkpt>
    <trkpt lat="46.574159887" lon="6.685653245">
      <ele>839.6</ele>
    </trkpt>
    <trkpt lat="46.574157633" lon="6.685649385">
      <ele>839.6</ele>
    </trkpt>
    <trkpt lat="46.574155381" lon="6.685645526">
      <ele>839.7</ele>
    </trkpt>
    <trkpt lat="46.574153126" lon="6.685641674">
      <ele>839.7</ele>
    </trkpt>
    <trkpt lat="46.574150859" lon="6.685637850">
      <ele>839.7</ele>
    </trkpt>
    <trkpt lat="46.574148562" lon="6.685634083">
      <ele>839.8</ele>
    </trkpt>
    <trkpt lat="46.574146212" lon="6.685630397">
      <ele>839.9</ele>
    </trkpt>
    <trkpt lat="46.574143789" lon="6.685626815">
      <ele>840.0</ele>
    </trkpt>
    <trkpt lat="46.574141281" lon="6.685623351">
      <ele>840.2</ele>
    </trkpt>
    <trkpt lat="46.574138689" lon="6.685619993">
      <ele>840.3</ele>
    </trkpt>
    <trkpt lat="46.574136026" lon="6.685616718">
      <ele>840.5</ele>
    </trkpt>
    <trkpt lat="46.574133319" lon="6.685613486">
      <ele>840.7</ele>
    </trkpt>
    <trkpt lat="46.574130597" lon="6.685610250">
      <ele>840.9</ele>
    </trkpt>
    <trkpt lat="46.574127892" lon="6.685606966">
      <ele>841.0</ele>
    </trkpt>
    <trkpt lat="46.574125221" lon="6.685603594">
      <ele>841.2</ele>
    </trkpt>
    <trkpt lat="46.574122600" lon="6.685600115">
      <ele>841.3</ele>
    </trkpt>
    <trkpt lat="46.574120030" lon="6.685596520">
      <ele>841.4</ele>
    </trkpt>
    <trkpt lat="46.574117505" lon="6.685592819">
      <ele>841.5</ele>
    </trkpt>
    <trkpt lat="46.574115020" lon="6.685589028">
      <ele>841.6</ele>
    </trkpt>
    <trkpt lat="46.574112568" lon="6.685585172">
      <ele>841.6</ele>
    </trkpt>
    <trkpt lat="46.574110147" lon="6.685581274">
      <ele>841.7</ele>
    </trkpt>
    <trkpt lat="46.574107758" lon="6.685577350">
      <ele>841.7</ele>
    </trkpt>
    <trkpt lat="46.574105401" lon="6.685573415">
      <ele>841.8</ele>
    </trkpt>
    <trkpt lat="46.574103083" lon="6.685569476">
      <ele>841.8</ele>
    </trkpt>
    <trkpt lat="46.574100806" lon="6.685565532">
      <ele>841.8</ele>
    </trkpt>
    <trkpt lat="46.574098566" lon="6.685561583">
      <ele>841.9</ele>
    </trkpt>
    <trkpt lat="46.574096360" lon="6.685557627">
      <ele>841.9</ele>
    </trkpt>
    <trkpt lat="46.574094182" lon="6.685553665">
      <ele>841.9</ele>
    </trkpt>
    <trkpt lat="46.574092024" lon="6.685549703">
      <ele>841.9</ele>
    </trkpt>
    <trkpt lat="46.574089877" lon="6.685545749">
      <ele>841.9</ele>
    </trkpt>
    <trkpt lat="46.574087732" lon="6.685541817">
      <ele>841.9</ele>
    </trkpt>
    <trkpt lat="46.574085583" lon="6.685537924">
      <ele>841.8</ele>
    </trkpt>
    <trkpt lat="46.574083423" lon="6.685534082">
      <ele>841.8</ele>
    </trkpt>
    <trkpt lat="46.574081251" lon="6.685530301">
      <ele>841.8</ele>
    </trkpt>
    <trkpt lat="46.574079067" lon="6.685526589">
      <ele>841.7</ele>
    </trkpt>
    <trkpt lat="46.574076872" lon="6.685522940">
      <ele>841.7</ele>
    </trkpt>
    <trkpt lat="46.574074667" lon="6.685519343">
      <ele>841.6</ele>
    </trkpt>
    <trkpt lat="46.574072454" lon="6.685515782">
      <ele>841.6</ele>
    </trkpt>
    <trkpt lat="46.574070235" lon="6.685512237">
      <ele>841.5</ele>
    </trkpt>
    <trkpt lat="46.574068010" lon="6.685508688">
      <ele>841.5</ele>
    </trkpt>
    <trkpt lat="46.574065776" lon="6.685505118">
      <ele>841.4</ele>
    </trkpt>
    <trkpt lat="46.574063535" lon="6.685501519">
      <ele>841.4</ele>
    </trkpt>
    <trkpt lat="46.574061285" lon="6.685497882">
      <ele>841.3</ele>
    </trkpt>
    <trkpt lat="46.574059027" lon="6.685494208">
      <ele>841.3</ele>
    </trkpt>
    <trkpt lat="46.574056762" lon="6.685490499">
      <ele>841.2</ele>
    </trkpt>
    <trkpt lat="46.574054492" lon="6.685486761">
      <ele>841.2</ele>
    </trkpt>
    <trkpt lat="46.574052220" lon="6.685482995">
      <ele>841.2</ele>
    </trkpt>
    <trkpt lat="46.574049948" lon="6.685479202">
      <ele>841.1</ele>
    </trkpt>
    <trkpt lat="46.574047674" lon="6.685475382">
      <ele>841.1</ele>
    </trkpt>
    <trkpt lat="46.574045399" lon="6.685471536">
      <ele>841.1</ele>
    </trkpt>
    <trkpt lat="46.574043121" lon="6.685467665">
      <ele>841.1</ele>
    </trkpt>
    <trkpt lat="46.574040836" lon="6.685463776">
      <ele>841.1</ele>
    </trkpt>
    <trkpt lat="46.574038542" lon="6.685459877">
      <ele>841.1</ele>
    </trkpt>
    <trkpt lat="46.574036240" lon="6.685455979">
      <ele>841.1</ele>
    </trkpt>
    <trkpt lat="46.574033931" lon="6.685452093">
      <ele>841.1</ele>
    </trkpt>
    <trkpt lat="46.574031618" lon="6.685448228">
      <ele>841.1</ele>
    </trkpt>
    <trkpt lat="46.574029308" lon="6.685444388">
      <ele>841.1</ele>
    </trkpt>
    <trkpt lat="46.574027006" lon="6.685440571">
      <ele>841.2</ele>
    </trkpt>
    <trkpt lat="46.574024719" lon="6.685436770">
      <ele>841.2</ele>
    </trkpt>
    <trkpt lat="46.574022450" lon="6.685432970">
      <ele>841.2</ele>
    </trkpt>
    <trkpt lat="46.574020203" lon="6.685429157">
      <ele>841.3</ele>
    </trkpt>
    <trkpt lat="46.574017974" lon="6.685425317">
      <ele>841.3</ele>
    </trkpt>
    <trkpt lat="46.574015763" lon="6.685421439">
      <ele>841.4</ele>
    </trkpt>
    <trkpt lat="46.574013563" lon="6.685417516">
      <ele>841.4</ele>
    </trkpt>
    <trkpt lat="46.574011368" lon="6.685413551">
      <ele>841.5</ele>
    </trkpt>
    <trkpt lat="46.574009171" lon="6.685409553">
      <ele>841.5</ele>
    </trkpt>
    <trkpt lat="46.574006966" lon="6.685405537">
      <ele>841.6</ele>
    </trkpt>
    <trkpt lat="46.574004746" lon="6.685401522">
      <ele>841.6</ele>
    </trkpt>
    <trkpt lat="46.574002506" lon="6.685397520">
      <ele>841.6</ele>
    </trkpt>
    <trkpt lat="46.574000245" lon="6.685393549">
      <ele>841.6</ele>
    </trkpt>
    <trkpt lat="46.573997959" lon="6.685389615">
      <ele>841.6</ele>
    </trkpt>
    <trkpt lat="46.573995651" lon="6.685385722">
      <ele>841.6</ele>
    </trkpt>
    <trkpt lat="46.573993324" lon="6.685381864">
      <ele>841.6</ele>
    </trkpt>
    <trkpt lat="46.573990980" lon="6.685378034">
      <ele>841.6</ele>
    </trkpt>
    <trkpt lat="46.573988628" lon="6.685374222">
      <ele>841.5</ele>
    </trkpt>
    <trkpt lat="46.573986270" lon="6.685370417">
      <ele>841.5</ele>
    </trkpt>
    <trkpt lat="46.573983911" lon="6.685366613">
      <ele>841.4</ele>
    </trkpt>
    <trkpt lat="46.573981551" lon="6.685362803">
      <ele>841.4</ele>
    </trkpt>
    <trkpt lat="46.573979187" lon="6.685358982">
      <ele>841.3</ele>
    </trkpt>
    <trkpt lat="46.573976819" lon="6.685355158">
      <ele>841.3</ele>
    </trkpt>
    <trkpt lat="46.573974444" lon="6.685351331">
      <ele>841.2</ele>
    </trkpt>
    <trkpt lat="46.573972059" lon="6.685347507">
      <ele>841.2</ele>
    </trkpt>
    <trkpt lat="46.573969668" lon="6.685343693">
      <ele>841.1</ele>
    </trkpt>
    <trkpt lat="46.573967271" lon="6.685339891">
      <ele>841.1</ele>
    </trkpt>
    <trkpt lat="46.573964873" lon="6.685336103">
      <ele>841.0</ele>
    </trkpt>
    <trkpt lat="46.573962479" lon="6.685332325">
      <ele>841.0</ele>
    </trkpt>
    <trkpt lat="46.573960091" lon="6.685328554">
      <ele>840.9</ele>
    </trkpt>
    <trkpt lat="46.573957713" lon="6.685324784">
      <ele>840.9</ele>
    </trkpt>
    <trkpt lat="46.573955347" lon="6.685321014">
      <ele>840.8</ele>
    </trkpt>
    <trkpt lat="46.573952993" lon="6.685317241">
      <ele>840.8</ele>
    </trkpt>
    <trkpt lat="46.573950646" lon="6.685313463">
      <ele>840.7</ele>
    </trkpt>
    <trkpt lat="46.573948309" lon="6.685309687">
      <ele>840.6</ele>
    </trkpt>
    <trkpt lat="46.573945981" lon="6.685305917">
      <ele>840.6</ele>
    </trkpt>
    <trkpt lat="46.573943659" lon="6.685302161">
      <ele>840.5</ele>
    </trkpt>
    <trkpt lat="46.573941341" lon="6.685298429">
      <ele>840.4</ele>
    </trkpt>
    <trkpt lat="46.573939020" lon="6.685294730">
      <ele>840.3</ele>
    </trkpt>
    <trkpt lat="46.573936695" lon="6.685291083">
      <ele>840.2</ele>
    </trkpt>
    <trkpt lat="46.573934360" lon="6.685287501">
      <ele>840.1</ele>
    </trkpt>
    <trkpt lat="46.573932011" lon="6.685283995">
      <ele>840.0</ele>
    </trkpt>
    <trkpt lat="46.573929648" lon="6.685280570">
      <ele>839.9</ele>
    </trkpt>
    <trkpt lat="46.573927269" lon="6.685277217">
      <ele>839.8</ele>
    </trkpt>
    <trkpt lat="46.573924880" lon="6.685273915">
      <ele>839.7</ele>
    </trkpt>
    <trkpt lat="46.573922486" lon="6.685270639">
      <ele>839.6</ele>
    </trkpt>
    <trkpt lat="46.573920091" lon="6.685267349">
      <ele>839.5</ele>
    </trkpt>
    <trkpt lat="46.573917698" lon="6.685264010">
      <ele>839.4</ele>
    </trkpt>
    <trkpt lat="46.573915315" lon="6.685260595">
      <ele>839.4</ele>
    </trkpt>
    <trkpt lat="46.573912943" lon="6.685257087">
      <ele>839.3</ele>
    </trkpt>
    <trkpt lat="46.573910585" lon="6.685253480">
      <ele>839.3</ele>
    </trkpt>
    <trkpt lat="46.573908247" lon="6.685249781">
      <ele>839.3</ele>
    </trkpt>
    <trkpt lat="46.573905929" lon="6.685246004">
      <ele>839.3</ele>
    </trkpt>
    <trkpt lat="46.573903633" lon="6.685242169">
      <ele>839.4</ele>
    </trkpt>
    <trkpt lat="46.573901357" lon="6.685238298">
      <ele>839.5</ele>
    </trkpt>
    <trkpt lat="46.573899101" lon="6.685234413">
      <ele>839.6</ele>
    </trkpt>
    <trkpt lat="46.573896856" lon="6.685230536">
      <ele>839.6</ele>
    </trkpt>
    <trkpt lat="46.573894615" lon="6.685226689">
      <ele>839.7</ele>
    </trkpt>
    <trkpt lat="46.573892373" lon="6.685222888">
      <ele>839.8</ele>
    </trkpt>
    <trkpt lat="46.573890117" lon="6.685219142">
      <ele>839.9</ele>
    </trkpt>
    <trkpt lat="46.573887840" lon="6.685215450">
      <ele>839.9</ele>
    </trkpt>
    <trkpt lat="46.573885536" lon="6.685211807">
      <ele>839.9</ele>
    </trkpt>
    <trkpt lat="46.573883199" lon="6.685208194">
      <ele>839.9</ele>
    </trkpt>
    <trkpt lat="46.573880829" lon="6.685204598">
      <ele>839.8</ele>
    </trkpt>
    <trkpt lat="46.573878421" lon="6.685200999">
      <ele>839.8</ele>
    </trkpt>
    <trkpt lat="46.573875977" lon="6.685197389">
      <ele>839.7</ele>
    </trkpt>
    <trkpt lat="46.573873500" lon="6.685193768">
      <ele>839.6</ele>
    </trkpt>
    <trkpt lat="46.573870992" lon="6.685190145">
      <ele>839.6</ele>
    </trkpt>
    <trkpt lat="46.573868457" lon="6.685186535">
      <ele>839.6</ele>
    </trkpt>
    <trkpt lat="46.573865895" lon="6.685182952">
      <ele>839.5</ele>
    </trkpt>
    <trkpt lat="46.573863307" lon="6.685179414">
      <ele>839.5</ele>
    </trkpt>
    <trkpt lat="46.573860693" lon="6.685175938">
      <ele>839.5</ele>
    </trkpt>
    <trkpt lat="46.573858047" lon="6.685172528">
      <ele>839.4</ele>
    </trkpt>
    <trkpt lat="46.573855366" lon="6.685169188">
      <ele>839.4</ele>
    </trkpt>
    <trkpt lat="46.573852645" lon="6.685165916">
      <ele>839.4</ele>
    </trkpt>
    <trkpt lat="46.573849882" lon="6.685162709">
      <ele>839.3</ele>
    </trkpt>
    <trkpt lat="46.573847075" lon="6.685159561">
      <ele>839.3</ele>
    </trkpt>
    <trkpt lat="46.573844223" lon="6.685156464">
      <ele>839.3</ele>
    </trkpt>
    <trkpt lat="46.573841331" lon="6.685153410">
      <ele>839.3</ele>
    </trkpt>
    <trkpt lat="46.573838402" lon="6.685150397">
      <ele>839.2</ele>
    </trkpt>
    <trkpt lat="46.573835440" lon="6.685147421">
      <ele>839.2</ele>
    </trkpt>
    <trkpt lat="46.573832455" lon="6.685144478">
      <ele>839.2</ele>
    </trkpt>
    <trkpt lat="46.573829454" lon="6.685141565">
      <ele>839.2</ele>
    </trkpt>
    <trkpt lat="46.573826442" lon="6.685138680">
      <ele>839.3</ele>
    </trkpt>
    <trkpt lat="46.573823423" lon="6.685135827">
      <ele>839.3</ele>
    </trkpt>
    <trkpt lat="46.573820403" lon="6.685133002">
      <ele>839.3</ele>
    </trkpt>
    <trkpt lat="46.573817380" lon="6.685130206">
      <ele>839.3</ele>
    </trkpt>
    <trkpt lat="46.573814354" lon="6.685127443">
      <ele>839.4</ele>
    </trkpt>
    <trkpt lat="46.573811321" lon="6.685124718">
      <ele>839.4</ele>
    </trkpt>
    <trkpt lat="46.573808279" lon="6.685122038">
      <ele>839.5</ele>
    </trkpt>
    <trkpt lat="46.573805222" lon="6.685119409">
      <ele>839.5</ele>
    </trkpt>
    <trkpt lat="46.573802148" lon="6.685116838">
      <ele>839.5</ele>
    </trkpt>
    <trkpt lat="46.573799056" lon="6.685114330">
      <ele>839.6</ele>
    </trkpt>
    <trkpt lat="46.573795944" lon="6.685111886">
      <ele>839.6</ele>
    </trkpt>
    <trkpt lat="46.573792813" lon="6.685109505">
      <ele>839.6</ele>
    </trkpt>
    <trkpt lat="46.573789663" lon="6.685107182">
      <ele>839.6</ele>
    </trkpt>
    <trkpt lat="46.573786498" lon="6.685104913">
      <ele>839.6</ele>
    </trkpt>
    <trkpt lat="46.573783324" lon="6.685102697">
      <ele>839.6</ele>
    </trkpt>
    <trkpt lat="46.573780140" lon="6.685100528">
      <ele>839.6</ele>
    </trkpt>
    <trkpt lat="46.573776951" lon="6.685098405">
      <ele>839.6</ele>
    </trkpt>
    <trkpt lat="46.573773757" lon="6.685096327">
      <ele>839.6</ele>
    </trkpt>
    <trkpt lat="46.573770558" lon="6.685094291">
      <ele>839.6</ele>
    </trkpt>
    <trkpt lat="46.573767353" lon="6.685092295">
      <ele>839.7</ele>
    </trkpt>
    <trkpt lat="46.573764135" lon="6.685090330">
      <ele>839.7</ele>
    </trkpt>
    <trkpt lat="46.573760902" lon="6.685088389">
      <ele>839.7</ele>
    </trkpt>
    <trkpt lat="46.573757651" lon="6.685086464">
      <ele>839.8</ele>
    </trkpt>
    <trkpt lat="46.573754380" lon="6.685084549">
      <ele>839.8</ele>
    </trkpt>
    <trkpt lat="46.573751090" lon="6.685082635">
      <ele>839.9</ele>
    </trkpt>
    <trkpt lat="46.573747788" lon="6.685080723">
      <ele>840.0</ele>
    </trkpt>
    <trkpt lat="46.573744478" lon="6.685078812">
      <ele>840.1</ele>
    </trkpt>
    <trkpt lat="46.573741171" lon="6.685076908">
      <ele>840.2</ele>
    </trkpt>
    <trkpt lat="46.573737876" lon="6.685075017">
      <ele>840.3</ele>
    </trkpt>
    <trkpt lat="46.573734602" lon="6.685073148">
      <ele>840.4</ele>
    </trkpt>
    <trkpt lat="46.573731354" lon="6.685071312">
      <ele>840.5</ele>
    </trkpt>
    <trkpt lat="46.573728133" lon="6.685069520">
      <ele>840.6</ele>
    </trkpt>
    <trkpt lat="46.573724936" lon="6.685067783">
      <ele>840.7</ele>
    </trkpt>
    <trkpt lat="46.573721755" lon="6.685066112">
      <ele>840.8</ele>
    </trkpt>
    <trkpt lat="46.573718578" lon="6.685064514">
      <ele>840.9</ele>
    </trkpt>
    <trkpt lat="46.573715395" lon="6.685062992">
      <ele>840.9</ele>
    </trkpt>
    <trkpt lat="46.573712193" lon="6.685061546">
      <ele>840.9</ele>
    </trkpt>
    <trkpt lat="46.573708963" lon="6.685060168">
      <ele>840.9</ele>
    </trkpt>
    <trkpt lat="46.573705700" lon="6.685058844">
      <ele>840.9</ele>
    </trkpt>
    <trkpt lat="46.573702400" lon="6.685057559">
      <ele>840.9</ele>
    </trkpt>
    <trkpt lat="46.573699070" lon="6.685056299">
      <ele>840.9</ele>
    </trkpt>
    <trkpt lat="46.573695706" lon="6.685055048">
      <ele>840.9</ele>
    </trkpt>
    <trkpt lat="46.573692317" lon="6.685053795">
      <ele>840.9</ele>
    </trkpt>
    <trkpt lat="46.573688905" lon="6.685052530">
      <ele>840.9</ele>
    </trkpt>
    <trkpt lat="46.573685476" lon="6.685051247">
      <ele>841.0</ele>
    </trkpt>
    <trkpt lat="46.573682039" lon="6.685049947">
      <ele>841.0</ele>
    </trkpt>
    <trkpt lat="46.573678598" lon="6.685048624">
      <ele>841.1</ele>
    </trkpt>
    <trkpt lat="46.573675164" lon="6.685047279">
      <ele>841.2</ele>
    </trkpt>
    <trkpt lat="46.573671748" lon="6.685045915">
      <ele>841.3</ele>
    </trkpt>
    <trkpt lat="46.573668354" lon="6.685044539">
      <ele>841.4</ele>
    </trkpt>
    <trkpt lat="46.573664989" lon="6.685043157">
      <ele>841.5</ele>
    </trkpt>
    <trkpt lat="46.573661651" lon="6.685041776">
      <ele>841.6</ele>
    </trkpt>
    <trkpt lat="46.573658336" lon="6.685040406">
      <ele>841.7</ele>
    </trkpt>
    <trkpt lat="46.573655034" lon="6.685039051">
      <ele>841.8</ele>
    </trkpt>
    <trkpt lat="46.573651741" lon="6.685037711">
      <ele>841.8</ele>
    </trkpt>
    <trkpt lat="46.573648451" lon="6.685036378">
      <ele>841.9</ele>
    </trkpt>
    <trkpt lat="46.573645167" lon="6.685035037">
      <ele>842.0</ele>
    </trkpt>
    <trkpt lat="46.573641907" lon="6.685033669">
      <ele>842.0</ele>
    </trkpt>
    <trkpt lat="46.573638692" lon="6.685032241">
      <ele>842.1</ele>
    </trkpt>
    <trkpt lat="46.573635548" lon="6.685030733">
      <ele>842.2</ele>
    </trkpt>
    <trkpt lat="46.573632498" lon="6.685029121">
      <ele>842.2</ele>
    </trkpt>
    <trkpt lat="46.573629560" lon="6.685027381">
      <ele>842.3</ele>
    </trkpt>
    <trkpt lat="46.573626743" lon="6.685025497">
      <ele>842.5</ele>
    </trkpt>
    <trkpt lat="46.573624036" lon="6.685023456">
      <ele>842.6</ele>
    </trkpt>
    <trkpt lat="46.573621421" lon="6.685021263">
      <ele>842.8</ele>
    </trkpt>
    <trkpt lat="46.573618864" lon="6.685018930">
      <ele>842.9</ele>
    </trkpt>
    <trkpt lat="46.573616325" lon="6.685016484">
      <ele>843.1</ele>
    </trkpt>
    <trkpt lat="46.573613764" lon="6.685013969">
      <ele>843.3</ele>
    </trkpt>
    <trkpt lat="46.573611143" lon="6.685011435">
      <ele>843.5</ele>
    </trkpt>
    <trkpt lat="46.573608439" lon="6.685008937">
      <ele>843.6</ele>
    </trkpt>
    <trkpt lat="46.573605633" lon="6.685006512">
      <ele>843.7</ele>
    </trkpt>
    <trkpt lat="46.573602726" lon="6.685004192">
      <ele>843.8</ele>
    </trkpt>
    <trkpt lat="46.573599732" lon="6.685001980">
      <ele>843.9</ele>
    </trkpt>
    <trkpt lat="46.573596672" lon="6.684999852">
      <ele>843.9</ele>
    </trkpt>
    <trkpt lat="46.573593579" lon="6.684997764">
      <ele>843.9</ele>
    </trkpt>
    <trkpt lat="46.573590480" lon="6.684995663">
      <ele>844.0</ele>
    </trkpt>
    <trkpt lat="46.573587404" lon="6.684993498">
      <ele>844.0</ele>
    </trkpt>
    <trkpt lat="46.573584364" lon="6.684991228">
      <ele>844.0</ele>
    </trkpt>
    <trkpt lat="46.573581371" lon="6.684988835">
      <ele>844.1</ele>
    </trkpt>
    <trkpt lat="46.573578423" lon="6.684986310">
      <ele>844.2</ele>
    </trkpt>
    <trkpt lat="46.573575506" lon="6.684983690">
      <ele>844.3</ele>
    </trkpt>
    <trkpt lat="46.573572598" lon="6.684981036">
      <ele>844.4</ele>
    </trkpt>
    <trkpt lat="46.573569673" lon="6.684978410">
      <ele>844.5</ele>
    </trkpt>
    <trkpt lat="46.573566707" lon="6.684975889">
      <ele>844.6</ele>
    </trkpt>
    <trkpt lat="46.573563683" lon="6.684973527">
      <ele>844.7</ele>
    </trkpt>
    <trkpt lat="46.573560590" lon="6.684971365">
      <ele>844.7</ele>
    </trkpt>
    <trkpt lat="46.573557422" lon="6.684969428">
      <ele>844.7</ele>
    </trkpt>
    <trkpt lat="46.573554185" lon="6.684967708">
      <ele>844.6</ele>
    </trkpt>
    <trkpt lat="46.573550892" lon="6.684966182">
      <ele>844.5</ele>
    </trkpt>
    <trkpt lat="46.573547557" lon="6.684964812">
      <ele>844.4</ele>
    </trkpt>
    <trkpt lat="46.573544193" lon="6.684963559">
      <ele>844.3</ele>
    </trkpt>
    <trkpt lat="46.573540812" lon="6.684962386">
      <ele>844.2</ele>
    </trkpt>
    <trkpt lat="46.573537420" lon="6.684961240">
      <ele>844.1</ele>
    </trkpt>
    <trkpt lat="46.573534024" lon="6.684960086">
      <ele>843.9</ele>
    </trkpt>
    <trkpt lat="46.573530629" lon="6.684958876">
      <ele>843.8</ele>
    </trkpt>
    <trkpt lat="46.573527244" lon="6.684957568">
      <ele>843.8</ele>
    </trkpt>
    <trkpt lat="46.573523883" lon="6.684956110">
      <ele>843.7</ele>
    </trkpt>
    <trkpt lat="46.573520559" lon="6.684954460">
      <ele>843.7</ele>
    </trkpt>
    <trkpt lat="46.573517287" lon="6.684952587">
      <ele>843.8</ele>
    </trkpt>
    <trkpt lat="46.573514081" lon="6.684950472">
      <ele>843.8</ele>
    </trkpt>
    <trkpt lat="46.573510948" lon="6.684948108">
      <ele>844.0</ele>
    </trkpt>
    <trkpt lat="46.573507886" lon="6.684945505">
      <ele>844.1</ele>
    </trkpt>
    <trkpt lat="46.573504891" lon="6.684942691">
      <ele>844.3</ele>
    </trkpt>
    <trkpt lat="46.573501943" lon="6.684939714">
      <ele>844.5</ele>
    </trkpt>
    <trkpt lat="46.573499023" lon="6.684936642">
      <ele>844.7</ele>
    </trkpt>
    <trkpt lat="46.573496114" lon="6.684933531">
      <ele>844.9</ele>
    </trkpt>
    <trkpt lat="46.573493198" lon="6.684930440">
      <ele>845.1</ele>
    </trkpt>
    <trkpt lat="46.573490261" lon="6.684927427">
      <ele>845.2</ele>
    </trkpt>
    <trkpt lat="46.573487296" lon="6.684924524">
      <ele>845.4</ele>
    </trkpt>
    <trkpt lat="46.573484307" lon="6.684921748">
      <ele>845.4</ele>
    </trkpt>
    <trkpt lat="46.573481298" lon="6.684919102">
      <ele>845.5</ele>
    </trkpt>
    <trkpt lat="46.573478277" lon="6.684916577">
      <ele>845.6</ele>
    </trkpt>
    <trkpt lat="46.573475246" lon="6.684914167">
      <ele>845.6</ele>
    </trkpt>
    <trkpt lat="46.573472209" lon="6.684911859">
      <ele>845.6</ele>
    </trkpt>
    <trkpt lat="46.573469166" lon="6.684909645">
      <ele>845.7</ele>
    </trkpt>
    <trkpt lat="46.573466107" lon="6.684907524">
      <ele>845.7</ele>
    </trkpt>
    <trkpt lat="46.573463022" lon="6.684905498">
      <ele>845.7</ele>
    </trkpt>
    <trkpt lat="46.573459894" lon="6.684903579">
      <ele>845.8</ele>
    </trkpt>
    <trkpt lat="46.573456707" lon="6.684901769">
      <ele>845.7</ele>
    </trkpt>
    <trkpt lat="46.573453449" lon="6.684900078">
      <ele>845.7</ele>
    </trkpt>
    <trkpt lat="46.573450112" lon="6.684898515">
      <ele>845.6</ele>
    </trkpt>
    <trkpt lat="46.573446699" lon="6.684897076">
      <ele>845.5</ele>
    </trkpt>
    <trkpt lat="46.573443222" lon="6.684895745">
      <ele>845.3</ele>
    </trkpt>
    <trkpt lat="46.573439703" lon="6.684894477">
      <ele>845.1</ele>
    </trkpt>
    <trkpt lat="46.573436169" lon="6.684893232">
      <ele>844.8</ele>
    </trkpt>
    <trkpt lat="46.573432652" lon="6.684891958">
      <ele>844.6</ele>
    </trkpt>
    <trkpt lat="46.573429183" lon="6.684890594">
      <ele>844.4</ele>
    </trkpt>
    <trkpt lat="46.573425789" lon="6.684889089">
      <ele>844.3</ele>
    </trkpt>
    <trkpt lat="46.573422486" lon="6.684887417">
      <ele>844.1</ele>
    </trkpt>
    <trkpt lat="46.573419286" lon="6.684885543">
      <ele>844.1</ele>
    </trkpt>
    <trkpt lat="46.573416190" lon="6.684883465">
      <ele>844.1</ele>
    </trkpt>
    <trkpt lat="46.573413195" lon="6.684881213">
      <ele>844.2</ele>
    </trkpt>
    <trkpt lat="46.573410284" lon="6.684878850">
      <ele>844.3</ele>
    </trkpt>
    <trkpt lat="46.573407433" lon="6.684876478">
      <ele>844.4</ele>
    </trkpt>
    <trkpt lat="46.573404619" lon="6.684874218">
      <ele>844.5</ele>
    </trkpt>
    <trkpt lat="46.573401817" lon="6.684872210">
      <ele>844.5</ele>
    </trkpt>
    <trkpt lat="46.573399012" lon="6.684870576">
      <ele>844.5</ele>
    </trkpt>
    <trkpt lat="46.573396190" lon="6.684869379">
      <ele>844.4</ele>
    </trkpt>
    <trkpt lat="46.573393354" lon="6.684868599">
      <ele>844.2</ele>
    </trkpt>
    <trkpt lat="46.573390517" lon="6.684868122">
      <ele>844.0</ele>
    </trkpt>
    <trkpt lat="46.573387696" lon="6.684867746">
      <ele>843.8</ele>
    </trkpt>
    <trkpt lat="46.573384910" lon="6.684867240">
      <ele>843.6</ele>
    </trkpt>
    <trkpt lat="46.573382172" lon="6.684866381">
      <ele>843.5</ele>
    </trkpt>
    <trkpt lat="46.573379485" lon="6.684865002">
      <ele>843.5</ele>
    </trkpt>
    <trkpt lat="46.573376831" lon="6.684863025">
      <ele>843.7</ele>
    </trkpt>
    <trkpt lat="46.573374192" lon="6.684860473">
      <ele>844.0</ele>
    </trkpt>
    <trkpt lat="46.573371538" lon="6.684857447">
      <ele>844.4</ele>
    </trkpt>
    <trkpt lat="46.573368847" lon="6.684854098">
      <ele>844.8</ele>
    </trkpt>
    <trkpt lat="46.573366097" lon="6.684850591">
      <ele>845.3</ele>
    </trkpt>
    <trkpt lat="46.573363284" lon="6.684847053">
      <ele>845.8</ele>
    </trkpt>
    <trkpt lat="46.573360412" lon="6.684843584">
      <ele>846.2</ele>
    </trkpt>
    <trkpt lat="46.573357494" lon="6.684840248">
      <ele>846.6</ele>
    </trkpt>
    <trkpt lat="46.573354540" lon="6.684837076">
      <ele>846.9</ele>
    </trkpt>
    <trkpt lat="46.573351561" lon="6.684834079">
      <ele>847.3</ele>
    </trkpt>
    <trkpt lat="46.573348551" lon="6.684831279">
      <ele>847.5</ele>
    </trkpt>
    <trkpt lat="46.573345503" lon="6.684828680">
      <ele>847.7</ele>
    </trkpt>
    <trkpt lat="46.573342401" lon="6.684826275">
      <ele>847.9</ele>
    </trkpt>
    <trkpt lat="46.573339237" lon="6.684824052">
      <ele>848.0</ele>
    </trkpt>
    <trkpt lat="46.573336008" lon="6.684821978">
      <ele>848.0</ele>
    </trkpt>
    <trkpt lat="46.573332716" lon="6.684820019">
      <ele>848.0</ele>
    </trkpt>
    <trkpt lat="46.573329373" lon="6.684818121">
      <ele>848.0</ele>
    </trkpt>
    <trkpt lat="46.573326006" lon="6.684816228">
      <ele>848.0</ele>
    </trkpt>
    <trkpt lat="46.573322639" lon="6.684814304">
      <ele>847.9</ele>
    </trkpt>
    <trkpt lat="46.573319279" lon="6.684812334">
      <ele>847.9</ele>
    </trkpt>
    <trkpt lat="46.573315934" lon="6.684810327">
      <ele>847.8</ele>
    </trkpt>
    <trkpt lat="46.573312595" lon="6.684808314">
      <ele>847.7</ele>
    </trkpt>
    <trkpt lat="46.573309248" lon="6.684806334">
      <ele>847.6</ele>
    </trkpt>
    <trkpt lat="46.573305877" lon="6.684804437">
      <ele>847.4</ele>
    </trkpt>
    <trkpt lat="46.573302465" lon="6.684802661">
      <ele>847.2</ele>
    </trkpt>
    <trkpt lat="46.573299009" lon="6.684801027">
      <ele>846.9</ele>
    </trkpt>
    <trkpt lat="46.573295509" lon="6.684799517">
      <ele>846.6</ele>
    </trkpt>
    <trkpt lat="46.573291979" lon="6.684798088">
      <ele>846.2</ele>
    </trkpt>
    <trkpt lat="46.573288436" lon="6.684796667">
      <ele>845.8</ele>
    </trkpt>
    <trkpt lat="46.573284903" lon="6.684795176">
      <ele>845.5</ele>
    </trkpt>
    <trkpt lat="46.573281396" lon="6.684793536">
      <ele>845.2</ele>
    </trkpt>
    <trkpt lat="46.573277925" lon="6.684791692">
      <ele>844.9</ele>
    </trkpt>
    <trkpt lat="46.573274500" lon="6.684789615">
      <ele>844.7</ele>
    </trkpt>
    <trkpt lat="46.573271124" lon="6.684787306">
      <ele>844.6</ele>
    </trkpt>
    <trkpt lat="46.573267802" lon="6.684784792">
      <ele>844.6</ele>
    </trkpt>
    <trkpt lat="46.573264535" lon="6.684782119">
      <ele>844.6</ele>
    </trkpt>
    <trkpt lat="46.573261320" lon="6.684779337">
      <ele>844.6</ele>
    </trkpt>
    <trkpt lat="46.573258158" lon="6.684776496">
      <ele>844.7</ele>
    </trkpt>
    <trkpt lat="46.573255045" lon="6.684773636">
      <ele>844.7</ele>
    </trkpt>
    <trkpt lat="46.573251977" lon="6.684770788">
      <ele>844.8</ele>
    </trkpt>
    <trkpt lat="46.573248946" lon="6.684767971">
      <ele>844.9</ele>
    </trkpt>
    <trkpt lat="46.573245945" lon="6.684765194">
      <ele>844.9</ele>
    </trkpt>
    <trkpt lat="46.573242959" lon="6.684762462">
      <ele>845.0</ele>
    </trkpt>
    <trkpt lat="46.573239981" lon="6.684759774">
      <ele>845.0</ele>
    </trkpt>
    <trkpt lat="46.573237004" lon="6.684757126">
      <ele>845.0</ele>
    </trkpt>
    <trkpt lat="46.573234022" lon="6.684754513">
      <ele>845.0</ele>
    </trkpt>
    <trkpt lat="46.573231029" lon="6.684751931">
      <ele>845.1</ele>
    </trkpt>
    <trkpt lat="46.573228021" lon="6.684749374">
      <ele>845.1</ele>
    </trkpt>
    <trkpt lat="46.573224997" lon="6.684746841">
      <ele>845.1</ele>
    </trkpt>
    <trkpt lat="46.573221956" lon="6.684744336">
      <ele>845.1</ele>
    </trkpt>
    <trkpt lat="46.573218897" lon="6.684741854">
      <ele>845.1</ele>
    </trkpt>
    <trkpt lat="46.573215825" lon="6.684739400">
      <ele>845.2</ele>
    </trkpt>
    <trkpt lat="46.573212740" lon="6.684736975">
      <ele>845.2</ele>
    </trkpt>
    <trkpt lat="46.573209649" lon="6.684734579">
      <ele>845.2</ele>
    </trkpt>
    <trkpt lat="46.573206556" lon="6.684732207">
      <ele>845.2</ele>
    </trkpt>
    <trkpt lat="46.573203462" lon="6.684729854">
      <ele>845.2</ele>
    </trkpt>
    <trkpt lat="46.573200371" lon="6.684727514">
      <ele>845.2</ele>
    </trkpt>
    <trkpt lat="46.573197286" lon="6.684725182">
      <ele>845.2</ele>
    </trkpt>
    <trkpt lat="46.573194207" lon="6.684722852">
      <ele>845.2</ele>
    </trkpt>
    <trkpt lat="46.573191131" lon="6.684720526">
      <ele>845.2</ele>
    </trkpt>
    <trkpt lat="46.573188054" lon="6.684718208">
      <ele>845.2</ele>
    </trkpt>
    <trkpt lat="46.573184974" lon="6.684715903">
      <ele>845.2</ele>
    </trkpt>
    <trkpt lat="46.573181887" lon="6.684713610">
      <ele>845.2</ele>
    </trkpt>
    <trkpt lat="46.573178785" lon="6.684711321">
      <ele>845.2</ele>
    </trkpt>
    <trkpt lat="46.573175669" lon="6.684709023">
      <ele>845.3</ele>
    </trkpt>
    <trkpt lat="46.573172540" lon="6.684706698">
      <ele>845.4</ele>
    </trkpt>
    <trkpt lat="46.573169400" lon="6.684704330">
      <ele>845.5</ele>
    </trkpt>
    <trkpt lat="46.573166256" lon="6.684701908">
      <ele>845.7</ele>
    </trkpt>
    <trkpt lat="46.573163111" lon="6.684699439">
      <ele>845.9</ele>
    </trkpt>
    <trkpt lat="46.573159966" lon="6.684696949">
      <ele>846.1</ele>
    </trkpt>
    <trkpt lat="46.573156818" lon="6.684694482">
      <ele>846.2</ele>
    </trkpt>
    <trkpt lat="46.573153659" lon="6.684692090">
      <ele>846.4</ele>
    </trkpt>
    <trkpt lat="46.573150476" lon="6.684689821">
      <ele>846.5</ele>
    </trkpt>
    <trkpt lat="46.573147257" lon="6.684687709">
      <ele>846.5</ele>
    </trkpt>
    <trkpt lat="46.573143993" lon="6.684685765">
      <ele>846.6</ele>
    </trkpt>
    <trkpt lat="46.573140690" lon="6.684683968">
      <ele>846.5</ele>
    </trkpt>
    <trkpt lat="46.573137350" lon="6.684682277">
      <ele>846.5</ele>
    </trkpt>
    <trkpt lat="46.573133996" lon="6.684680630">
      <ele>846.4</ele>
    </trkpt>
    <trkpt lat="46.573130651" lon="6.684678958">
      <ele>846.3</ele>
    </trkpt>
    <trkpt lat="46.573127340" lon="6.684677192">
      <ele>846.3</ele>
    </trkpt>
    <trkpt lat="46.573124093" lon="6.684675280">
      <ele>846.2</ele>
    </trkpt>
    <trkpt lat="46.573120921" lon="6.684673179">
      <ele>846.2</ele>
    </trkpt>
    <trkpt lat="46.573117838" lon="6.684670876">
      <ele>846.2</ele>
    </trkpt>
    <trkpt lat="46.573114844" lon="6.684668375">
      <ele>846.3</ele>
    </trkpt>
    <trkpt lat="46.573111932" lon="6.684665693">
      <ele>846.4</ele>
    </trkpt>
    <trkpt lat="46.573109086" lon="6.684662870">
      <ele>846.5</ele>
    </trkpt>
    <trkpt lat="46.573106288" lon="6.684659952">
      <ele>846.6</ele>
    </trkpt>
    <trkpt lat="46.573103520" lon="6.684656995">
      <ele>846.7</ele>
    </trkpt>
    <trkpt lat="46.573100765" lon="6.684654051">
      <ele>846.8</ele>
    </trkpt>
    <trkpt lat="46.573098007" lon="6.684651160">
      <ele>846.9</ele>
    </trkpt>
    <trkpt lat="46.573095238" lon="6.684648353">
      <ele>847.0</ele>
    </trkpt>
    <trkpt lat="46.573092449" lon="6.684645646">
      <ele>847.1</ele>
    </trkpt>
    <trkpt lat="46.573089632" lon="6.684643039">
      <ele>847.2</ele>
    </trkpt>
    <trkpt lat="46.573086782" lon="6.684640523">
      <ele>847.3</ele>
    </trkpt>
    <trkpt lat="46.573083892" lon="6.684638076">
      <ele>847.3</ele>
    </trkpt>
    <trkpt lat="46.573080958" lon="6.684635681">
      <ele>847.4</ele>
    </trkpt>
    <trkpt lat="46.573077978" lon="6.684633325">
      <ele>847.4</ele>
    </trkpt>
    <trkpt lat="46.573074950" lon="6.684630999">
      <ele>847.5</ele>
    </trkpt>
    <trkpt lat="46.573071882" lon="6.684628700">
      <ele>847.5</ele>
    </trkpt>
    <trkpt lat="46.573068781" lon="6.684626429">
      <ele>847.5</ele>
    </trkpt>
    <trkpt lat="46.573065650" lon="6.684624196">
      <ele>847.6</ele>
    </trkpt>
    <trkpt lat="46.573062503" lon="6.684622007">
      <ele>847.6</ele>
    </trkpt>
    <trkpt lat="46.573059343" lon="6.684619876">
      <ele>847.6</ele>
    </trkpt>
    <trkpt lat="46.573056177" lon="6.684617815">
      <ele>847.6</ele>
    </trkpt>
    <trkpt lat="46.573053009" lon="6.684615834">
      <ele>847.7</ele>
    </trkpt>
    <trkpt lat="46.573049839" lon="6.684613941">
      <ele>847.7</ele>
    </trkpt>
    <trkpt lat="46.573046671" lon="6.684612138">
      <ele>847.7</ele>
    </trkpt>
    <trkpt lat="46.573043509" lon="6.684610412">
      <ele>847.7</ele>
    </trkpt>
    <trkpt lat="46.573040352" lon="6.684608735">
      <ele>847.7</ele>
    </trkpt>
    <trkpt lat="46.573037208" lon="6.684607078">
      <ele>847.7</ele>
    </trkpt>
    <trkpt lat="46.573034075" lon="6.684605401">
      <ele>847.7</ele>
    </trkpt>
    <trkpt lat="46.573030952" lon="6.684603666">
      <ele>847.7</ele>
    </trkpt>
    <trkpt lat="46.573027840" lon="6.684601844">
      <ele>847.7</ele>
    </trkpt>
    <trkpt lat="46.573024734" lon="6.684599922">
      <ele>847.7</ele>
    </trkpt>
    <trkpt lat="46.573021628" lon="6.684597899">
      <ele>847.8</ele>
    </trkpt>
    <trkpt lat="46.573018520" lon="6.684595790">
      <ele>847.8</ele>
    </trkpt>
    <trkpt lat="46.573015404" lon="6.684593614">
      <ele>847.9</ele>
    </trkpt>
    <trkpt lat="46.573012279" lon="6.684591394">
      <ele>847.9</ele>
    </trkpt>
    <trkpt lat="46.573009142" lon="6.684589148">
      <ele>848.0</ele>
    </trkpt>
    <trkpt lat="46.573005994" lon="6.684586887">
      <ele>848.0</ele>
    </trkpt>
    <trkpt lat="46.573002835" lon="6.684584616">
      <ele>848.1</ele>
    </trkpt>
    <trkpt lat="46.572999666" lon="6.684582335">
      <ele>848.1</ele>
    </trkpt>
    <trkpt lat="46.572996488" lon="6.684580043">
      <ele>848.2</ele>
    </trkpt>
    <trkpt lat="46.572993299" lon="6.684577743">
      <ele>848.2</ele>
    </trkpt>
    <trkpt lat="46.572990103" lon="6.684575443">
      <ele>848.2</ele>
    </trkpt>
    <trkpt lat="46.572986898" lon="6.684573147">
      <ele>848.2</ele>
    </trkpt>
    <trkpt lat="46.572983686" lon="6.684570867">
      <ele>848.2</ele>
    </trkpt>
    <trkpt lat="46.572980468" lon="6.684568609">
      <ele>848.2</ele>
    </trkpt>
    <trkpt lat="46.572977248" lon="6.684566380">
      <ele>848.2</ele>
    </trkpt>
    <trkpt lat="46.572974026" lon="6.684564181">
      <ele>848.2</ele>
    </trkpt>
    <trkpt lat="46.572970807" lon="6.684562008">
      <ele>848.2</ele>
    </trkpt>
    <trkpt lat="46.572967591" lon="6.684559849">
      <ele>848.1</ele>
    </trkpt>
    <trkpt lat="46.572964377" lon="6.684557697">
      <ele>848.1</ele>
    </trkpt>
    <trkpt lat="46.572961165" lon="6.684555544">
      <ele>848.1</ele>
    </trkpt>
    <trkpt lat="46.572957951" lon="6.684553382">
      <ele>848.0</ele>
    </trkpt>
    <trkpt lat="46.572954733" lon="6.684551206">
      <ele>848.0</ele>
    </trkpt>
    <trkpt lat="46.572951511" lon="6.684549018">
      <ele>848.0</ele>
    </trkpt>
    <trkpt lat="46.572948281" lon="6.684546820">
      <ele>847.9</ele>
    </trkpt>
    <trkpt lat="46.572945047" lon="6.684544621">
      <ele>847.9</ele>
    </trkpt>
    <trkpt lat="46.572941810" lon="6.684542426">
      <ele>847.9</ele>
    </trkpt>
    <trkpt lat="46.572938573" lon="6.684540242">
      <ele>847.9</ele>
    </trkpt>
    <trkpt lat="46.572935340" lon="6.684538075">
      <ele>847.9</ele>
    </trkpt>
    <trkpt lat="46.572932110" lon="6.684535929">
      <ele>847.9</ele>
    </trkpt>
    <trkpt lat="46.572928883" lon="6.684533810">
      <ele>847.8</ele>
    </trkpt>
    <trkpt lat="46.572925654" lon="6.684531720">
      <ele>847.8</ele>
    </trkpt>
    <trkpt lat="46.572922420" lon="6.684529661">
      <ele>847.8</ele>
    </trkpt>
    <trkpt lat="46.572919176" lon="6.684527631">
      <ele>847.8</ele>
    </trkpt>
    <trkpt lat="46.572915922" lon="6.684525625">
      <ele>847.8</ele>
    </trkpt>
    <trkpt lat="46.572912655" lon="6.684523636">
      <ele>847.7</ele>
    </trkpt>
    <trkpt lat="46.572909378" lon="6.684521654">
      <ele>847.7</ele>
    </trkpt>
    <trkpt lat="46.572906096" lon="6.684519670">
      <ele>847.7</ele>
    </trkpt>
    <trkpt lat="46.572902816" lon="6.684517677">
      <ele>847.7</ele>
    </trkpt>
    <trkpt lat="46.572899542" lon="6.684515671">
      <ele>847.6</ele>
    </trkpt>
    <trkpt lat="46.572896281" lon="6.684513652">
      <ele>847.6</ele>
    </trkpt>
    <trkpt lat="46.572893035" lon="6.684511620">
      <ele>847.6</ele>
    </trkpt>
    <trkpt lat="46.572889807" lon="6.684509579">
      <ele>847.6</ele>
    </trkpt>
    <trkpt lat="46.572886597" lon="6.684507536">
      <ele>847.6</ele>
    </trkpt>
    <trkpt lat="46.572883401" lon="6.684505492">
      <ele>847.6</ele>
    </trkpt>
    <trkpt lat="46.572880217" lon="6.684503452">
      <ele>847.7</ele>
    </trkpt>
    <trkpt lat="46.572877040" lon="6.684501418">
      <ele>847.7</ele>
    </trkpt>
    <trkpt lat="46.572873868" lon="6.684499389">
      <ele>847.7</ele>
    </trkpt>
    <trkpt lat="46.572870696" lon="6.684497366">
      <ele>847.7</ele>
    </trkpt>
    <trkpt lat="46.572867520" lon="6.684495343">
      <ele>847.7</ele>
    </trkpt>
    <trkpt lat="46.572864343" lon="6.684493315">
      <ele>847.8</ele>
    </trkpt>
    <trkpt lat="46.572861163" lon="6.684491270">
      <ele>847.8</ele>
    </trkpt>
    <trkpt lat="46.572857987" lon="6.684489198">
      <ele>847.8</ele>
    </trkpt>
    <trkpt lat="46.572854822" lon="6.684487089">
      <ele>847.8</ele>
    </trkpt>
    <trkpt lat="46.572851675" lon="6.684484932">
      <ele>847.7</ele>
    </trkpt>
    <trkpt lat="46.572848552" lon="6.684482718">
      <ele>847.7</ele>
    </trkpt>
    <trkpt lat="46.572845459" lon="6.684480446">
      <ele>847.7</ele>
    </trkpt>
    <trkpt lat="46.572842393" lon="6.684478115">
      <ele>847.7</ele>
    </trkpt>
    <trkpt lat="46.572839351" lon="6.684475729">
      <ele>847.6</ele>
    </trkpt>
    <trkpt lat="46.572836322" lon="6.684473292">
      <ele>847.6</ele>
    </trkpt>
    <trkpt lat="46.572833296" lon="6.684470812">
      <ele>847.6</ele>
    </trkpt>
    <trkpt lat="46.572830261" lon="6.684468298">
      <ele>847.5</ele>
    </trkpt>
    <trkpt lat="46.572827212" lon="6.684465760">
      <ele>847.5</ele>
    </trkpt>
    <trkpt lat="46.572824142" lon="6.684463205">
      <ele>847.5</ele>
    </trkpt>
    <trkpt lat="46.572821052" lon="6.684460644">
      <ele>847.4</ele>
    </trkpt>
    <trkpt lat="46.572817943" lon="6.684458083">
      <ele>847.4</ele>
    </trkpt>
    <trkpt lat="46.572814820" lon="6.684455526">
      <ele>847.3</ele>
    </trkpt>
    <trkpt lat="46.572811688" lon="6.684452974">
      <ele>847.3</ele>
    </trkpt>
    <trkpt lat="46.572808554" lon="6.684450421">
      <ele>847.3</ele>
    </trkpt>
    <trkpt lat="46.572805429" lon="6.684447860">
      <ele>847.2</ele>
    </trkpt>
    <trkpt lat="46.572802320" lon="6.684445282">
      <ele>847.2</ele>
    </trkpt>
    <trkpt lat="46.572799241" lon="6.684442676">
      <ele>847.2</ele>
    </trkpt>
    <trkpt lat="46.572796193" lon="6.684440030">
      <ele>847.1</ele>
    </trkpt>
    <trkpt lat="46.572793187" lon="6.684437335">
      <ele>847.1</ele>
    </trkpt>
    <trkpt lat="46.572790225" lon="6.684434586">
      <ele>847.1</ele>
    </trkpt>
    <trkpt lat="46.572787297" lon="6.684431779">
      <ele>847.1</ele>
    </trkpt>
    <trkpt lat="46.572784394" lon="6.684428918">
      <ele>847.1</ele>
    </trkpt>
    <trkpt lat="46.572781502" lon="6.684426011">
      <ele>847.1</ele>
    </trkpt>
    <trkpt lat="46.572778602" lon="6.684423072">
      <ele>847.0</ele>
    </trkpt>
    <trkpt lat="46.572775677" lon="6.684420125">
      <ele>847.0</ele>
    </trkpt>
    <trkpt lat="46.572772713" lon="6.684417196">
      <ele>847.0</ele>
    </trkpt>
    <trkpt lat="46.572769696" lon="6.684414314">
      <ele>847.0</ele>
    </trkpt>
    <trkpt lat="46.572766621" lon="6.684411507">
      <ele>846.9</ele>
    </trkpt>
    <trkpt lat="46.572763484" lon="6.684408801">
      <ele>846.9</ele>
    </trkpt>
    <trkpt lat="46.572760291" lon="6.684406215">
      <ele>846.8</ele>
    </trkpt>
    <trkpt lat="46.572757044" lon="6.684403757">
      <ele>846.8</ele>
    </trkpt>
    <trkpt lat="46.572753756" lon="6.684401433">
      <ele>846.7</ele>
    </trkpt>
    <trkpt lat="46.572750434" lon="6.684399237">
      <ele>846.7</ele>
    </trkpt>
    <trkpt lat="46.572747091" lon="6.684397164">
      <ele>846.6</ele>
    </trkpt>
    <trkpt lat="46.572743731" lon="6.684395203">
      <ele>846.6</ele>
    </trkpt>
    <trkpt lat="46.572740362" lon="6.684393345">
      <ele>846.5</ele>
    </trkpt>
    <trkpt lat="46.572736980" lon="6.684391575">
      <ele>846.5</ele>
    </trkpt>
    <trkpt lat="46.572733588" lon="6.684389887">
      <ele>846.5</ele>
    </trkpt>
    <trkpt lat="46.572730187" lon="6.684388270">
      <ele>846.5</ele>
    </trkpt>
    <trkpt lat="46.572726778" lon="6.684386712">
      <ele>846.5</ele>
    </trkpt>
    <trkpt lat="46.572723364" lon="6.684385202">
      <ele>846.6</ele>
    </trkpt>
    <trkpt lat="46.572719951" lon="6.684383727">
      <ele>846.6</ele>
    </trkpt>
    <trkpt lat="46.572716555" lon="6.684382276">
      <ele>846.7</ele>
    </trkpt>
    <trkpt lat="46.572713173" lon="6.684380838">
      <ele>846.7</ele>
    </trkpt>
    <trkpt lat="46.572709813" lon="6.684379405">
      <ele>846.8</ele>
    </trkpt>
    <trkpt lat="46.572706475" lon="6.684377973">
      <ele>846.8</ele>
    </trkpt>
    <trkpt lat="46.572703152" lon="6.684376548">
      <ele>846.9</ele>
    </trkpt>
    <trkpt lat="46.572699832" lon="6.684375151">
      <ele>846.9</ele>
    </trkpt>
    <trkpt lat="46.572696502" lon="6.684373796">
      <ele>847.0</ele>
    </trkpt>
    <trkpt lat="46.572693145" lon="6.684372519">
      <ele>847.1</ele>
    </trkpt>
    <trkpt lat="46.572689751" lon="6.684371343">
      <ele>847.2</ele>
    </trkpt>
    <trkpt lat="46.572686312" lon="6.684370276">
      <ele>847.4</ele>
    </trkpt>
    <trkpt lat="46.572682823" lon="6.684369310">
      <ele>847.5</ele>
    </trkpt>
    <trkpt lat="46.572679291" lon="6.684368396">
      <ele>847.7</ele>
    </trkpt>
    <trkpt lat="46.572675736" lon="6.684367469">
      <ele>847.9</ele>
    </trkpt>
    <trkpt lat="46.572672181" lon="6.684366456">
      <ele>848.1</ele>
    </trkpt>
    <trkpt lat="46.572668645" lon="6.684365296">
      <ele>848.3</ele>
    </trkpt>
    <trkpt lat="46.572665153" lon="6.684363965">
      <ele>848.4</ele>
    </trkpt>
    <trkpt lat="46.572661710" lon="6.684362485">
      <ele>848.5</ele>
    </trkpt>
    <trkpt lat="46.572658315" lon="6.684360911">
      <ele>848.7</ele>
    </trkpt>
    <trkpt lat="46.572654951" lon="6.684359342">
      <ele>848.8</ele>
    </trkpt>
    <trkpt lat="46.572651604" lon="6.684357860">
      <ele>848.9</ele>
    </trkpt>
    <trkpt lat="46.572648260" lon="6.684356524">
      <ele>849.1</ele>
    </trkpt>
    <trkpt lat="46.572644918" lon="6.684355343">
      <ele>849.2</ele>
    </trkpt>
    <trkpt lat="46.572641593" lon="6.684354272">
      <ele>849.4</ele>
    </trkpt>
    <trkpt lat="46.572638310" lon="6.684353234">
      <ele>849.6</ele>
    </trkpt>
    <trkpt lat="46.572635095" lon="6.684352124">
      <ele>849.7</ele>
    </trkpt>
    <trkpt lat="46.572631971" lon="6.684350862">
      <ele>849.8</ele>
    </trkpt>
    <trkpt lat="46.572628947" lon="6.684349402">
      <ele>849.9</ele>
    </trkpt>
    <trkpt lat="46.572626011" lon="6.684347781">
      <ele>850.0</ele>
    </trkpt>
    <trkpt lat="46.572623135" lon="6.684346073">
      <ele>850.0</ele>
    </trkpt>
    <trkpt lat="46.572620287" lon="6.684344390">
      <ele>850.0</ele>
    </trkpt>
    <trkpt lat="46.572617438" lon="6.684342849">
      <ele>850.0</ele>
    </trkpt>
    <trkpt lat="46.572614563" lon="6.684341550">
      <ele>849.9</ele>
    </trkpt>
    <trkpt lat="46.572611658" lon="6.684340512">
      <ele>850.0</ele>
    </trkpt>
    <trkpt lat="46.572608729" lon="6.684339709">
      <ele>850.0</ele>
    </trkpt>
    <trkpt lat="46.572605787" lon="6.684339054">
      <ele>850.0</ele>
    </trkpt>
    <trkpt lat="46.572602847" lon="6.684338433">
      <ele>850.1</ele>
    </trkpt>
    <trkpt lat="46.572599905" lon="6.684337748">
      <ele>850.2</ele>
    </trkpt>
    <trkpt lat="46.572596954" lon="6.684336935">
      <ele>850.3</ele>
    </trkpt>
    <trkpt lat="46.572593973" lon="6.684335977">
      <ele>850.4</ele>
    </trkpt>
    <trkpt lat="46.572590941" lon="6.684334906">
      <ele>850.5</ele>
    </trkpt>
    <trkpt lat="46.572587832" lon="6.684333783">
      <ele>850.5</ele>
    </trkpt>
    <trkpt lat="46.572584636" lon="6.684332668">
      <ele>850.5</ele>
    </trkpt>
    <trkpt lat="46.572581356" lon="6.684331600">
      <ele>850.4</ele>
    </trkpt>
    <trkpt lat="46.572578006" lon="6.684330575">
      <ele>850.3</ele>
    </trkpt>
    <trkpt lat="46.572574609" lon="6.684329565">
      <ele>850.2</ele>
    </trkpt>
    <trkpt lat="46.572571189" lon="6.684328524">
      <ele>850.0</ele>
    </trkpt>
    <trkpt lat="46.572567776" lon="6.684327408">
      <ele>849.9</ele>
    </trkpt>
    <trkpt lat="46.572564387" lon="6.684326181">
      <ele>849.7</ele>
    </trkpt>
    <trkpt lat="46.572561035" lon="6.684324826">
      <ele>849.6</ele>
    </trkpt>
    <trkpt lat="46.572557723" lon="6.684323353">
      <ele>849.5</ele>
    </trkpt>
    <trkpt lat="46.572554448" lon="6.684321771">
      <ele>849.4</ele>
    </trkpt>
    <trkpt lat="46.572551204" lon="6.684320094">
      <ele>849.4</ele>
    </trkpt>
    <trkpt lat="46.572547980" lon="6.684318323">
      <ele>849.3</ele>
    </trkpt>
    <trkpt lat="46.572544767" lon="6.684316464">
      <ele>849.3</ele>
    </trkpt>
    <trkpt lat="46.572541553" lon="6.684314519">
      <ele>849.3</ele>
    </trkpt>
    <trkpt lat="46.572538332" lon="6.684312491">
      <ele>849.3</ele>
    </trkpt>
    <trkpt lat="46.572535104" lon="6.684310385">
      <ele>849.3</ele>
    </trkpt>
    <trkpt lat="46.572531866" lon="6.684308219">
      <ele>849.3</ele>
    </trkpt>
    <trkpt lat="46.572528626" lon="6.684306008">
      <ele>849.3</ele>
    </trkpt>
    <trkpt lat="46.572525395" lon="6.684303774">
      <ele>849.4</ele>
    </trkpt>
    <trkpt lat="46.572522179" lon="6.684301530">
      <ele>849.4</ele>
    </trkpt>
    <trkpt lat="46.572518986" lon="6.684299291">
      <ele>849.4</ele>
    </trkpt>
    <trkpt lat="46.572515819" lon="6.684297063">
      <ele>849.4</ele>
    </trkpt>
    <trkpt lat="46.572512680" lon="6.684294845">
      <ele>849.4</ele>
    </trkpt>
    <trkpt lat="46.572509562" lon="6.684292632">
      <ele>849.4</ele>
    </trkpt>
    <trkpt lat="46.572506463" lon="6.684290408">
      <ele>849.5</ele>
    </trkpt>
    <trkpt lat="46.572503375" lon="6.684288158">
      <ele>849.5</ele>
    </trkpt>
    <trkpt lat="46.572500293" lon="6.684285864">
      <ele>849.6</ele>
    </trkpt>
    <trkpt lat="46.572497213" lon="6.684283512">
      <ele>849.6</ele>
    </trkpt>
    <trkpt lat="46.572494134" lon="6.684281091">
      <ele>849.6</ele>
    </trkpt>
    <trkpt lat="46.572491056" lon="6.684278597">
      <ele>849.7</ele>
    </trkpt>
    <trkpt lat="46.572487979" lon="6.684276028">
      <ele>849.8</ele>
    </trkpt>
    <trkpt lat="46.572484906" lon="6.684273392">
      <ele>849.8</ele>
    </trkpt>
    <trkpt lat="46.572481838" lon="6.684270696">
      <ele>849.9</ele>
    </trkpt>
    <trkpt lat="46.572478776" lon="6.684267954">
      <ele>849.9</ele>
    </trkpt>
    <trkpt lat="46.572475723" lon="6.684265180">
      <ele>850.0</ele>
    </trkpt>
    <trkpt lat="46.572472678" lon="6.684262390">
      <ele>850.0</ele>
    </trkpt>
    <trkpt lat="46.572469641" lon="6.684259597">
      <ele>850.0</ele>
    </trkpt>
    <trkpt lat="46.572466612" lon="6.684256816">
      <ele>850.1</ele>
    </trkpt>
    <trkpt lat="46.572463589" lon="6.684254057">
      <ele>850.1</ele>
    </trkpt>
    <trkpt lat="46.572460571" lon="6.684251323">
      <ele>850.1</ele>
    </trkpt>
    <trkpt lat="46.572457553" lon="6.684248613">
      <ele>850.1</ele>
    </trkpt>
    <trkpt lat="46.572454534" lon="6.684245917">
      <ele>850.1</ele>
    </trkpt>
    <trkpt lat="46.572451513" lon="6.684243225">
      <ele>850.2</ele>
    </trkpt>
    <trkpt lat="46.572448488" lon="6.684240525">
      <ele>850.2</ele>
    </trkpt>
    <trkpt lat="46.572445461" lon="6.684237809">
      <ele>850.2</ele>
    </trkpt>
    <trkpt lat="46.572442433" lon="6.684235074">
      <ele>850.3</ele>
    </trkpt>
    <trkpt lat="46.572439408" lon="6.684232320">
      <ele>850.3</ele>
    </trkpt>
    <trkpt lat="46.572436390" lon="6.684229552">
      <ele>850.3</ele>
    </trkpt>
    <trkpt lat="46.572433382" lon="6.684226774">
      <ele>850.4</ele>
    </trkpt>
    <trkpt lat="46.572430386" lon="6.684223992">
      <ele>850.4</ele>
    </trkpt>
    <trkpt lat="46.572427405" lon="6.684221207">
      <ele>850.5</ele>
    </trkpt>
    <trkpt lat="46.572424441" lon="6.684218416">
      <ele>850.5</ele>
    </trkpt>
    <trkpt lat="46.572421491" lon="6.684215610">
      <ele>850.5</ele>
    </trkpt>
    <trkpt lat="46.572418562" lon="6.684212785">
      <ele>850.6</ele>
    </trkpt>
    <trkpt lat="46.572415653" lon="6.684209931">
      <ele>850.6</ele>
    </trkpt>
    <trkpt lat="46.572412768" lon="6.684207045">
      <ele>850.6</ele>
    </trkpt>
    <trkpt lat="46.572409906" lon="6.684204121">
      <ele>850.6</ele>
    </trkpt>
    <trkpt lat="46.572407067" lon="6.684201158">
      <ele>850.6</ele>
    </trkpt>
    <trkpt lat="46.572404253" lon="6.684198160">
      <ele>850.6</ele>
    </trkpt>
    <trkpt lat="46.572401459" lon="6.684195126">
      <ele>850.6</ele>
    </trkpt>
    <trkpt lat="46.572398682" lon="6.684192061">
      <ele>850.6</ele>
    </trkpt>
    <trkpt lat="46.572395920" lon="6.684188974">
      <ele>850.6</ele>
    </trkpt>
    <trkpt lat="46.572393167" lon="6.684185875">
      <ele>850.6</ele>
    </trkpt>
    <trkpt lat="46.572390418" lon="6.684182764">
      <ele>850.6</ele>
    </trkpt>
    <trkpt lat="46.572387667" lon="6.684179661">
      <ele>850.7</ele>
    </trkpt>
    <trkpt lat="46.572384902" lon="6.684176577">
      <ele>850.7</ele>
    </trkpt>
    <trkpt lat="46.572382116" lon="6.684173520">
      <ele>850.7</ele>
    </trkpt>
    <trkpt lat="46.572379294" lon="6.684170494">
      <ele>850.8</ele>
    </trkpt>
    <trkpt lat="46.572376437" lon="6.684167491">
      <ele>850.9</ele>
    </trkpt>
    <trkpt lat="46.572373545" lon="6.684164503">
      <ele>851.0</ele>
    </trkpt>
    <trkpt lat="46.572370621" lon="6.684161519">
      <ele>851.1</ele>
    </trkpt>
    <trkpt lat="46.572367673" lon="6.684158530">
      <ele>851.3</ele>
    </trkpt>
    <trkpt lat="46.572364708" lon="6.684155560">
      <ele>851.5</ele>
    </trkpt>
    <trkpt lat="46.572361726" lon="6.684152639">
      <ele>851.6</ele>
    </trkpt>
    <trkpt lat="46.572358718" lon="6.684149812">
      <ele>851.8</ele>
    </trkpt>
    <trkpt lat="46.572355674" lon="6.684147120">
      <ele>852.0</ele>
    </trkpt>
    <trkpt lat="46.572352585" lon="6.684144593">
      <ele>852.1</ele>
    </trkpt>
    <trkpt lat="46.572349442" lon="6.684142230">
      <ele>852.3</ele>
    </trkpt>
    <trkpt lat="46.572346248" lon="6.684139997">
      <ele>852.3</ele>
    </trkpt>
    <trkpt lat="46.572343018" lon="6.684137835">
      <ele>852.4</ele>
    </trkpt>
    <trkpt lat="46.572339767" lon="6.684135678">
      <ele>852.5</ele>
    </trkpt>
    <trkpt lat="46.572336519" lon="6.684133473">
      <ele>852.5</ele>
    </trkpt>
    <trkpt lat="46.572333285" lon="6.684131193">
      <ele>852.6</ele>
    </trkpt>
    <trkpt lat="46.572330069" lon="6.684128846">
      <ele>852.7</ele>
    </trkpt>
    <trkpt lat="46.572326867" lon="6.684126473">
      <ele>852.8</ele>
    </trkpt>
    <trkpt lat="46.572323671" lon="6.684124129">
      <ele>852.9</ele>
    </trkpt>
    <trkpt lat="46.572320463" lon="6.684121863">
      <ele>853.0</ele>
    </trkpt>
    <trkpt lat="46.572317240" lon="6.684119716">
      <ele>853.1</ele>
    </trkpt>
    <trkpt lat="46.572313993" lon="6.684117709">
      <ele>853.1</ele>
    </trkpt>
    <trkpt lat="46.572310727" lon="6.684115829">
      <ele>853.2</ele>
    </trkpt>
    <trkpt lat="46.572307448" lon="6.684114055">
      <ele>853.2</ele>
    </trkpt>
    <trkpt lat="46.572304161" lon="6.684112359">
      <ele>853.2</ele>
    </trkpt>
    <trkpt lat="46.572300875" lon="6.684110707">
      <ele>853.3</ele>
    </trkpt>
    <trkpt lat="46.572297590" lon="6.684109079">
      <ele>853.3</ele>
    </trkpt>
    <trkpt lat="46.572294305" lon="6.684107464">
      <ele>853.4</ele>
    </trkpt>
    <trkpt lat="46.572291028" lon="6.684105856">
      <ele>853.4</ele>
    </trkpt>
    <trkpt lat="46.572287762" lon="6.684104266">
      <ele>853.5</ele>
    </trkpt>
    <trkpt lat="46.572284511" lon="6.684102697">
      <ele>853.5</ele>
    </trkpt>
    <trkpt lat="46.572281278" lon="6.684101170">
      <ele>853.5</ele>
    </trkpt>
    <trkpt lat="46.572278065" lon="6.684099707">
      <ele>853.5</ele>
    </trkpt>
    <trkpt lat="46.572274859" lon="6.684098324">
      <ele>853.5</ele>
    </trkpt>
    <trkpt lat="46.572271651" lon="6.684097035">
      <ele>853.4</ele>
    </trkpt>
    <trkpt lat="46.572268422" lon="6.684095840">
      <ele>853.3</ele>
    </trkpt>
    <trkpt lat="46.572265159" lon="6.684094733">
      <ele>853.2</ele>
    </trkpt>
    <trkpt lat="46.572261848" lon="6.684093691">
      <ele>853.1</ele>
    </trkpt>
    <trkpt lat="46.572258492" lon="6.684092681">
      <ele>852.9</ele>
    </trkpt>
    <trkpt lat="46.572255096" lon="6.684091662">
      <ele>852.7</ele>
    </trkpt>
    <trkpt lat="46.572251677" lon="6.684090593">
      <ele>852.5</ele>
    </trkpt>
    <trkpt lat="46.572248254" lon="6.684089439">
      <ele>852.3</ele>
    </trkpt>
    <trkpt lat="46.572244841" lon="6.684088175">
      <ele>852.2</ele>
    </trkpt>
    <trkpt lat="46.572241450" lon="6.684086791">
      <ele>852.0</ele>
    </trkpt>
    <trkpt lat="46.572238088" lon="6.684085288">
      <ele>851.9</ele>
    </trkpt>
    <trkpt lat="46.572234753" lon="6.684083679">
      <ele>851.8</ele>
    </trkpt>
    <trkpt lat="46.572231441" lon="6.684081985">
      <ele>851.7</ele>
    </trkpt>
    <trkpt lat="46.572228147" lon="6.684080227">
      <ele>851.6</ele>
    </trkpt>
    <trkpt lat="46.572224863" lon="6.684078427">
      <ele>851.5</ele>
    </trkpt>
    <trkpt lat="46.572221583" lon="6.684076602">
      <ele>851.5</ele>
    </trkpt>
    <trkpt lat="46.572218303" lon="6.684074765">
      <ele>851.4</ele>
    </trkpt>
    <trkpt lat="46.572215020" lon="6.684072925">
      <ele>851.3</ele>
    </trkpt>
    <trkpt lat="46.572211733" lon="6.684071080">
      <ele>851.3</ele>
    </trkpt>
    <trkpt lat="46.572208439" lon="6.684069227">
      <ele>851.3</ele>
    </trkpt>
    <trkpt lat="46.572205140" lon="6.684067358">
      <ele>851.3</ele>
    </trkpt>
    <trkpt lat="46.572201841" lon="6.684065460">
      <ele>851.3</ele>
    </trkpt>
    <trkpt lat="46.572198546" lon="6.684063519">
      <ele>851.3</ele>
    </trkpt>
    <trkpt lat="46.572195263" lon="6.684061523">
      <ele>851.3</ele>
    </trkpt>
    <trkpt lat="46.572191999" lon="6.684059462">
      <ele>851.3</ele>
    </trkpt>
    <trkpt lat="46.572188759" lon="6.684057329">
      <ele>851.3</ele>
    </trkpt>
    <trkpt lat="46.572185547" lon="6.684055118">
      <ele>851.4</ele>
    </trkpt>
    <trkpt lat="46.572182367" lon="6.684052822">
      <ele>851.4</ele>
    </trkpt>
    <trkpt lat="46.572179221" lon="6.684050439">
      <ele>851.5</ele>
    </trkpt>
    <trkpt lat="46.572176114" lon="6.684047954">
      <ele>851.5</ele>
    </trkpt>
    <trkpt lat="46.572173050" lon="6.684045370">
      <ele>851.6</ele>
    </trkpt>
    <trkpt lat="46.572170031" lon="6.684042681">
      <ele>851.6</ele>
    </trkpt>
    <trkpt lat="46.572167055" lon="6.684039878">
      <ele>851.7</ele>
    </trkpt>
    <trkpt lat="46.572164127" lon="6.684036956">
      <ele>851.8</ele>
    </trkpt>
    <trkpt lat="46.572161245" lon="6.684033911">
      <ele>852.0</ele>
    </trkpt>
    <trkpt lat="46.572158410" lon="6.684030740">
      <ele>852.2</ele>
    </trkpt>
    <trkpt lat="46.572155613" lon="6.684027444">
      <ele>852.4</ele>
    </trkpt>
    <trkpt lat="46.572152853" lon="6.684024038">
      <ele>852.7</ele>
    </trkpt>
    <trkpt lat="46.572150120" lon="6.684020559">
      <ele>853.0</ele>
    </trkpt>
    <trkpt lat="46.572147408" lon="6.684017056">
      <ele>853.4</ele>
    </trkpt>
    <trkpt lat="46.572144704" lon="6.684013593">
      <ele>853.8</ele>
    </trkpt>
    <trkpt lat="46.572141991" lon="6.684010246">
      <ele>854.1</ele>
    </trkpt>
    <trkpt lat="46.572139246" lon="6.684007092">
      <ele>854.5</ele>
    </trkpt>
    <trkpt lat="46.572136444" lon="6.684004200">
      <ele>854.8</ele>
    </trkpt>
    <trkpt lat="46.572133556" lon="6.684001617">
      <ele>854.9</ele>
    </trkpt>
    <trkpt lat="46.572130561" lon="6.683999369">
      <ele>855.0</ele>
    </trkpt>
    <trkpt lat="46.572127445" lon="6.683997453">
      <ele>855.0</ele>
    </trkpt>
    <trkpt lat="46.572124207" lon="6.683995841">
      <ele>854.9</ele>
    </trkpt>
    <trkpt lat="46.572120859" lon="6.683994474">
      <ele>854.8</ele>
    </trkpt>
    <trkpt lat="46.572117428" lon="6.683993275">
      <ele>854.5</ele>
    </trkpt>
    <trkpt lat="46.572113953" lon="6.683992150">
      <ele>854.3</ele>
    </trkpt>
    <trkpt lat="46.572110474" lon="6.683991006">
      <ele>854.1</ele>
    </trkpt>
    <trkpt lat="46.572107029" lon="6.683989747">
      <ele>853.8</ele>
    </trkpt>
    <trkpt lat="46.572103650" lon="6.683988295">
      <ele>853.7</ele>
    </trkpt>
    <trkpt lat="46.572100357" lon="6.683986600">
      <ele>853.5</ele>
    </trkpt>
    <trkpt lat="46.572097159" lon="6.683984627">
      <ele>853.5</ele>
    </trkpt>
    <trkpt lat="46.572094057" lon="6.683982379">
      <ele>853.4</ele>
    </trkpt>
    <trkpt lat="46.572091049" lon="6.683979878">
      <ele>853.4</ele>
    </trkpt>
    <trkpt lat="46.572088117" lon="6.683977161">
      <ele>853.5</ele>
    </trkpt>
    <trkpt lat="46.572085248" lon="6.683974278">
      <ele>853.5</ele>
    </trkpt>
    <trkpt lat="46.572082429" lon="6.683971285">
      <ele>853.6</ele>
    </trkpt>
    <trkpt lat="46.572079652" lon="6.683968243">
      <ele>853.6</ele>
    </trkpt>
    <trkpt lat="46.572076905" lon="6.683965202">
      <ele>853.7</ele>
    </trkpt>
    <trkpt lat="46.572074181" lon="6.683962208">
      <ele>853.8</ele>
    </trkpt>
    <trkpt lat="46.572071472" lon="6.683959301">
      <ele>853.9</ele>
    </trkpt>
    <trkpt lat="46.572068772" lon="6.683956499">
      <ele>853.9</ele>
    </trkpt>
    <trkpt lat="46.572066075" lon="6.683953807">
      <ele>854.0</ele>
    </trkpt>
    <trkpt lat="46.572063372" lon="6.683951210">
      <ele>854.0</ele>
    </trkpt>
    <trkpt lat="46.572060651" lon="6.683948686">
      <ele>854.0</ele>
    </trkpt>
    <trkpt lat="46.572057903" lon="6.683946207">
      <ele>854.0</ele>
    </trkpt>
    <trkpt lat="46.572055120" lon="6.683943743">
      <ele>854.0</ele>
    </trkpt>
    <trkpt lat="46.572052296" lon="6.683941277">
      <ele>854.0</ele>
    </trkpt>
    <trkpt lat="46.572049431" lon="6.683938788">
      <ele>854.0</ele>
    </trkpt>
    <trkpt lat="46.572046528" lon="6.683936273">
      <ele>854.0</ele>
    </trkpt>
    <trkpt lat="46.572043592" lon="6.683933726">
      <ele>853.9</ele>
    </trkpt>
    <trkpt lat="46.572040630" lon="6.683931145">
      <ele>853.9</ele>
    </trkpt>
    <trkpt lat="46.572037648" lon="6.683928532">
      <ele>853.9</ele>
    </trkpt>
    <trkpt lat="46.572034655" lon="6.683925889">
      <ele>853.8</ele>
    </trkpt>
    <trkpt lat="46.572031662" lon="6.683923218">
      <ele>853.8</ele>
    </trkpt>
    <trkpt lat="46.572028678" lon="6.683920517">
      <ele>853.7</ele>
    </trkpt>
    <trkpt lat="46.572025715" lon="6.683917784">
      <ele>853.7</ele>
    </trkpt>
    <trkpt lat="46.572022782" lon="6.683915016">
      <ele>853.6</ele>
    </trkpt>
    <trkpt lat="46.572019886" lon="6.683912206">
      <ele>853.5</ele>
    </trkpt>
    <trkpt lat="46.572017033" lon="6.683909345">
      <ele>853.5</ele>
    </trkpt>
    <trkpt lat="46.572014220" lon="6.683906425">
      <ele>853.4</ele>
    </trkpt>
    <trkpt lat="46.572011440" lon="6.683903445">
      <ele>853.3</ele>
    </trkpt>
    <trkpt lat="46.572008682" lon="6.683900409">
      <ele>853.2</ele>
    </trkpt>
    <trkpt lat="46.572005937" lon="6.683897329">
      <ele>853.2</ele>
    </trkpt>
    <trkpt lat="46.572003197" lon="6.683894214">
      <ele>853.1</ele>
    </trkpt>
    <trkpt lat="46.572000453" lon="6.683891084">
      <ele>853.1</ele>
    </trkpt>
    <trkpt lat="46.571997705" lon="6.683887953">
      <ele>853.1</ele>
    </trkpt>
    <trkpt lat="46.571994952" lon="6.683884818">
      <ele>853.1</ele>
    </trkpt>
    <trkpt lat="46.571992203" lon="6.683881666">
      <ele>853.2</ele>
    </trkpt>
    <trkpt lat="46.571989472" lon="6.683878466">
      <ele>853.2</ele>
    </trkpt>
    <trkpt lat="46.571986770" lon="6.683875181">
      <ele>853.3</ele>
    </trkpt>
    <trkpt lat="46.571984115" lon="6.683871775">
      <ele>853.4</ele>
    </trkpt>
    <trkpt lat="46.571981522" lon="6.683868213">
      <ele>853.6</ele>
    </trkpt>
    <trkpt lat="46.571978998" lon="6.683864484">
      <ele>853.7</ele>
    </trkpt>
    <trkpt lat="46.571976548" lon="6.683860591">
      <ele>853.9</ele>
    </trkpt>
    <trkpt lat="46.571974163" lon="6.683856561">
      <ele>854.1</ele>
    </trkpt>
    <trkpt lat="46.571971829" lon="6.683852440">
      <ele>854.2</ele>
    </trkpt>
    <trkpt lat="46.571969521" lon="6.683848282">
      <ele>854.4</ele>
    </trkpt>
    <trkpt lat="46.571967210" lon="6.683844144">
      <ele>854.5</ele>
    </trkpt>
    <trkpt lat="46.571964861" lon="6.683840077">
      <ele>854.5</ele>
    </trkpt>
    <trkpt lat="46.571962441" lon="6.683836126">
      <ele>854.6</ele>
    </trkpt>
    <trkpt lat="46.571959920" lon="6.683832327">
      <ele>854.5</ele>
    </trkpt>
    <trkpt lat="46.571957276" lon="6.683828708">
      <ele>854.5</ele>
    </trkpt>
    <trkpt lat="46.571954495" lon="6.683825291">
      <ele>854.4</ele>
    </trkpt>
    <trkpt lat="46.571951578" lon="6.683822084">
      <ele>854.3</ele>
    </trkpt>
    <trkpt lat="46.571948538" lon="6.683819095">
      <ele>854.3</ele>
    </trkpt>
    <trkpt lat="46.571945398" lon="6.683816319">
      <ele>854.2</ele>
    </trkpt>
    <trkpt lat="46.571942184" lon="6.683813741">
      <ele>854.1</ele>
    </trkpt>
    <trkpt lat="46.571938928" lon="6.683811339">
      <ele>854.1</ele>
    </trkpt>
    <trkpt lat="46.571935659" lon="6.683809088">
      <ele>854.1</ele>
    </trkpt>
    <trkpt lat="46.571932403" lon="6.683806939">
      <ele>854.1</ele>
    </trkpt>
    <trkpt lat="46.571929178" lon="6.683804851">
      <ele>854.1</ele>
    </trkpt>
    <trkpt lat="46.571925993" lon="6.683802779">
      <ele>854.1</ele>
    </trkpt>
    <trkpt lat="46.571922851" lon="6.683800680">
      <ele>854.1</ele>
    </trkpt>
    <trkpt lat="46.571919745" lon="6.683798522">
      <ele>854.1</ele>
    </trkpt>
    <trkpt lat="46.571916664" lon="6.683796278">
      <ele>854.2</ele>
    </trkpt>
    <trkpt lat="46.571913592" lon="6.683793941">
      <ele>854.2</ele>
    </trkpt>
    <trkpt lat="46.571910511" lon="6.683791520">
      <ele>854.3</ele>
    </trkpt>
    <trkpt lat="46.571907406" lon="6.683789038">
      <ele>854.3</ele>
    </trkpt>
    <trkpt lat="46.571904266" lon="6.683786531">
      <ele>854.3</ele>
    </trkpt>
    <trkpt lat="46.571901084" lon="6.683784030">
      <ele>854.4</ele>
    </trkpt>
    <trkpt lat="46.571897859" lon="6.683781570">
      <ele>854.4</ele>
    </trkpt>
    <trkpt lat="46.571894596" lon="6.683779174">
      <ele>854.5</ele>
    </trkpt>
    <trkpt lat="46.571891300" lon="6.683776856">
      <ele>854.5</ele>
    </trkpt>
    <trkpt lat="46.571887984" lon="6.683774621">
      <ele>854.5</ele>
    </trkpt>
    <trkpt lat="46.571884657" lon="6.683772463">
      <ele>854.5</ele>
    </trkpt>
    <trkpt lat="46.571881326" lon="6.683770371">
      <ele>854.4</ele>
    </trkpt>
    <trkpt lat="46.571877997" lon="6.683768331">
      <ele>854.4</ele>
    </trkpt>
    <trkpt lat="46.571874680" lon="6.683766334">
      <ele>854.4</ele>
    </trkpt>
    <trkpt lat="46.571871371" lon="6.683764373">
      <ele>854.3</ele>
    </trkpt>
    <trkpt lat="46.571868071" lon="6.683762442">
      <ele>854.2</ele>
    </trkpt>
    <trkpt lat="46.571864773" lon="6.683760539">
      <ele>854.2</ele>
    </trkpt>
    <trkpt lat="46.571861473" lon="6.683758669">
      <ele>854.1</ele>
    </trkpt>
    <trkpt lat="46.571858166" lon="6.683756832">
      <ele>854.0</ele>
    </trkpt>
    <trkpt lat="46.571854848" lon="6.683755025">
      <ele>854.0</ele>
    </trkpt>
    <trkpt lat="46.571851521" lon="6.683753245">
      <ele>853.9</ele>
    </trkpt>
    <trkpt lat="46.571848187" lon="6.683751482">
      <ele>853.8</ele>
    </trkpt>
    <trkpt lat="46.571844849" lon="6.683749720">
      <ele>853.8</ele>
    </trkpt>
    <trkpt lat="46.571841511" lon="6.683747948">
      <ele>853.7</ele>
    </trkpt>
    <trkpt lat="46.571838172" lon="6.683746153">
      <ele>853.7</ele>
    </trkpt>
    <trkpt lat="46.571834833" lon="6.683744329">
      <ele>853.6</ele>
    </trkpt>
    <trkpt lat="46.571831489" lon="6.683742477">
      <ele>853.6</ele>
    </trkpt>
    <trkpt lat="46.571828142" lon="6.683740602">
      <ele>853.5</ele>
    </trkpt>
    <trkpt lat="46.571824793" lon="6.683738717">
      <ele>853.5</ele>
    </trkpt>
    <trkpt lat="46.571821444" lon="6.683736832">
      <ele>853.5</ele>
    </trkpt>
    <trkpt lat="46.571818104" lon="6.683734954">
      <ele>853.4</ele>
    </trkpt>
    <trkpt lat="46.571814780" lon="6.683733085">
      <ele>853.4</ele>
    </trkpt>
    <trkpt lat="46.571811478" lon="6.683731221">
      <ele>853.3</ele>
    </trkpt>
    <trkpt lat="46.571808201" lon="6.683729354">
      <ele>853.3</ele>
    </trkpt>
    <trkpt lat="46.571804946" lon="6.683727470">
      <ele>853.3</ele>
    </trkpt>
    <trkpt lat="46.571801710" lon="6.683725563">
      <ele>853.2</ele>
    </trkpt>
    <trkpt lat="46.571798484" lon="6.683723625">
      <ele>853.2</ele>
    </trkpt>
    <trkpt lat="46.571795261" lon="6.683721653">
      <ele>853.1</ele>
    </trkpt>
    <trkpt lat="46.571792027" lon="6.683719647">
      <ele>853.1</ele>
    </trkpt>
    <trkpt lat="46.571788782" lon="6.683717608">
      <ele>853.1</ele>
    </trkpt>
    <trkpt lat="46.571785522" lon="6.683715535">
      <ele>853.0</ele>
    </trkpt>
    <trkpt lat="46.571782252" lon="6.683713432">
      <ele>853.0</ele>
    </trkpt>
    <trkpt lat="46.571778977" lon="6.683711302">
      <ele>853.0</ele>
    </trkpt>
    <trkpt lat="46.571775703" lon="6.683709151">
      <ele>853.0</ele>
    </trkpt>
    <trkpt lat="46.571772433" lon="6.683706994">
      <ele>853.1</ele>
    </trkpt>
    <trkpt lat="46.571769171" lon="6.683704847">
      <ele>853.1</ele>
    </trkpt>
    <trkpt lat="46.571765910" lon="6.683702728">
      <ele>853.1</ele>
    </trkpt>
    <trkpt lat="46.571762645" lon="6.683700653">
      <ele>853.1</ele>
    </trkpt>
    <trkpt lat="46.571759370" lon="6.683698632">
      <ele>853.1</ele>
    </trkpt>
    <trkpt lat="46.571756078" lon="6.683696668">
      <ele>853.1</ele>
    </trkpt>
    <trkpt lat="46.571752766" lon="6.683694755">
      <ele>853.1</ele>
    </trkpt>
    <trkpt lat="46.571749435" lon="6.683692882">
      <ele>853.0</ele>
    </trkpt>
    <trkpt lat="46.571746089" lon="6.683691035">
      <ele>852.9</ele>
    </trkpt>
    <trkpt lat="46.571742731" lon="6.683689203">
      <ele>852.9</ele>
    </trkpt>
    <trkpt lat="46.571739369" lon="6.683687375">
      <ele>852.8</ele>
    </trkpt>
    <trkpt lat="46.571736007" lon="6.683685548">
      <ele>852.8</ele>
    </trkpt>
    <trkpt lat="46.571732646" lon="6.683683718">
      <ele>852.7</ele>
    </trkpt>
    <trkpt lat="46.571729291" lon="6.683681881">
      <ele>852.7</ele>
    </trkpt>
    <trkpt lat="46.571725948" lon="6.683680035">
      <ele>852.7</ele>
    </trkpt>
    <trkpt lat="46.571722624" lon="6.683678174">
      <ele>852.6</ele>
    </trkpt>
    <trkpt lat="46.571719330" lon="6.683676284">
      <ele>852.6</ele>
    </trkpt>
    <trkpt lat="46.571716078" lon="6.683674361">
      <ele>852.6</ele>
    </trkpt>
    <trkpt lat="46.571712881" lon="6.683672402">
      <ele>852.6</ele>
    </trkpt>
    <trkpt lat="46.571709753" lon="6.683670413">
      <ele>852.5</ele>
    </trkpt>
    <trkpt lat="46.571706695" lon="6.683668405">
      <ele>852.5</ele>
    </trkpt>
    <trkpt lat="46.571703701" lon="6.683666399">
      <ele>852.5</ele>
    </trkpt>
    <trkpt lat="46.571700763" lon="6.683664423">
      <ele>852.5</ele>
    </trkpt>
    <trkpt lat="46.571697856" lon="6.683662505">
      <ele>852.5</ele>
    </trkpt>
    <trkpt lat="46.571694957" lon="6.683660670">
      <ele>852.5</ele>
    </trkpt>
    <trkpt lat="46.571692038" lon="6.683658943">
      <ele>852.4</ele>
    </trkpt>
    <trkpt lat="46.571689073" lon="6.683657341">
      <ele>852.4</ele>
    </trkpt>
    <trkpt lat="46.571686039" lon="6.683655876">
      <ele>852.4</ele>
    </trkpt>
    <trkpt lat="46.571682917" lon="6.683654555">
      <ele>852.3</ele>
    </trkpt>
    <trkpt lat="46.571679693" lon="6.683653378">
      <ele>852.3</ele>
    </trkpt>
    <trkpt lat="46.571676363" lon="6.683652335">
      <ele>852.3</ele>
    </trkpt>
    <trkpt lat="46.571672926" lon="6.683651408">
      <ele>852.3</ele>
    </trkpt>
    <trkpt lat="46.571669394" lon="6.683650569">
      <ele>852.3</ele>
    </trkpt>
    <trkpt lat="46.571665783" lon="6.683649780">
      <ele>852.4</ele>
    </trkpt>
    <trkpt lat="46.571662120" lon="6.683649001">
      <ele>852.4</ele>
    </trkpt>
    <trkpt lat="46.571658433" lon="6.683648185">
      <ele>852.5</ele>
    </trkpt>
    <trkpt lat="46.571654753" lon="6.683647294">
      <ele>852.5</ele>
    </trkpt>
    <trkpt lat="46.571651105" lon="6.683646296">
      <ele>852.5</ele>
    </trkpt>
    <trkpt lat="46.571647509" lon="6.683645169">
      <ele>852.6</ele>
    </trkpt>
    <trkpt lat="46.571643976" lon="6.683643906">
      <ele>852.6</ele>
    </trkpt>
    <trkpt lat="46.571640508" lon="6.683642510">
      <ele>852.6</ele>
    </trkpt>
    <trkpt lat="46.571637098" lon="6.683640996">
      <ele>852.5</ele>
    </trkpt>
    <trkpt lat="46.571633738" lon="6.683639379">
      <ele>852.5</ele>
    </trkpt>
    <trkpt lat="46.571630410" lon="6.683637681">
      <ele>852.5</ele>
    </trkpt>
    <trkpt lat="46.571627099" lon="6.683635927">
      <ele>852.5</ele>
    </trkpt>
    <trkpt lat="46.571623791" lon="6.683634135">
      <ele>852.5</ele>
    </trkpt>
    <trkpt lat="46.571620478" lon="6.683632325">
      <ele>852.5</ele>
    </trkpt>
    <trkpt lat="46.571617148" lon="6.683630504">
      <ele>852.5</ele>
    </trkpt>
    <trkpt lat="46.571613806" lon="6.683628687">
      <ele>852.5</ele>
    </trkpt>
    <trkpt lat="46.571610449" lon="6.683626875">
      <ele>852.5</ele>
    </trkpt>
    <trkpt lat="46.571607085" lon="6.683625071">
      <ele>852.5</ele>
    </trkpt>
    <trkpt lat="46.571603717" lon="6.683623273">
      <ele>852.6</ele>
    </trkpt>
    <trkpt lat="46.571600352" lon="6.683621478">
      <ele>852.6</ele>
    </trkpt>
    <trkpt lat="46.571596991" lon="6.683619683">
      <ele>852.6</ele>
    </trkpt>
    <trkpt lat="46.571593635" lon="6.683617884">
      <ele>852.7</ele>
    </trkpt>
    <trkpt lat="46.571590285" lon="6.683616076">
      <ele>852.7</ele>
    </trkpt>
    <trkpt lat="46.571586941" lon="6.683614255">
      <ele>852.7</ele>
    </trkpt>
    <trkpt lat="46.571583605" lon="6.683612416">
      <ele>852.7</ele>
    </trkpt>
    <trkpt lat="46.571580280" lon="6.683610552">
      <ele>852.7</ele>
    </trkpt>
    <trkpt lat="46.571576966" lon="6.683608658">
      <ele>852.7</ele>
    </trkpt>
    <trkpt lat="46.571573669" lon="6.683606730">
      <ele>852.7</ele>
    </trkpt>
    <trkpt lat="46.571570390" lon="6.683604759">
      <ele>852.8</ele>
    </trkpt>
    <trkpt lat="46.571567133" lon="6.683602738">
      <ele>852.8</ele>
    </trkpt>
    <trkpt lat="46.571563897" lon="6.683600660">
      <ele>852.8</ele>
    </trkpt>
    <trkpt lat="46.571560683" lon="6.683598519">
      <ele>852.8</ele>
    </trkpt>
    <trkpt lat="46.571557494" lon="6.683596312">
      <ele>852.9</ele>
    </trkpt>
    <trkpt lat="46.571554325" lon="6.683594039">
      <ele>852.9</ele>
    </trkpt>
    <trkpt lat="46.571551174" lon="6.683591708">
      <ele>852.9</ele>
    </trkpt>
    <trkpt lat="46.571548041" lon="6.683589329">
      <ele>852.9</ele>
    </trkpt>
    <trkpt lat="46.571544923" lon="6.683586913">
      <ele>853.0</ele>
    </trkpt>
    <trkpt lat="46.571541813" lon="6.683584471">
      <ele>853.0</ele>
    </trkpt>
    <trkpt lat="46.571538713" lon="6.683582017">
      <ele>853.0</ele>
    </trkpt>
    <trkpt lat="46.571535628" lon="6.683579551">
      <ele>853.0</ele>
    </trkpt>
    <trkpt lat="46.571532566" lon="6.683577070">
      <ele>853.0</ele>
    </trkpt>
    <trkpt lat="46.571529534" lon="6.683574565">
      <ele>853.0</ele>
    </trkpt>
    <trkpt lat="46.571526548" lon="6.683572027">
      <ele>853.0</ele>
    </trkpt>
    <trkpt lat="46.571523612" lon="6.683569444">
      <ele>853.0</ele>
    </trkpt>
    <trkpt lat="46.571520726" lon="6.683566813">
      <ele>853.0</ele>
    </trkpt>
    <trkpt lat="46.571517885" lon="6.683564137">
      <ele>853.0</ele>
    </trkpt>
    <trkpt lat="46.571515074" lon="6.683561426">
      <ele>853.0</ele>
    </trkpt>
    <trkpt lat="46.571512273" lon="6.683558695">
      <ele>853.0</ele>
    </trkpt>
    <trkpt lat="46.571509465" lon="6.683555957">
      <ele>853.0</ele>
    </trkpt>
    <trkpt lat="46.571506634" lon="6.683553218">
      <ele>853.0</ele>
    </trkpt>
    <trkpt lat="46.571503779" lon="6.683550473">
      <ele>853.0</ele>
    </trkpt>
    <trkpt lat="46.571500902" lon="6.683547704">
      <ele>853.0</ele>
    </trkpt>
    <trkpt lat="46.571498018" lon="6.683544889">
      <ele>853.0</ele>
    </trkpt>
    <trkpt lat="46.571495150" lon="6.683542001">
      <ele>853.0</ele>
    </trkpt>
    <trkpt lat="46.571492321" lon="6.683539010">
      <ele>853.0</ele>
    </trkpt>
    <trkpt lat="46.571489560" lon="6.683535896">
      <ele>853.0</ele>
    </trkpt>
    <trkpt lat="46.571486888" lon="6.683532641">
      <ele>853.0</ele>
    </trkpt>
    <trkpt lat="46.571484323" lon="6.683529235">
      <ele>852.9</ele>
    </trkpt>
    <trkpt lat="46.571481880" lon="6.683525676">
      <ele>852.9</ele>
    </trkpt>
    <trkpt lat="46.571479565" lon="6.683521965">
      <ele>852.9</ele>
    </trkpt>
    <trkpt lat="46.571477378" lon="6.683518105">
      <ele>852.9</ele>
    </trkpt>
    <trkpt lat="46.571475314" lon="6.683514105">
      <ele>852.9</ele>
    </trkpt>
    <trkpt lat="46.571473370" lon="6.683509964">
      <ele>852.9</ele>
    </trkpt>
    <trkpt lat="46.571471534" lon="6.683505693">
      <ele>852.9</ele>
    </trkpt>
    <trkpt lat="46.571469796" lon="6.683501304">
      <ele>852.9</ele>
    </trkpt>
    <trkpt lat="46.571468156" lon="6.683496803">
      <ele>852.9</ele>
    </trkpt>
    <trkpt lat="46.571466618" lon="6.683492189">
      <ele>852.9</ele>
    </trkpt>
    <trkpt lat="46.571465190" lon="6.683487464">
      <ele>853.0</ele>
    </trkpt>
    <trkpt lat="46.571463891" lon="6.683482630">
      <ele>853.0</ele>
    </trkpt>
    <trkpt lat="46.571462739" lon="6.683477691">
      <ele>853.1</ele>
    </trkpt>
    <trkpt lat="46.571461741" lon="6.683472651">
      <ele>853.1</ele>
    </trkpt>
    <trkpt lat="46.571460907" lon="6.683467527">
      <ele>853.2</ele>
    </trkpt>
    <trkpt lat="46.571460232" lon="6.683462337">
      <ele>853.3</ele>
    </trkpt>
    <trkpt lat="46.571459695" lon="6.683457115">
      <ele>853.3</ele>
    </trkpt>
    <trkpt lat="46.571459265" lon="6.683451895">
      <ele>853.3</ele>
    </trkpt>
    <trkpt lat="46.571458904" lon="6.683446708">
      <ele>853.3</ele>
    </trkpt>
    <trkpt lat="46.571458573" lon="6.683441580">
      <ele>853.2</ele>
    </trkpt>
    <trkpt lat="46.571458236" lon="6.683436519">
      <ele>853.1</ele>
    </trkpt>
    <trkpt lat="46.571457867" lon="6.683431527">
      <ele>853.0</ele>
    </trkpt>
    <trkpt lat="46.571457454" lon="6.683426594">
      <ele>852.9</ele>
    </trkpt>
    <trkpt lat="46.571456992" lon="6.683421699">
      <ele>852.8</ele>
    </trkpt>
    <trkpt lat="46.571456490" lon="6.683416820">
      <ele>852.7</ele>
    </trkpt>
    <trkpt lat="46.571455958" lon="6.683411939">
      <ele>852.6</ele>
    </trkpt>
    <trkpt lat="46.571455408" lon="6.683407047">
      <ele>852.4</ele>
    </trkpt>
    <trkpt lat="46.571454852" lon="6.683402132">
      <ele>852.3</ele>
    </trkpt>
    <trkpt lat="46.571454298" lon="6.683397208">
      <ele>852.2</ele>
    </trkpt>
    <trkpt lat="46.571453751" lon="6.683392273">
      <ele>852.1</ele>
    </trkpt>
    <trkpt lat="46.571453214" lon="6.683387343">
      <ele>851.9</ele>
    </trkpt>
    <trkpt lat="46.571452688" lon="6.683382408">
      <ele>851.8</ele>
    </trkpt>
    <trkpt lat="46.571452171" lon="6.683377465">
      <ele>851.7</ele>
    </trkpt>
    <trkpt lat="46.571451661" lon="6.683372509">
      <ele>851.6</ele>
    </trkpt>
    <trkpt lat="46.571451153" lon="6.683367532">
      <ele>851.4</ele>
    </trkpt>
    <trkpt lat="46.571450643" lon="6.683362525">
      <ele>851.3</ele>
    </trkpt>
    <trkpt lat="46.571450133" lon="6.683357496">
      <ele>851.2</ele>
    </trkpt>
    <trkpt lat="46.571449625" lon="6.683352455">
      <ele>851.0</ele>
    </trkpt>
    <trkpt lat="46.571449127" lon="6.683347428">
      <ele>850.9</ele>
    </trkpt>
    <trkpt lat="46.571448646" lon="6.683342433">
      <ele>850.9</ele>
    </trkpt>
    <trkpt lat="46.571448186" lon="6.683337494">
      <ele>850.8</ele>
    </trkpt>
    <trkpt lat="46.571447753" lon="6.683332621">
      <ele>850.8</ele>
    </trkpt>
    <trkpt lat="46.571447345" lon="6.683327814">
      <ele>850.9</ele>
    </trkpt>
    <trkpt lat="46.571446961" lon="6.683323074">
      <ele>850.9</ele>
    </trkpt>
    <trkpt lat="46.571446601" lon="6.683318387">
      <ele>851.0</ele>
    </trkpt>
    <trkpt lat="46.571446267" lon="6.683313748">
      <ele>851.1</ele>
    </trkpt>
    <trkpt lat="46.571445969" lon="6.683309143">
      <ele>851.1</ele>
    </trkpt>
    <trkpt lat="46.571445720" lon="6.683304563">
      <ele>851.2</ele>
    </trkpt>
    <trkpt lat="46.571445536" lon="6.683300004">
      <ele>851.2</ele>
    </trkpt>
    <trkpt lat="46.571445428" lon="6.683295463">
      <ele>851.2</ele>
    </trkpt>
    <trkpt lat="46.571445402" lon="6.683290939">
      <ele>851.2</ele>
    </trkpt>
    <trkpt lat="46.571445456" lon="6.683286431">
      <ele>851.2</ele>
    </trkpt>
    <trkpt lat="46.571445582" lon="6.683281948">
      <ele>851.2</ele>
    </trkpt>
    <trkpt lat="46.571445763" lon="6.683277484">
      <ele>851.1</ele>
    </trkpt>
    <trkpt lat="46.571445985" lon="6.683273042">
      <ele>851.1</ele>
    </trkpt>
    <trkpt lat="46.571446233" lon="6.683268608">
      <ele>851.1</ele>
    </trkpt>
    <trkpt lat="46.571446493" lon="6.683264165">
      <ele>851.1</ele>
    </trkpt>
    <trkpt lat="46.571446756" lon="6.683259687">
      <ele>851.1</ele>
    </trkpt>
    <trkpt lat="46.571447014" lon="6.683255139">
      <ele>851.0</ele>
    </trkpt>
    <trkpt lat="46.571447258" lon="6.683250501">
      <ele>851.0</ele>
    </trkpt>
    <trkpt lat="46.571447481" lon="6.683245757">
      <ele>851.0</ele>
    </trkpt>
    <trkpt lat="46.571447673" lon="6.683240908">
      <ele>851.0</ele>
    </trkpt>
    <trkpt lat="46.571447825" lon="6.683235967">
      <ele>851.0</ele>
    </trkpt>
    <trkpt lat="46.571447930" lon="6.683230959">
      <ele>850.9</ele>
    </trkpt>
    <trkpt lat="46.571447984" lon="6.683225914">
      <ele>850.9</ele>
    </trkpt>
    <trkpt lat="46.571447994" lon="6.683220854">
      <ele>850.8</ele>
    </trkpt>
    <trkpt lat="46.571447969" lon="6.683215797">
      <ele>850.6</ele>
    </trkpt>
    <trkpt lat="46.571447929" lon="6.683210749">
      <ele>850.5</ele>
    </trkpt>
    <trkpt lat="46.571447894" lon="6.683205700">
      <ele>850.3</ele>
    </trkpt>
    <trkpt lat="46.571447884" lon="6.683200642">
      <ele>850.2</ele>
    </trkpt>
    <trkpt lat="46.571447914" lon="6.683195555">
      <ele>850.0</ele>
    </trkpt>
    <trkpt lat="46.571447991" lon="6.683190429">
      <ele>849.9</ele>
    </trkpt>
    <trkpt lat="46.571448103" lon="6.683185257">
      <ele>849.7</ele>
    </trkpt>
    <trkpt lat="46.571448240" lon="6.683180046">
      <ele>849.7</ele>
    </trkpt>
    <trkpt lat="46.571448380" lon="6.683174805">
      <ele>849.6</ele>
    </trkpt>
    <trkpt lat="46.571448492" lon="6.683169551">
      <ele>849.5</ele>
    </trkpt>
    <trkpt lat="46.571448544" lon="6.683164302">
      <ele>849.5</ele>
    </trkpt>
    <trkpt lat="46.571448498" lon="6.683159071">
      <ele>849.6</ele>
    </trkpt>
    <trkpt lat="46.571448315" lon="6.683153866">
      <ele>849.6</ele>
    </trkpt>
    <trkpt lat="46.571447961" lon="6.683148685">
      <ele>849.8</ele>
    </trkpt>
    <trkpt lat="46.571447414" lon="6.683143523">
      <ele>850.0</ele>
    </trkpt>
    <trkpt lat="46.571446668" lon="6.683138372">
      <ele>850.3</ele>
    </trkpt>
    <trkpt lat="46.571445738" lon="6.683133222">
      <ele>850.6</ele>
    </trkpt>
    <trkpt lat="46.571444665" lon="6.683128075">
      <ele>851.0</ele>
    </trkpt>
    <trkpt lat="46.571443509" lon="6.683122924">
      <ele>851.4</ele>
    </trkpt>
    <trkpt lat="46.571442338" lon="6.683117774">
      <ele>851.8</ele>
    </trkpt>
    <trkpt lat="46.571441220" lon="6.683112624">
      <ele>852.1</ele>
    </trkpt>
    <trkpt lat="46.571440207" lon="6.683107484">
      <ele>852.4</ele>
    </trkpt>
    <trkpt lat="46.571439331" lon="6.683102347">
      <ele>852.7</ele>
    </trkpt>
    <trkpt lat="46.571438600" lon="6.683097212">
      <ele>852.9</ele>
    </trkpt>
    <trkpt lat="46.571438002" lon="6.683092076">
      <ele>853.0</ele>
    </trkpt>
    <trkpt lat="46.571437513" lon="6.683086938">
      <ele>853.1</ele>
    </trkpt>
    <trkpt lat="46.571437101" lon="6.683081796">
      <ele>853.1</ele>
    </trkpt>
    <trkpt lat="46.571436733" lon="6.683076653">
      <ele>853.2</ele>
    </trkpt>
    <trkpt lat="46.571436386" lon="6.683071508">
      <ele>853.1</ele>
    </trkpt>
    <trkpt lat="46.571436038" lon="6.683066364">
      <ele>853.1</ele>
    </trkpt>
    <trkpt lat="46.571435679" lon="6.683061226">
      <ele>853.1</ele>
    </trkpt>
    <trkpt lat="46.571435303" lon="6.683056096">
      <ele>853.1</ele>
    </trkpt>
    <trkpt lat="46.571434901" lon="6.683050973">
      <ele>853.0</ele>
    </trkpt>
    <trkpt lat="46.571434471" lon="6.683045868">
      <ele>853.0</ele>
    </trkpt>
    <trkpt lat="46.571434012" lon="6.683040780">
      <ele>852.9</ele>
    </trkpt>
    <trkpt lat="46.571433518" lon="6.683035714">
      <ele>852.9</ele>
    </trkpt>
    <trkpt lat="46.571432987" lon="6.683030671">
      <ele>852.8</ele>
    </trkpt>
    <trkpt lat="46.571432413" lon="6.683025653">
      <ele>852.8</ele>
    </trkpt>
    <trkpt lat="46.571431796" lon="6.683020658">
      <ele>852.7</ele>
    </trkpt>
    <trkpt lat="46.571431138" lon="6.683015685">
      <ele>852.7</ele>
    </trkpt>
    <trkpt lat="46.571430445" lon="6.683010731">
      <ele>852.6</ele>
    </trkpt>
    <trkpt lat="46.571429725" lon="6.683005795">
      <ele>852.5</ele>
    </trkpt>
    <trkpt lat="46.571428984" lon="6.683000872">
      <ele>852.5</ele>
    </trkpt>
    <trkpt lat="46.571428227" lon="6.682995969">
      <ele>852.4</ele>
    </trkpt>
    <trkpt lat="46.571427458" lon="6.682991081">
      <ele>852.4</ele>
    </trkpt>
    <trkpt lat="46.571426668" lon="6.682986214">
      <ele>852.4</ele>
    </trkpt>
    <trkpt lat="46.571425849" lon="6.682981364">
      <ele>852.3</ele>
    </trkpt>
    <trkpt lat="46.571424990" lon="6.682976536">
      <ele>852.3</ele>
    </trkpt>
    <trkpt lat="46.571424080" lon="6.682971732">
      <ele>852.2</ele>
    </trkpt>
    <trkpt lat="46.571423111" lon="6.682966955">
      <ele>852.2</ele>
    </trkpt>
    <trkpt lat="46.571422076" lon="6.682962208">
      <ele>852.2</ele>
    </trkpt>
    <trkpt lat="46.571420976" lon="6.682957495">
      <ele>852.2</ele>
    </trkpt>
    <trkpt lat="46.571419810" lon="6.682952820">
      <ele>852.1</ele>
    </trkpt>
    <trkpt lat="46.571418581" lon="6.682948178">
      <ele>852.1</ele>
    </trkpt>
    <trkpt lat="46.571417290" lon="6.682943569">
      <ele>852.1</ele>
    </trkpt>
    <trkpt lat="46.571415941" lon="6.682938984">
      <ele>852.0</ele>
    </trkpt>
    <trkpt lat="46.571414539" lon="6.682934420">
      <ele>852.0</ele>
    </trkpt>
    <trkpt lat="46.571413086" lon="6.682929867">
      <ele>852.0</ele>
    </trkpt>
    <trkpt lat="46.571411587" lon="6.682925321">
      <ele>851.9</ele>
    </trkpt>
    <trkpt lat="46.571410048" lon="6.682920781">
      <ele>851.9</ele>
    </trkpt>
    <trkpt lat="46.571408473" lon="6.682916244">
      <ele>851.9</ele>
    </trkpt>
    <trkpt lat="46.571406866" lon="6.682911705">
      <ele>851.9</ele>
    </trkpt>
    <trkpt lat="46.571405230" lon="6.682907171">
      <ele>851.8</ele>
    </trkpt>
    <trkpt lat="46.571403559" lon="6.682902644">
      <ele>851.8</ele>
    </trkpt>
    <trkpt lat="46.571401853" lon="6.682898124">
      <ele>851.7</ele>
    </trkpt>
    <trkpt lat="46.571400113" lon="6.682893614">
      <ele>851.6</ele>
    </trkpt>
    <trkpt lat="46.571398337" lon="6.682889105">
      <ele>851.5</ele>
    </trkpt>
    <trkpt lat="46.571396528" lon="6.682884590">
      <ele>851.3</ele>
    </trkpt>
    <trkpt lat="46.571394686" lon="6.682880058">
      <ele>851.1</ele>
    </trkpt>
    <trkpt lat="46.571392814" lon="6.682875509">
      <ele>850.8</ele>
    </trkpt>
    <trkpt lat="46.571390913" lon="6.682870949">
      <ele>850.5</ele>
    </trkpt>
    <trkpt lat="46.571388968" lon="6.682866398">
      <ele>850.2</ele>
    </trkpt>
    <trkpt lat="46.571386965" lon="6.682861893">
      <ele>849.9</ele>
    </trkpt>
    <trkpt lat="46.571384882" lon="6.682857484">
      <ele>849.6</ele>
    </trkpt>
    <trkpt lat="46.571382692" lon="6.682853219">
      <ele>849.3</ele>
    </trkpt>
    <trkpt lat="46.571380376" lon="6.682849143">
      <ele>849.0</ele>
    </trkpt>
    <trkpt lat="46.571377923" lon="6.682845287">
      <ele>848.8</ele>
    </trkpt>
    <trkpt lat="46.571375336" lon="6.682841666">
      <ele>848.7</ele>
    </trkpt>
    <trkpt lat="46.571372625" lon="6.682838273">
      <ele>848.6</ele>
    </trkpt>
    <trkpt lat="46.571369814" lon="6.682835086">
      <ele>848.5</ele>
    </trkpt>
    <trkpt lat="46.571366932" lon="6.682832072">
      <ele>848.5</ele>
    </trkpt>
    <trkpt lat="46.571363999" lon="6.682829192">
      <ele>848.5</ele>
    </trkpt>
    <trkpt lat="46.571361032" lon="6.682826407">
      <ele>848.5</ele>
    </trkpt>
    <trkpt lat="46.571358032" lon="6.682823681">
      <ele>848.6</ele>
    </trkpt>
    <trkpt lat="46.571354997" lon="6.682820991">
      <ele>848.6</ele>
    </trkpt>
    <trkpt lat="46.571351917" lon="6.682818326">
      <ele>848.7</ele>
    </trkpt>
    <trkpt lat="46.571348787" lon="6.682815699">
      <ele>848.8</ele>
    </trkpt>
    <trkpt lat="46.571345604" lon="6.682813116">
      <ele>848.9</ele>
    </trkpt>
    <trkpt lat="46.571342376" lon="6.682810606">
      <ele>848.9</ele>
    </trkpt>
    <trkpt lat="46.571339111" lon="6.682808194">
      <ele>849.0</ele>
    </trkpt>
    <trkpt lat="46.571335824" lon="6.682805896">
      <ele>849.1</ele>
    </trkpt>
    <trkpt lat="46.571332529" lon="6.682803722">
      <ele>849.1</ele>
    </trkpt>
    <trkpt lat="46.571329234" lon="6.682801663">
      <ele>849.2</ele>
    </trkpt>
    <trkpt lat="46.571325945" lon="6.682799704">
      <ele>849.2</ele>
    </trkpt>
    <trkpt lat="46.571322658" lon="6.682797819">
      <ele>849.3</ele>
    </trkpt>
    <trkpt lat="46.571319372" lon="6.682795981">
      <ele>849.3</ele>
    </trkpt>
    <trkpt lat="46.571316086" lon="6.682794166">
      <ele>849.3</ele>
    </trkpt>
    <trkpt lat="46.571312793" lon="6.682792352">
      <ele>849.3</ele>
    </trkpt>
    <trkpt lat="46.571309495" lon="6.682790529">
      <ele>849.3</ele>
    </trkpt>
    <trkpt lat="46.571306192" lon="6.682788691">
      <ele>849.3</ele>
    </trkpt>
    <trkpt lat="46.571302890" lon="6.682786838">
      <ele>849.3</ele>
    </trkpt>
    <trkpt lat="46.571299590" lon="6.682784973">
      <ele>849.3</ele>
    </trkpt>
    <trkpt lat="46.571296299" lon="6.682783102">
      <ele>849.3</ele>
    </trkpt>
    <trkpt lat="46.571293024" lon="6.682781236">
      <ele>849.3</ele>
    </trkpt>
    <trkpt lat="46.571289764" lon="6.682779377">
      <ele>849.3</ele>
    </trkpt>
    <trkpt lat="46.571286519" lon="6.682777534">
      <ele>849.2</ele>
    </trkpt>
    <trkpt lat="46.571283288" lon="6.682775710">
      <ele>849.2</ele>
    </trkpt>
    <trkpt lat="46.571280060" lon="6.682773908">
      <ele>849.2</ele>
    </trkpt>
    <trkpt lat="46.571276830" lon="6.682772131">
      <ele>849.2</ele>
    </trkpt>
    <trkpt lat="46.571273587" lon="6.682770380">
      <ele>849.2</ele>
    </trkpt>
    <trkpt lat="46.571270322" lon="6.682768657">
      <ele>849.2</ele>
    </trkpt>
    <trkpt lat="46.571267036" lon="6.682766962">
      <ele>849.2</ele>
    </trkpt>
    <trkpt lat="46.571263730" lon="6.682765300">
      <ele>849.2</ele>
    </trkpt>
    <trkpt lat="46.571260413" lon="6.682763674">
      <ele>849.3</ele>
    </trkpt>
    <trkpt lat="46.571257089" lon="6.682762091">
      <ele>849.3</ele>
    </trkpt>
    <trkpt lat="46.571253768" lon="6.682760560">
      <ele>849.3</ele>
    </trkpt>
    <trkpt lat="46.571250452" lon="6.682759093">
      <ele>849.3</ele>
    </trkpt>
    <trkpt lat="46.571247139" lon="6.682757697">
      <ele>849.3</ele>
    </trkpt>
    <trkpt lat="46.571243821" lon="6.682756377">
      <ele>849.3</ele>
    </trkpt>
    <trkpt lat="46.571240489" lon="6.682755132">
      <ele>849.3</ele>
    </trkpt>
    <trkpt lat="46.571237133" lon="6.682753959">
      <ele>849.3</ele>
    </trkpt>
    <trkpt lat="46.571233747" lon="6.682752847">
      <ele>849.3</ele>
    </trkpt>
    <trkpt lat="46.571230333" lon="6.682751783">
      <ele>849.3</ele>
    </trkpt>
    <trkpt lat="46.571226896" lon="6.682750753">
      <ele>849.4</ele>
    </trkpt>
    <trkpt lat="46.571223447" lon="6.682749742">
      <ele>849.4</ele>
    </trkpt>
    <trkpt lat="46.571219996" lon="6.682748734">
      <ele>849.4</ele>
    </trkpt>
    <trkpt lat="46.571216550" lon="6.682747716">
      <ele>849.5</ele>
    </trkpt>
    <trkpt lat="46.571213114" lon="6.682746674">
      <ele>849.5</ele>
    </trkpt>
    <trkpt lat="46.571209685" lon="6.682745601">
      <ele>849.6</ele>
    </trkpt>
    <trkpt lat="46.571206256" lon="6.682744492">
      <ele>849.6</ele>
    </trkpt>
    <trkpt lat="46.571202820" lon="6.682743348">
      <ele>849.7</ele>
    </trkpt>
    <trkpt lat="46.571199371" lon="6.682742178">
      <ele>849.8</ele>
    </trkpt>
    <trkpt lat="46.571195906" lon="6.682740995">
      <ele>849.9</ele>
    </trkpt>
    <trkpt lat="46.571192423" lon="6.682739815">
      <ele>850.0</ele>
    </trkpt>
    <trkpt lat="46.571188926" lon="6.682738655">
      <ele>850.1</ele>
    </trkpt>
    <trkpt lat="46.571185424" lon="6.682737529">
      <ele>850.2</ele>
    </trkpt>
    <trkpt lat="46.571181917" lon="6.682736447">
      <ele>850.3</ele>
    </trkpt>
    <trkpt lat="46.571178408" lon="6.682735412">
      <ele>850.4</ele>
    </trkpt>
    <trkpt lat="46.571174901" lon="6.682734425">
      <ele>850.4</ele>
    </trkpt>
    <trkpt lat="46.571171398" lon="6.682733483">
      <ele>850.5</ele>
    </trkpt>
    <trkpt lat="46.571167899" lon="6.682732582">
      <ele>850.6</ele>
    </trkpt>
    <trkpt lat="46.571164405" lon="6.682731712">
      <ele>850.7</ele>
    </trkpt>
    <trkpt lat="46.571160916" lon="6.682730865">
      <ele>850.8</ele>
    </trkpt>
    <trkpt lat="46.571157433" lon="6.682730037">
      <ele>850.9</ele>
    </trkpt>
    <trkpt lat="46.571153953" lon="6.682729219">
      <ele>851.0</ele>
    </trkpt>
    <trkpt lat="46.571150475" lon="6.682728406">
      <ele>851.1</ele>
    </trkpt>
    <trkpt lat="46.571146996" lon="6.682727596">
      <ele>851.2</ele>
    </trkpt>
    <trkpt lat="46.571143512" lon="6.682726785">
      <ele>851.3</ele>
    </trkpt>
    <trkpt lat="46.571140020" lon="6.682725977">
      <ele>851.4</ele>
    </trkpt>
    <trkpt lat="46.571136520" lon="6.682725172">
      <ele>851.4</ele>
    </trkpt>
    <trkpt lat="46.571133013" lon="6.682724372">
      <ele>851.5</ele>
    </trkpt>
    <trkpt lat="46.571129507" lon="6.682723583">
      <ele>851.6</ele>
    </trkpt>
    <trkpt lat="46.571126009" lon="6.682722806">
      <ele>851.7</ele>
    </trkpt>
    <trkpt lat="46.571122525" lon="6.682722047">
      <ele>851.7</ele>
    </trkpt>
    <trkpt lat="46.571119063" lon="6.682721309">
      <ele>851.7</ele>
    </trkpt>
    <trkpt lat="46.571115630" lon="6.682720597">
      <ele>851.8</ele>
    </trkpt>
    <trkpt lat="46.571112229" lon="6.682719915">
      <ele>851.8</ele>
    </trkpt>
    <trkpt lat="46.571108855" lon="6.682719265">
      <ele>851.8</ele>
    </trkpt>
    <trkpt lat="46.571105505" lon="6.682718648">
      <ele>851.8</ele>
    </trkpt>
    <trkpt lat="46.571102171" lon="6.682718060">
      <ele>851.8</ele>
    </trkpt>
    <trkpt lat="46.571098845" lon="6.682717499">
      <ele>851.8</ele>
    </trkpt>
    <trkpt lat="46.571095516" lon="6.682716956">
      <ele>851.8</ele>
    </trkpt>
    <trkpt lat="46.571092177" lon="6.682716421">
      <ele>851.8</ele>
    </trkpt>
    <trkpt lat="46.571088821" lon="6.682715879">
      <ele>851.9</ele>
    </trkpt>
    <trkpt lat="46.571085444" lon="6.682715315">
      <ele>851.9</ele>
    </trkpt>
    <trkpt lat="46.571082036" lon="6.682714711">
      <ele>851.9</ele>
    </trkpt>
    <trkpt lat="46.571078605" lon="6.682714051">
      <ele>852.0</ele>
    </trkpt>
    <trkpt lat="46.571075152" lon="6.682713317">
      <ele>852.0</ele>
    </trkpt>
    <trkpt lat="46.571071686" lon="6.682712503">
      <ele>852.0</ele>
    </trkpt>
    <trkpt lat="46.571068224" lon="6.682711611">
      <ele>852.1</ele>
    </trkpt>
    <trkpt lat="46.571064778" lon="6.682710660">
      <ele>852.1</ele>
    </trkpt>
    <trkpt lat="46.571061349" lon="6.682709673">
      <ele>852.1</ele>
    </trkpt>
    <trkpt lat="46.571057948" lon="6.682708686">
      <ele>852.1</ele>
    </trkpt>
    <trkpt lat="46.571054572" lon="6.682707733">
      <ele>852.1</ele>
    </trkpt>
    <trkpt lat="46.571051213" lon="6.682706845">
      <ele>852.1</ele>
    </trkpt>
    <trkpt lat="46.571047850" lon="6.682706041">
      <ele>852.1</ele>
    </trkpt>
    <trkpt lat="46.571044470" lon="6.682705324">
      <ele>852.1</ele>
    </trkpt>
    <trkpt lat="46.571041061" lon="6.682704685">
      <ele>852.1</ele>
    </trkpt>
    <trkpt lat="46.571037618" lon="6.682704107">
      <ele>852.1</ele>
    </trkpt>
    <trkpt lat="46.571034136" lon="6.682703574">
      <ele>852.1</ele>
    </trkpt>
    <trkpt lat="46.571030615" lon="6.682703069">
      <ele>852.2</ele>
    </trkpt>
    <trkpt lat="46.571027060" lon="6.682702582">
      <ele>852.2</ele>
    </trkpt>
    <trkpt lat="46.571023471" lon="6.682702107">
      <ele>852.3</ele>
    </trkpt>
    <trkpt lat="46.571019847" lon="6.682701641">
      <ele>852.3</ele>
    </trkpt>
    <trkpt lat="46.571016187" lon="6.682701178">
      <ele>852.4</ele>
    </trkpt>
    <trkpt lat="46.571012495" lon="6.682700709">
      <ele>852.5</ele>
    </trkpt>
    <trkpt lat="46.571008774" lon="6.682700220">
      <ele>852.6</ele>
    </trkpt>
    <trkpt lat="46.571005035" lon="6.682699690">
      <ele>852.7</ele>
    </trkpt>
    <trkpt lat="46.571001295" lon="6.682699100">
      <ele>852.8</ele>
    </trkpt>
    <trkpt lat="46.570997573" lon="6.682698436">
      <ele>852.9</ele>
    </trkpt>
    <trkpt lat="46.570993896" lon="6.682697687">
      <ele>853.1</ele>
    </trkpt>
    <trkpt lat="46.570990273" lon="6.682696855">
      <ele>853.2</ele>
    </trkpt>
    <trkpt lat="46.570986715" lon="6.682695948">
      <ele>853.3</ele>
    </trkpt>
    <trkpt lat="46.570983223" lon="6.682694981">
      <ele>853.4</ele>
    </trkpt>
    <trkpt lat="46.570979790" lon="6.682693970">
      <ele>853.5</ele>
    </trkpt>
    <trkpt lat="46.570976409" lon="6.682692936">
      <ele>853.6</ele>
    </trkpt>
    <trkpt lat="46.570973075" lon="6.682691894">
      <ele>853.7</ele>
    </trkpt>
    <trkpt lat="46.570969769" lon="6.682690854">
      <ele>853.7</ele>
    </trkpt>
    <trkpt lat="46.570966484" lon="6.682689822">
      <ele>853.7</ele>
    </trkpt>
    <trkpt lat="46.570963210" lon="6.682688794">
      <ele>853.8</ele>
    </trkpt>
    <trkpt lat="46.570959941" lon="6.682687763">
      <ele>853.8</ele>
    </trkpt>
    <trkpt lat="46.570956661" lon="6.682686719">
      <ele>853.8</ele>
    </trkpt>
    <trkpt lat="46.570953358" lon="6.682685650">
      <ele>853.7</ele>
    </trkpt>
    <trkpt lat="46.570950024" lon="6.682684546">
      <ele>853.7</ele>
    </trkpt>
    <trkpt lat="46.570946651" lon="6.682683398">
      <ele>853.7</ele>
    </trkpt>
    <trkpt lat="46.570943242" lon="6.682682203">
      <ele>853.7</ele>
    </trkpt>
    <trkpt lat="46.570939805" lon="6.682680965">
      <ele>853.7</ele>
    </trkpt>
    <trkpt lat="46.570936351" lon="6.682679690">
      <ele>853.6</ele>
    </trkpt>
    <trkpt lat="46.570932894" lon="6.682678383">
      <ele>853.6</ele>
    </trkpt>
    <trkpt lat="46.570929448" lon="6.682677056">
      <ele>853.6</ele>
    </trkpt>
    <trkpt lat="46.570926022" lon="6.682675715">
      <ele>853.6</ele>
    </trkpt>
    <trkpt lat="46.570922619" lon="6.682674366">
      <ele>853.6</ele>
    </trkpt>
    <trkpt lat="46.570919241" lon="6.682673016">
      <ele>853.5</ele>
    </trkpt>
    <trkpt lat="46.570915884" lon="6.682671671">
      <ele>853.5</ele>
    </trkpt>
    <trkpt lat="46.570912543" lon="6.682670334">
      <ele>853.5</ele>
    </trkpt>
    <trkpt lat="46.570909215" lon="6.682669013">
      <ele>853.5</ele>
    </trkpt>
    <trkpt lat="46.570905900" lon="6.682667711">
      <ele>853.5</ele>
    </trkpt>
    <trkpt lat="46.570902596" lon="6.682666430">
      <ele>853.5</ele>
    </trkpt>
    <trkpt lat="46.570899303" lon="6.682665171">
      <ele>853.5</ele>
    </trkpt>
    <trkpt lat="46.570896019" lon="6.682663938">
      <ele>853.5</ele>
    </trkpt>
    <trkpt lat="46.570892739" lon="6.682662728">
      <ele>853.6</ele>
    </trkpt>
    <trkpt lat="46.570889459" lon="6.682661541">
      <ele>853.6</ele>
    </trkpt>
    <trkpt lat="46.570886176" lon="6.682660379">
      <ele>853.7</ele>
    </trkpt>
    <trkpt lat="46.570882881" lon="6.682659240">
      <ele>853.7</ele>
    </trkpt>
    <trkpt lat="46.570879571" lon="6.682658121">
      <ele>853.8</ele>
    </trkpt>
    <trkpt lat="46.570876243" lon="6.682657014">
      <ele>853.9</ele>
    </trkpt>
    <trkpt lat="46.570872896" lon="6.682655904">
      <ele>854.0</ele>
    </trkpt>
    <trkpt lat="46.570869527" lon="6.682654773">
      <ele>854.0</ele>
    </trkpt>
    <trkpt lat="46.570866141" lon="6.682653603">
      <ele>854.1</ele>
    </trkpt>
    <trkpt lat="46.570862744" lon="6.682652376">
      <ele>854.2</ele>
    </trkpt>
    <trkpt lat="46.570859340" lon="6.682651073">
      <ele>854.3</ele>
    </trkpt>
    <trkpt lat="46.570855939" lon="6.682649690">
      <ele>854.4</ele>
    </trkpt>
    <trkpt lat="46.570852547" lon="6.682648226">
      <ele>854.4</ele>
    </trkpt>
    <trkpt lat="46.570849176" lon="6.682646688">
      <ele>854.5</ele>
    </trkpt>
    <trkpt lat="46.570845830" lon="6.682645085">
      <ele>854.6</ele>
    </trkpt>
    <trkpt lat="46.570842511" lon="6.682643430">
      <ele>854.7</ele>
    </trkpt>
    <trkpt lat="46.570839221" lon="6.682641733">
      <ele>854.8</ele>
    </trkpt>
    <trkpt lat="46.570835953" lon="6.682639999">
      <ele>854.8</ele>
    </trkpt>
    <trkpt lat="46.570832705" lon="6.682638234">
      <ele>854.9</ele>
    </trkpt>
    <trkpt lat="46.570829472" lon="6.682636437">
      <ele>855.0</ele>
    </trkpt>
    <trkpt lat="46.570826246" lon="6.682634608">
      <ele>855.0</ele>
    </trkpt>
    <trkpt lat="46.570823020" lon="6.682632743">
      <ele>855.0</ele>
    </trkpt>
    <trkpt lat="46.570819793" lon="6.682630841">
      <ele>855.1</ele>
    </trkpt>
    <trkpt lat="46.570816565" lon="6.682628901">
      <ele>855.1</ele>
    </trkpt>
    <trkpt lat="46.570813334" lon="6.682626922">
      <ele>855.1</ele>
    </trkpt>
    <trkpt lat="46.570810108" lon="6.682624907">
      <ele>855.1</ele>
    </trkpt>
    <trkpt lat="46.570806887" lon="6.682622854">
      <ele>855.1</ele>
    </trkpt>
    <trkpt lat="46.570803676" lon="6.682620767">
      <ele>855.2</ele>
    </trkpt>
    <trkpt lat="46.570800472" lon="6.682618651">
      <ele>855.2</ele>
    </trkpt>
    <trkpt lat="46.570797274" lon="6.682616514">
      <ele>855.3</ele>
    </trkpt>
    <trkpt lat="46.570794079" lon="6.682614366">
      <ele>855.3</ele>
    </trkpt>
    <trkpt lat="46.570790875" lon="6.682612218">
      <ele>855.4</ele>
    </trkpt>
    <trkpt lat="46.570787657" lon="6.682610096">
      <ele>855.5</ele>
    </trkpt>
    <trkpt lat="46.570784419" lon="6.682608027">
      <ele>855.5</ele>
    </trkpt>
    <trkpt lat="46.570781147" lon="6.682606040">
      <ele>855.5</ele>
    </trkpt>
    <trkpt lat="46.570777843" lon="6.682604151">
      <ele>855.5</ele>
    </trkpt>
    <trkpt lat="46.570774512" lon="6.682602358">
      <ele>855.4</ele>
    </trkpt>
    <trkpt lat="46.570771162" lon="6.682600646">
      <ele>855.3</ele>
    </trkpt>
    <trkpt lat="46.570767804" lon="6.682598980">
      <ele>855.1</ele>
    </trkpt>
    <trkpt lat="46.570764458" lon="6.682597319">
      <ele>855.0</ele>
    </trkpt>
    <trkpt lat="46.570761142" lon="6.682595608">
      <ele>854.8</ele>
    </trkpt>
    <trkpt lat="46.570757866" lon="6.682593812">
      <ele>854.6</ele>
    </trkpt>
    <trkpt lat="46.570754633" lon="6.682591913">
      <ele>854.4</ele>
    </trkpt>
    <trkpt lat="46.570751444" lon="6.682589898">
      <ele>854.2</ele>
    </trkpt>
    <trkpt lat="46.570748296" lon="6.682587758">
      <ele>854.0</ele>
    </trkpt>
    <trkpt lat="46.570745186" lon="6.682585482">
      <ele>853.9</ele>
    </trkpt>
    <trkpt lat="46.570742114" lon="6.682583048">
      <ele>853.8</ele>
    </trkpt>
    <trkpt lat="46.570739084" lon="6.682580426">
      <ele>853.7</ele>
    </trkpt>
    <trkpt lat="46.570736101" lon="6.682577596">
      <ele>853.6</ele>
    </trkpt>
    <trkpt lat="46.570733173" lon="6.682574554">
      <ele>853.7</ele>
    </trkpt>
    <trkpt lat="46.570730293" lon="6.682571322">
      <ele>853.7</ele>
    </trkpt>
    <trkpt lat="46.570727459" lon="6.682567962">
      <ele>853.9</ele>
    </trkpt>
    <trkpt lat="46.570724655" lon="6.682564551">
      <ele>854.0</ele>
    </trkpt>
    <trkpt lat="46.570721872" lon="6.682561175">
      <ele>854.2</ele>
    </trkpt>
    <trkpt lat="46.570719094" lon="6.682557914">
      <ele>854.3</ele>
    </trkpt>
    <trkpt lat="46.570716317" lon="6.682554820">
      <ele>854.4</ele>
    </trkpt>
    <trkpt lat="46.570713545" lon="6.682551916">
      <ele>854.4</ele>
    </trkpt>
    <trkpt lat="46.570710779" lon="6.682549185">
      <ele>854.4</ele>
    </trkpt>
    <trkpt lat="46.570708023" lon="6.682546591">
      <ele>854.4</ele>
    </trkpt>
    <trkpt lat="46.570705279" lon="6.682544089">
      <ele>854.3</ele>
    </trkpt>
    <trkpt lat="46.570702541" lon="6.682541638">
      <ele>854.2</ele>
    </trkpt>
    <trkpt lat="46.570699799" lon="6.682539206">
      <ele>854.0</ele>
    </trkpt>
    <trkpt lat="46.570697047" lon="6.682536768">
      <ele>853.9</ele>
    </trkpt>
    <trkpt lat="46.570694277" lon="6.682534314">
      <ele>853.7</ele>
    </trkpt>
    <trkpt lat="46.570691488" lon="6.682531845">
      <ele>853.6</ele>
    </trkpt>
    <trkpt lat="46.570688671" lon="6.682529379">
      <ele>853.5</ele>
    </trkpt>
    <trkpt lat="46.570685834" lon="6.682526913">
      <ele>853.4</ele>
    </trkpt>
    <trkpt lat="46.570682978" lon="6.682524444">
      <ele>853.3</ele>
    </trkpt>
    <trkpt lat="46.570680097" lon="6.682521983">
      <ele>853.2</ele>
    </trkpt>
    <trkpt lat="46.570677179" lon="6.682519534">
      <ele>853.2</ele>
    </trkpt>
    <trkpt lat="46.570674212" lon="6.682517092">
      <ele>853.2</ele>
    </trkpt>
    <trkpt lat="46.570671186" lon="6.682514658">
      <ele>853.2</ele>
    </trkpt>
    <trkpt lat="46.570668092" lon="6.682512232">
      <ele>853.2</ele>
    </trkpt>
    <trkpt lat="46.570664928" lon="6.682509805">
      <ele>853.2</ele>
    </trkpt>
    <trkpt lat="46.570661702" lon="6.682507364">
      <ele>853.2</ele>
    </trkpt>
    <trkpt lat="46.570658433" lon="6.682504886">
      <ele>853.2</ele>
    </trkpt>
    <trkpt lat="46.570655139" lon="6.682502340">
      <ele>853.2</ele>
    </trkpt>
    <trkpt lat="46.570651845" lon="6.682499702">
      <ele>853.2</ele>
    </trkpt>
    <trkpt lat="46.570648570" lon="6.682496957">
      <ele>853.2</ele>
    </trkpt>
    <trkpt lat="46.570645328" lon="6.682494111">
      <ele>853.2</ele>
    </trkpt>
    <trkpt lat="46.570642127" lon="6.682491189">
      <ele>853.2</ele>
    </trkpt>
    <trkpt lat="46.570638960" lon="6.682488227">
      <ele>853.1</ele>
    </trkpt>
    <trkpt lat="46.570635826" lon="6.682485280">
      <ele>853.1</ele>
    </trkpt>
    <trkpt lat="46.570632717" lon="6.682482394">
      <ele>853.0</ele>
    </trkpt>
    <trkpt lat="46.570629612" lon="6.682479605">
      <ele>853.0</ele>
    </trkpt>
    <trkpt lat="46.570626500" lon="6.682476930">
      <ele>852.9</ele>
    </trkpt>
    <trkpt lat="46.570623367" lon="6.682474377">
      <ele>852.9</ele>
    </trkpt>
    <trkpt lat="46.570620201" lon="6.682471939">
      <ele>852.8</ele>
    </trkpt>
    <trkpt lat="46.570616996" lon="6.682469607">
      <ele>852.8</ele>
    </trkpt>
    <trkpt lat="46.570613747" lon="6.682467373">
      <ele>852.7</ele>
    </trkpt>
    <trkpt lat="46.570610464" lon="6.682465233">
      <ele>852.7</ele>
    </trkpt>
    <trkpt lat="46.570607144" lon="6.682463194">
      <ele>852.6</ele>
    </trkpt>
    <trkpt lat="46.570603793" lon="6.682461276">
      <ele>852.5</ele>
    </trkpt>
    <trkpt lat="46.570600422" lon="6.682459481">
      <ele>852.4</ele>
    </trkpt>
    <trkpt lat="46.570597041" lon="6.682457824">
      <ele>852.4</ele>
    </trkpt>
    <trkpt lat="46.570593656" lon="6.682456317">
      <ele>852.3</ele>
    </trkpt>
    <trkpt lat="46.570590274" lon="6.682454959">
      <ele>852.2</ele>
    </trkpt>
    <trkpt lat="46.570586897" lon="6.682453739">
      <ele>852.2</ele>
    </trkpt>
    <trkpt lat="46.570583529" lon="6.682452644">
      <ele>852.2</ele>
    </trkpt>
    <trkpt lat="46.570580169" lon="6.682451655">
      <ele>852.1</ele>
    </trkpt>
    <trkpt lat="46.570576811" lon="6.682450752">
      <ele>852.1</ele>
    </trkpt>
    <trkpt lat="46.570573448" lon="6.682449920">
      <ele>852.2</ele>
    </trkpt>
    <trkpt lat="46.570570067" lon="6.682449148">
      <ele>852.2</ele>
    </trkpt>
    <trkpt lat="46.570566664" lon="6.682448434">
      <ele>852.2</ele>
    </trkpt>
    <trkpt lat="46.570563231" lon="6.682447781">
      <ele>852.3</ele>
    </trkpt>
    <trkpt lat="46.570559765" lon="6.682447194">
      <ele>852.3</ele>
    </trkpt>
    <trkpt lat="46.570556269" lon="6.682446680">
      <ele>852.3</ele>
    </trkpt>
    <trkpt lat="46.570552743" lon="6.682446234">
      <ele>852.4</ele>
    </trkpt>
    <trkpt lat="46.570549193" lon="6.682445852">
      <ele>852.4</ele>
    </trkpt>
    <trkpt lat="46.570545628" lon="6.682445523">
      <ele>852.4</ele>
    </trkpt>
    <trkpt lat="46.570542047" lon="6.682445232">
      <ele>852.4</ele>
    </trkpt>
    <trkpt lat="46.570538457" lon="6.682444962">
      <ele>852.4</ele>
    </trkpt>
    <trkpt lat="46.570534863" lon="6.682444696">
      <ele>852.5</ele>
    </trkpt>
    <trkpt lat="46.570531269" lon="6.682444420">
      <ele>852.5</ele>
    </trkpt>
    <trkpt lat="46.570527679" lon="6.682444125">
      <ele>852.5</ele>
    </trkpt>
    <trkpt lat="46.570524093" lon="6.682443801">
      <ele>852.5</ele>
    </trkpt>
    <trkpt lat="46.570520517" lon="6.682443443">
      <ele>852.6</ele>
    </trkpt>
    <trkpt lat="46.570516949" lon="6.682443050">
      <ele>852.6</ele>
    </trkpt>
    <trkpt lat="46.570513389" lon="6.682442622">
      <ele>852.7</ele>
    </trkpt>
    <trkpt lat="46.570509838" lon="6.682442161">
      <ele>852.7</ele>
    </trkpt>
    <trkpt lat="46.570506291" lon="6.682441669">
      <ele>852.8</ele>
    </trkpt>
    <trkpt lat="46.570502751" lon="6.682441150">
      <ele>852.9</ele>
    </trkpt>
    <trkpt lat="46.570499218" lon="6.682440607">
      <ele>852.9</ele>
    </trkpt>
    <trkpt lat="46.570495691" lon="6.682440043">
      <ele>853.0</ele>
    </trkpt>
    <trkpt lat="46.570492171" lon="6.682439461">
      <ele>853.1</ele>
    </trkpt>
    <trkpt lat="46.570488659" lon="6.682438866">
      <ele>853.1</ele>
    </trkpt>
    <trkpt lat="46.570485157" lon="6.682438262">
      <ele>853.2</ele>
    </trkpt>
    <trkpt lat="46.570481664" lon="6.682437657">
      <ele>853.2</ele>
    </trkpt>
    <trkpt lat="46.570478178" lon="6.682437057">
      <ele>853.3</ele>
    </trkpt>
    <trkpt lat="46.570474700" lon="6.682436471">
      <ele>853.4</ele>
    </trkpt>
    <trkpt lat="46.570471229" lon="6.682435905">
      <ele>853.4</ele>
    </trkpt>
    <trkpt lat="46.570467764" lon="6.682435363">
      <ele>853.5</ele>
    </trkpt>
    <trkpt lat="46.570464304" lon="6.682434846">
      <ele>853.5</ele>
    </trkpt>
    <trkpt lat="46.570460849" lon="6.682434352">
      <ele>853.6</ele>
    </trkpt>
    <trkpt lat="46.570457400" lon="6.682433878">
      <ele>853.7</ele>
    </trkpt>
    <trkpt lat="46.570453960" lon="6.682433418">
      <ele>853.7</ele>
    </trkpt>
    <trkpt lat="46.570450526" lon="6.682432965">
      <ele>853.7</ele>
    </trkpt>
    <trkpt lat="46.570447106" lon="6.682432514">
      <ele>853.8</ele>
    </trkpt>
    <trkpt lat="46.570443703" lon="6.682432055">
      <ele>853.8</ele>
    </trkpt>
    <trkpt lat="46.570440320" lon="6.682431578">
      <ele>853.8</ele>
    </trkpt>
    <trkpt lat="46.570436960" lon="6.682431076">
      <ele>853.8</ele>
    </trkpt>
    <trkpt lat="46.570433624" lon="6.682430542">
      <ele>853.8</ele>
    </trkpt>
    <trkpt lat="46.570430308" lon="6.682429968">
      <ele>853.8</ele>
    </trkpt>
    <trkpt lat="46.570427007" lon="6.682429350">
      <ele>853.7</ele>
    </trkpt>
    <trkpt lat="46.570423711" lon="6.682428685">
      <ele>853.7</ele>
    </trkpt>
    <trkpt lat="46.570420415" lon="6.682427971">
      <ele>853.7</ele>
    </trkpt>
    <trkpt lat="46.570417109" lon="6.682427209">
      <ele>853.7</ele>
    </trkpt>
    <trkpt lat="46.570413791" lon="6.682426397">
      <ele>853.7</ele>
    </trkpt>
    <trkpt lat="46.570410460" lon="6.682425539">
      <ele>853.7</ele>
    </trkpt>
    <trkpt lat="46.570407113" lon="6.682424642">
      <ele>853.7</ele>
    </trkpt>
    <trkpt lat="46.570403753" lon="6.682423712">
      <ele>853.7</ele>
    </trkpt>
    <trkpt lat="46.570400378" lon="6.682422762">
      <ele>853.7</ele>
    </trkpt>
    <trkpt lat="46.570396987" lon="6.682421803">
      <ele>853.7</ele>
    </trkpt>
    <trkpt lat="46.570393580" lon="6.682420848">
      <ele>853.7</ele>
    </trkpt>
    <trkpt lat="46.570390155" lon="6.682419908">
      <ele>853.7</ele>
    </trkpt>
    <trkpt lat="46.570386715" lon="6.682418993">
      <ele>853.7</ele>
    </trkpt>
    <trkpt lat="46.570383264" lon="6.682418114">
      <ele>853.7</ele>
    </trkpt>
    <trkpt lat="46.570379812" lon="6.682417282">
      <ele>853.7</ele>
    </trkpt>
    <trkpt lat="46.570376363" lon="6.682416503">
      <ele>853.7</ele>
    </trkpt>
    <trkpt lat="46.570372917" lon="6.682415794">
      <ele>853.7</ele>
    </trkpt>
    <trkpt lat="46.570369481" lon="6.682415161">
      <ele>853.7</ele>
    </trkpt>
    <trkpt lat="46.570366052" lon="6.682414607">
      <ele>853.7</ele>
    </trkpt>
    <trkpt lat="46.570362627" lon="6.682414124">
      <ele>853.7</ele>
    </trkpt>
    <trkpt lat="46.570359195" lon="6.682413691">
      <ele>853.7</ele>
    </trkpt>
    <trkpt lat="46.570355754" lon="6.682413280">
      <ele>853.8</ele>
    </trkpt>
    <trkpt lat="46.570352296" lon="6.682412853">
      <ele>853.8</ele>
    </trkpt>
    <trkpt lat="46.570348820" lon="6.682412377">
      <ele>853.9</ele>
    </trkpt>
    <trkpt lat="46.570345323" lon="6.682411831">
      <ele>854.0</ele>
    </trkpt>
    <trkpt lat="46.570341810" lon="6.682411212">
      <ele>854.2</ele>
    </trkpt>
    <trkpt lat="46.570338290" lon="6.682410541">
      <ele>854.3</ele>
    </trkpt>
    <trkpt lat="46.570334770" lon="6.682409862">
      <ele>854.5</ele>
    </trkpt>
    <trkpt lat="46.570331263" lon="6.682409234">
      <ele>854.7</ele>
    </trkpt>
    <trkpt lat="46.570327778" lon="6.682408724">
      <ele>854.9</ele>
    </trkpt>
    <trkpt lat="46.570324321" lon="6.682408393">
      <ele>855.1</ele>
    </trkpt>
    <trkpt lat="46.570320894" lon="6.682408290">
      <ele>855.2</ele>
    </trkpt>
    <trkpt lat="46.570317495" lon="6.682408445">
      <ele>855.4</ele>
    </trkpt>
    <trkpt lat="46.570314120" lon="6.682408866">
      <ele>855.5</ele>
    </trkpt>
    <trkpt lat="46.570310766" lon="6.682409544">
      <ele>855.6</ele>
    </trkpt>
    <trkpt lat="46.570307428" lon="6.682410455">
      <ele>855.6</ele>
    </trkpt>
    <trkpt lat="46.570304109" lon="6.682411569">
      <ele>855.7</ele>
    </trkpt>
    <trkpt lat="46.570300812" lon="6.682412854">
      <ele>855.7</ele>
    </trkpt>
    <trkpt lat="46.570297537" lon="6.682414280">
      <ele>855.7</ele>
    </trkpt>
    <trkpt lat="46.570294286" lon="6.682415821">
      <ele>855.7</ele>
    </trkpt>
    <trkpt lat="46.570291060" lon="6.682417460">
      <ele>855.7</ele>
    </trkpt>
    <trkpt lat="46.570287856" lon="6.682419178">
      <ele>855.7</ele>
    </trkpt>
    <trkpt lat="46.570284662" lon="6.682420964">
      <ele>855.7</ele>
    </trkpt>
    <trkpt lat="46.570281478" lon="6.682422807">
      <ele>855.7</ele>
    </trkpt>
    <trkpt lat="46.570278301" lon="6.682424694">
      <ele>855.7</ele>
    </trkpt>
    <trkpt lat="46.570275134" lon="6.682426619">
      <ele>855.7</ele>
    </trkpt>
    <trkpt lat="46.570271987" lon="6.682428572">
      <ele>855.7</ele>
    </trkpt>
    <trkpt lat="46.570268872" lon="6.682430554">
      <ele>855.8</ele>
    </trkpt>
    <trkpt lat="46.570265802" lon="6.682432567">
      <ele>855.8</ele>
    </trkpt>
    <trkpt lat="46.570262795" lon="6.682434619">
      <ele>855.8</ele>
    </trkpt>
    <trkpt lat="46.570259858" lon="6.682436729">
      <ele>855.8</ele>
    </trkpt>
    <trkpt lat="46.570256992" lon="6.682438919">
      <ele>855.9</ele>
    </trkpt>
    <trkpt lat="46.570254192" lon="6.682441208">
      <ele>855.9</ele>
    </trkpt>
    <trkpt lat="46.570251447" lon="6.682443615">
      <ele>855.9</ele>
    </trkpt>
    <trkpt lat="46.570248740" lon="6.682446148">
      <ele>855.9</ele>
    </trkpt>
    <trkpt lat="46.570246051" lon="6.682448807">
      <ele>855.9</ele>
    </trkpt>
    <trkpt lat="46.570243365" lon="6.682451584">
      <ele>855.9</ele>
    </trkpt>
    <trkpt lat="46.570240668" lon="6.682454457">
      <ele>855.9</ele>
    </trkpt>
    <trkpt lat="46.570237951" lon="6.682457403">
      <ele>855.9</ele>
    </trkpt>
    <trkpt lat="46.570235208" lon="6.682460398">
      <ele>855.9</ele>
    </trkpt>
    <trkpt lat="46.570232437" lon="6.682463421">
      <ele>855.9</ele>
    </trkpt>
    <trkpt lat="46.570229640" lon="6.682466454">
      <ele>856.0</ele>
    </trkpt>
    <trkpt lat="46.570226817" lon="6.682469489">
      <ele>856.0</ele>
    </trkpt>
    <trkpt lat="46.570223972" lon="6.682472522">
      <ele>856.0</ele>
    </trkpt>
    <trkpt lat="46.570221104" lon="6.682475555">
      <ele>856.1</ele>
    </trkpt>
    <trkpt lat="46.570218219" lon="6.682478592">
      <ele>856.2</ele>
    </trkpt>
    <trkpt lat="46.570215325" lon="6.682481637">
      <ele>856.3</ele>
    </trkpt>
    <trkpt lat="46.570212430" lon="6.682484693">
      <ele>856.3</ele>
    </trkpt>
    <trkpt lat="46.570209546" lon="6.682487769">
      <ele>856.4</ele>
    </trkpt>
    <trkpt lat="46.570206683" lon="6.682490869">
      <ele>856.5</ele>
    </trkpt>
    <trkpt lat="46.570203853" lon="6.682493999">
      <ele>856.6</ele>
    </trkpt>
    <trkpt lat="46.570201062" lon="6.682497163">
      <ele>856.7</ele>
    </trkpt>
    <trkpt lat="46.570198317" lon="6.682500364">
      <ele>856.8</ele>
    </trkpt>
    <trkpt lat="46.570195619" lon="6.682503603">
      <ele>856.9</ele>
    </trkpt>
    <trkpt lat="46.570192964" lon="6.682506879">
      <ele>856.9</ele>
    </trkpt>
    <trkpt lat="46.570190352" lon="6.682510181">
      <ele>857.0</ele>
    </trkpt>
    <trkpt lat="46.570187775" lon="6.682513494">
      <ele>857.1</ele>
    </trkpt>
    <trkpt lat="46.570185231" lon="6.682516805">
      <ele>857.1</ele>
    </trkpt>
    <trkpt lat="46.570182718" lon="6.682520094">
      <ele>857.2</ele>
    </trkpt>
    <trkpt lat="46.570180232" lon="6.682523342">
      <ele>857.3</ele>
    </trkpt>
    <trkpt lat="46.570177760" lon="6.682526536">
      <ele>857.3</ele>
    </trkpt>
    <trkpt lat="46.570175293" lon="6.682529659">
      <ele>857.4</ele>
    </trkpt>
    <trkpt lat="46.570172814" lon="6.682532702">
      <ele>857.5</ele>
    </trkpt>
    <trkpt lat="46.570170310" lon="6.682535654">
      <ele>857.5</ele>
    </trkpt>
    <trkpt lat="46.570167768" lon="6.682538505">
      <ele>857.6</ele>
    </trkpt>
    <trkpt lat="46.570165181" lon="6.682541244">
      <ele>857.6</ele>
    </trkpt>
    <trkpt lat="46.570162552" lon="6.682543873">
      <ele>857.7</ele>
    </trkpt>
    <trkpt lat="46.570159891" lon="6.682546394">
      <ele>857.7</ele>
    </trkpt>
    <trkpt lat="46.570157214" lon="6.682548824">
      <ele>857.8</ele>
    </trkpt>
    <trkpt lat="46.570154534" lon="6.682551189">
      <ele>857.9</ele>
    </trkpt>
    <trkpt lat="46.570151859" lon="6.682553527">
      <ele>857.9</ele>
    </trkpt>
    <trkpt lat="46.570149191" lon="6.682555878">
      <ele>858.0</ele>
    </trkpt>
    <trkpt lat="46.570146522" lon="6.682558276">
      <ele>858.0</ele>
    </trkpt>
    <trkpt lat="46.570143840" lon="6.682560750">
      <ele>858.1</ele>
    </trkpt>
    <trkpt lat="46.570141133" lon="6.682563310">
      <ele>858.1</ele>
    </trkpt>
    <trkpt lat="46.570138389" lon="6.682565955">
      <ele>858.2</ele>
    </trkpt>
    <trkpt lat="46.570135602" lon="6.682568677">
      <ele>858.2</ele>
    </trkpt>
    <trkpt lat="46.570132775" lon="6.682571466">
      <ele>858.2</ele>
    </trkpt>
    <trkpt lat="46.570129916" lon="6.682574300">
      <ele>858.3</ele>
    </trkpt>
    <trkpt lat="46.570127041" lon="6.682577165">
      <ele>858.3</ele>
    </trkpt>
    <trkpt lat="46.570124165" lon="6.682580054">
      <ele>858.3</ele>
    </trkpt>
    <trkpt lat="46.570121303" lon="6.682582968">
      <ele>858.3</ele>
    </trkpt>
    <trkpt lat="46.570118471" lon="6.682585924">
      <ele>858.3</ele>
    </trkpt>
    <trkpt lat="46.570115681" lon="6.682588929">
      <ele>858.4</ele>
    </trkpt>
    <trkpt lat="46.570112937" lon="6.682591996">
      <ele>858.4</ele>
    </trkpt>
    <trkpt lat="46.570110242" lon="6.682595130">
      <ele>858.4</ele>
    </trkpt>
    <trkpt lat="46.570107588" lon="6.682598333">
      <ele>858.5</ele>
    </trkpt>
    <trkpt lat="46.570104958" lon="6.682601584">
      <ele>858.5</ele>
    </trkpt>
    <trkpt lat="46.570102335" lon="6.682604856">
      <ele>858.5</ele>
    </trkpt>
    <trkpt lat="46.570099691" lon="6.682608103">
      <ele>858.5</ele>
    </trkpt>
    <trkpt lat="46.570097006" lon="6.682611279">
      <ele>858.6</ele>
    </trkpt>
    <trkpt lat="46.570094260" lon="6.682614347">
      <ele>858.6</ele>
    </trkpt>
    <trkpt lat="46.570091445" lon="6.682617293">
      <ele>858.6</ele>
    </trkpt>
    <trkpt lat="46.570088566" lon="6.682620121">
      <ele>858.6</ele>
    </trkpt>
    <trkpt lat="46.570085640" lon="6.682622866">
      <ele>858.6</ele>
    </trkpt>
    <trkpt lat="46.570082694" lon="6.682625576">
      <ele>858.7</ele>
    </trkpt>
    <trkpt lat="46.570079758" lon="6.682628306">
      <ele>858.7</ele>
    </trkpt>
    <trkpt lat="46.570076857" lon="6.682631104">
      <ele>858.7</ele>
    </trkpt>
    <trkpt lat="46.570074016" lon="6.682633993">
      <ele>858.8</ele>
    </trkpt>
    <trkpt lat="46.570071247" lon="6.682636979">
      <ele>858.8</ele>
    </trkpt>
    <trkpt lat="46.570068552" lon="6.682640041">
      <ele>858.8</ele>
    </trkpt>
    <trkpt lat="46.570065928" lon="6.682643138">
      <ele>858.9</ele>
    </trkpt>
    <trkpt lat="46.570063362" lon="6.682646228">
      <ele>858.9</ele>
    </trkpt>
    <trkpt lat="46.570060839" lon="6.682649293">
      <ele>859.0</ele>
    </trkpt>
    <trkpt lat="46.570058346" lon="6.682652314">
      <ele>859.0</ele>
    </trkpt>
    <trkpt lat="46.570055866" lon="6.682655293">
      <ele>859.0</ele>
    </trkpt>
    <trkpt lat="46.570053389" lon="6.682658242">
      <ele>859.1</ele>
    </trkpt>
    <trkpt lat="46.570050899" lon="6.682661171">
      <ele>859.1</ele>
    </trkpt>
    <trkpt lat="46.570048391" lon="6.682664105">
      <ele>859.2</ele>
    </trkpt>
    <trkpt lat="46.570045874" lon="6.682667054">
      <ele>859.2</ele>
    </trkpt>
    <trkpt lat="46.570043354" lon="6.682670030">
      <ele>859.3</ele>
    </trkpt>
    <trkpt lat="46.570040844" lon="6.682673046">
      <ele>859.3</ele>
    </trkpt>
    <trkpt lat="46.570038359" lon="6.682676126">
      <ele>859.4</ele>
    </trkpt>
    <trkpt lat="46.570035912" lon="6.682679285">
      <ele>859.5</ele>
    </trkpt>
    <trkpt lat="46.570033513" lon="6.682682553">
      <ele>859.6</ele>
    </trkpt>
    <trkpt lat="46.570031162" lon="6.682685949">
      <ele>859.7</ele>
    </trkpt>
    <trkpt lat="46.570028859" lon="6.682689478">
      <ele>859.7</ele>
    </trkpt>
    <trkpt lat="46.570026603" lon="6.682693137">
      <ele>859.8</ele>
    </trkpt>
    <trkpt lat="46.570024390" lon="6.682696908">
      <ele>859.8</ele>
    </trkpt>
    <trkpt lat="46.570022227" lon="6.682700765">
      <ele>859.8</ele>
    </trkpt>
    <trkpt lat="46.570020123" lon="6.682704683">
      <ele>859.9</ele>
    </trkpt>
    <trkpt lat="46.570018087" lon="6.682708635">
      <ele>859.9</ele>
    </trkpt>
    <trkpt lat="46.570016130" lon="6.682712613">
      <ele>859.9</ele>
    </trkpt>
    <trkpt lat="46.570014257" lon="6.682716606">
      <ele>859.9</ele>
    </trkpt>
    <trkpt lat="46.570012469" lon="6.682720623">
      <ele>859.9</ele>
    </trkpt>
    <trkpt lat="46.570010761" lon="6.682724667">
      <ele>859.9</ele>
    </trkpt>
    <trkpt lat="46.570009118" lon="6.682728749">
      <ele>859.9</ele>
    </trkpt>
    <trkpt lat="46.570007527" lon="6.682732876">
      <ele>859.9</ele>
    </trkpt>
    <trkpt lat="46.570005971" lon="6.682737050">
      <ele>859.9</ele>
    </trkpt>
    <trkpt lat="46.570004439" lon="6.682741272">
      <ele>859.9</ele>
    </trkpt>
    <trkpt lat="46.570002923" lon="6.682745538">
      <ele>859.8</ele>
    </trkpt>
    <trkpt lat="46.570001423" lon="6.682749846">
      <ele>859.7</ele>
    </trkpt>
    <trkpt lat="46.569999945" lon="6.682754194">
      <ele>859.6</ele>
    </trkpt>
    <trkpt lat="46.569998502" lon="6.682758567">
      <ele>859.4</ele>
    </trkpt>
    <trkpt lat="46.569997110" lon="6.682762957">
      <ele>859.3</ele>
    </trkpt>
    <trkpt lat="46.569995790" lon="6.682767344">
      <ele>859.1</ele>
    </trkpt>
    <trkpt lat="46.569994561" lon="6.682771694">
      <ele>859.0</ele>
    </trkpt>
    <trkpt lat="46.569993437" lon="6.682775975">
      <ele>858.8</ele>
    </trkpt>
    <trkpt lat="46.569992433" lon="6.682780161">
      <ele>858.7</ele>
    </trkpt>
    <trkpt lat="46.569991564" lon="6.682784235">
      <ele>858.6</ele>
    </trkpt>
    <trkpt lat="46.569990839" lon="6.682788195">
      <ele>858.5</ele>
    </trkpt>
    <trkpt lat="46.569990264" lon="6.682792060">
      <ele>858.5</ele>
    </trkpt>
    <trkpt lat="46.569989844" lon="6.682795870">
      <ele>858.4</ele>
    </trkpt>
    <trkpt lat="46.569989582" lon="6.682799679">
      <ele>858.4</ele>
    </trkpt>
    <trkpt lat="46.569989468" lon="6.682803547">
      <ele>858.3</ele>
    </trkpt>
    <trkpt lat="46.569989484" lon="6.682807526">
      <ele>858.3</ele>
    </trkpt>
    <trkpt lat="46.569989603" lon="6.682811661">
      <ele>858.3</ele>
    </trkpt>
    <trkpt lat="46.569989795" lon="6.682815962">
      <ele>858.3</ele>
    </trkpt>
    <trkpt lat="46.569990023" lon="6.682820435">
      <ele>858.3</ele>
    </trkpt>
    <trkpt lat="46.569990257" lon="6.682825050">
      <ele>858.3</ele>
    </trkpt>
    <trkpt lat="46.569990474" lon="6.682829774">
      <ele>858.3</ele>
    </trkpt>
    <trkpt lat="46.569990658" lon="6.682834564">
      <ele>858.2</ele>
    </trkpt>
    <trkpt lat="46.569990804" lon="6.682839379">
      <ele>858.2</ele>
    </trkpt>
    <trkpt lat="46.569990912" lon="6.682844192">
      <ele>858.2</ele>
    </trkpt>
    <trkpt lat="46.569990979" lon="6.682848992">
      <ele>858.1</ele>
    </trkpt>
    <trkpt lat="46.569991001" lon="6.682853780">
      <ele>858.1</ele>
    </trkpt>
    <trkpt lat="46.569990971" lon="6.682858568">
      <ele>858.1</ele>
    </trkpt>
    <trkpt lat="46.569990874" lon="6.682863373">
      <ele>858.0</ele>
    </trkpt>
    <trkpt lat="46.569990701" lon="6.682868212">
      <ele>858.0</ele>
    </trkpt>
    <trkpt lat="46.569990450" lon="6.682873093">
      <ele>857.9</ele>
    </trkpt>
    <trkpt lat="46.569990132" lon="6.682878013">
      <ele>857.9</ele>
    </trkpt>
    <trkpt lat="46.569989777" lon="6.682882972">
      <ele>857.8</ele>
    </trkpt>
    <trkpt lat="46.569989427" lon="6.682887951">
      <ele>857.8</ele>
    </trkpt>
    <trkpt lat="46.569989129" lon="6.682892921">
      <ele>857.7</ele>
    </trkpt>
    <trkpt lat="46.569988928" lon="6.682897849">
      <ele>857.7</ele>
    </trkpt>
    <trkpt lat="46.569988856" lon="6.682902715">
      <ele>857.7</ele>
    </trkpt>
    <trkpt lat="46.569988926" lon="6.682907493">
      <ele>857.7</ele>
    </trkpt>
    <trkpt lat="46.569989123" lon="6.682912173">
      <ele>857.7</ele>
    </trkpt>
    <trkpt lat="46.569989414" lon="6.682916765">
      <ele>857.8</ele>
    </trkpt>
    <trkpt lat="46.569989755" lon="6.682921286">
      <ele>857.9</ele>
    </trkpt>
    <trkpt lat="46.569990100" lon="6.682925780">
      <ele>858.0</ele>
    </trkpt>
    <trkpt lat="46.569990405" lon="6.682930287">
      <ele>858.1</ele>
    </trkpt>
    <trkpt lat="46.569990643" lon="6.682934845">
      <ele>858.2</ele>
    </trkpt>
    <trkpt lat="46.569990797" lon="6.682939484">
      <ele>858.3</ele>
    </trkpt>
    <trkpt lat="46.569990861" lon="6.682944221">
      <ele>858.4</ele>
    </trkpt>
    <trkpt lat="46.569990838" lon="6.682949055">
      <ele>858.5</ele>
    </trkpt>
    <trkpt lat="46.569990733" lon="6.682953970">
      <ele>858.5</ele>
    </trkpt>
    <trkpt lat="46.569990545" lon="6.682958949">
      <ele>858.5</ele>
    </trkpt>
    <trkpt lat="46.569990275" lon="6.682963977">
      <ele>858.5</ele>
    </trkpt>
    <trkpt lat="46.569989922" lon="6.682969032">
      <ele>858.5</ele>
    </trkpt>
    <trkpt lat="46.569989480" lon="6.682974107">
      <ele>858.4</ele>
    </trkpt>
    <trkpt lat="46.569988946" lon="6.682979186">
      <ele>858.4</ele>
    </trkpt>
    <trkpt lat="46.569988321" lon="6.682984265">
      <ele>858.3</ele>
    </trkpt>
    <trkpt lat="46.569987606" lon="6.682989336">
      <ele>858.2</ele>
    </trkpt>
    <trkpt lat="46.569986805" lon="6.682994390">
      <ele>858.2</ele>
    </trkpt>
    <trkpt lat="46.569985925" lon="6.682999427">
      <ele>858.1</ele>
    </trkpt>
    <trkpt lat="46.569984973" lon="6.683004440">
      <ele>858.0</ele>
    </trkpt>
    <trkpt lat="46.569983958" lon="6.683009435">
      <ele>858.0</ele>
    </trkpt>
    <trkpt lat="46.569982890" lon="6.683014413">
      <ele>857.9</ele>
    </trkpt>
    <trkpt lat="46.569981772" lon="6.683019376">
      <ele>857.9</ele>
    </trkpt>
    <trkpt lat="46.569980611" lon="6.683024319">
      <ele>857.8</ele>
    </trkpt>
    <trkpt lat="46.569979411" lon="6.683029245">
      <ele>857.8</ele>
    </trkpt>
    <trkpt lat="46.569978178" lon="6.683034147">
      <ele>857.8</ele>
    </trkpt>
    <trkpt lat="46.569976910" lon="6.683039023">
      <ele>857.7</ele>
    </trkpt>
    <trkpt lat="46.569975610" lon="6.683043872">
      <ele>857.7</ele>
    </trkpt>
    <trkpt lat="46.569974277" lon="6.683048693">
      <ele>857.7</ele>
    </trkpt>
    <trkpt lat="46.569972908" lon="6.683053489">
      <ele>857.7</ele>
    </trkpt>
    <trkpt lat="46.569971500" lon="6.683058263">
      <ele>857.7</ele>
    </trkpt>
    <trkpt lat="46.569970045" lon="6.683063015">
      <ele>857.7</ele>
    </trkpt>
    <trkpt lat="46.569968543" lon="6.683067738">
      <ele>857.7</ele>
    </trkpt>
    <trkpt lat="46.569966988" lon="6.683072429">
      <ele>857.7</ele>
    </trkpt>
    <trkpt lat="46.569965382" lon="6.683077080">
      <ele>857.7</ele>
    </trkpt>
    <trkpt lat="46.569963729" lon="6.683081683">
      <ele>857.7</ele>
    </trkpt>
    <trkpt lat="46.569962038" lon="6.683086231">
      <ele>857.7</ele>
    </trkpt>
    <trkpt lat="46.569960321" lon="6.683090720">
      <ele>857.8</ele>
    </trkpt>
    <trkpt lat="46.569958591" lon="6.683095151">
      <ele>857.8</ele>
    </trkpt>
    <trkpt lat="46.569956856" lon="6.683099530">
      <ele>857.8</ele>
    </trkpt>
    <trkpt lat="46.569955125" lon="6.683103865">
      <ele>857.9</ele>
    </trkpt>
    <trkpt lat="46.569953404" lon="6.683108167">
      <ele>857.9</ele>
    </trkpt>
    <trkpt lat="46.569951694" lon="6.683112449">
      <ele>858.0</ele>
    </trkpt>
    <trkpt lat="46.569949993" lon="6.683116727">
      <ele>858.0</ele>
    </trkpt>
    <trkpt lat="46.569948299" lon="6.683121010">
      <ele>858.0</ele>
    </trkpt>
    <trkpt lat="46.569946610" lon="6.683125314">
      <ele>858.1</ele>
    </trkpt>
    <trkpt lat="46.569944919" lon="6.683129639">
      <ele>858.1</ele>
    </trkpt>
    <trkpt lat="46.569943230" lon="6.683133978">
      <ele>858.1</ele>
    </trkpt>
    <trkpt lat="46.569941544" lon="6.683138325">
      <ele>858.2</ele>
    </trkpt>
    <trkpt lat="46.569939862" lon="6.683142658">
      <ele>858.2</ele>
    </trkpt>
    <trkpt lat="46.569938190" lon="6.683146959">
      <ele>858.3</ele>
    </trkpt>
    <trkpt lat="46.569936534" lon="6.683151213">
      <ele>858.3</ele>
    </trkpt>
    <trkpt lat="46.569934895" lon="6.683155413">
      <ele>858.3</ele>
    </trkpt>
    <trkpt lat="46.569933270" lon="6.683159556">
      <ele>858.3</ele>
    </trkpt>
    <trkpt lat="46.569931652" lon="6.683163642">
      <ele>858.3</ele>
    </trkpt>
    <trkpt lat="46.569930020" lon="6.683167678">
      <ele>858.3</ele>
    </trkpt>
    <trkpt lat="46.569928348" lon="6.683171661">
      <ele>858.3</ele>
    </trkpt>
    <trkpt lat="46.569926608" lon="6.683175588">
      <ele>858.3</ele>
    </trkpt>
    <trkpt lat="46.569924769" lon="6.683179442">
      <ele>858.2</ele>
    </trkpt>
    <trkpt lat="46.569922810" lon="6.683183202">
      <ele>858.2</ele>
    </trkpt>
    <trkpt lat="46.569920715" lon="6.683186847">
      <ele>858.2</ele>
    </trkpt>
    <trkpt lat="46.569918484" lon="6.683190358">
      <ele>858.2</ele>
    </trkpt>
    <trkpt lat="46.569916119" lon="6.683193728">
      <ele>858.1</ele>
    </trkpt>
    <trkpt lat="46.569913636" lon="6.683196959">
      <ele>858.1</ele>
    </trkpt>
    <trkpt lat="46.569911050" lon="6.683200067">
      <ele>858.1</ele>
    </trkpt>
    <trkpt lat="46.569908377" lon="6.683203072">
      <ele>858.0</ele>
    </trkpt>
    <trkpt lat="46.569905632" lon="6.683206001">
      <ele>858.0</ele>
    </trkpt>
    <trkpt lat="46.569902830" lon="6.683208873">
      <ele>858.0</ele>
    </trkpt>
    <trkpt lat="46.569899983" lon="6.683211705">
      <ele>857.9</ele>
    </trkpt>
    <trkpt lat="46.569897109" lon="6.683214506">
      <ele>857.8</ele>
    </trkpt>
    <trkpt lat="46.569894224" lon="6.683217275">
      <ele>857.8</ele>
    </trkpt>
    <trkpt lat="46.569891341" lon="6.683220019">
      <ele>857.7</ele>
    </trkpt>
    <trkpt lat="46.569888461" lon="6.683222742">
      <ele>857.6</ele>
    </trkpt>
    <trkpt lat="46.569885590" lon="6.683225445">
      <ele>857.5</ele>
    </trkpt>
    <trkpt lat="46.569882723" lon="6.683228150">
      <ele>857.3</ele>
    </trkpt>
    <trkpt lat="46.569879849" lon="6.683230864">
      <ele>857.2</ele>
    </trkpt>
    <trkpt lat="46.569876959" lon="6.683233597">
      <ele>857.0</ele>
    </trkpt>
    <trkpt lat="46.569874049" lon="6.683236349">
      <ele>856.9</ele>
    </trkpt>
    <trkpt lat="46.569871116" lon="6.683239118">
      <ele>856.7</ele>
    </trkpt>
    <trkpt lat="46.569868160" lon="6.683241892">
      <ele>856.6</ele>
    </trkpt>
    <trkpt lat="46.569865193" lon="6.683244652">
      <ele>856.4</ele>
    </trkpt>
    <trkpt lat="46.569862222" lon="6.683247383">
      <ele>856.2</ele>
    </trkpt>
    <trkpt lat="46.569859253" lon="6.683250072">
      <ele>856.1</ele>
    </trkpt>
    <trkpt lat="46.569856295" lon="6.683252706">
      <ele>856.0</ele>
    </trkpt>
    <trkpt lat="46.569853346" lon="6.683255281">
      <ele>855.8</ele>
    </trkpt>
    <trkpt lat="46.569850406" lon="6.683257802">
      <ele>855.8</ele>
    </trkpt>
    <trkpt lat="46.569847466" lon="6.683260277">
      <ele>855.7</ele>
    </trkpt>
    <trkpt lat="46.569844527" lon="6.683262714">
      <ele>855.6</ele>
    </trkpt>
    <trkpt lat="46.569841579" lon="6.683265129">
      <ele>855.6</ele>
    </trkpt>
    <trkpt lat="46.569838628" lon="6.683267536">
      <ele>855.6</ele>
    </trkpt>
    <trkpt lat="46.569835675" lon="6.683269955">
      <ele>855.7</ele>
    </trkpt>
    <trkpt lat="46.569832724" lon="6.683272405">
      <ele>855.7</ele>
    </trkpt>
    <trkpt lat="46.569829778" lon="6.683274901">
      <ele>855.7</ele>
    </trkpt>
    <trkpt lat="46.569826835" lon="6.683277463">
      <ele>855.8</ele>
    </trkpt>
    <trkpt lat="46.569823881" lon="6.683280097">
      <ele>855.8</ele>
    </trkpt>
    <trkpt lat="46.569820908" lon="6.683282806">
      <ele>855.8</ele>
    </trkpt>
    <trkpt lat="46.569817904" lon="6.683285584">
      <ele>855.8</ele>
    </trkpt>
    <trkpt lat="46.569814869" lon="6.683288412">
      <ele>855.8</ele>
    </trkpt>
    <trkpt lat="46.569811804" lon="6.683291266">
      <ele>855.8</ele>
    </trkpt>
    <trkpt lat="46.569808725" lon="6.683294114">
      <ele>855.8</ele>
    </trkpt>
    <trkpt lat="46.569805650" lon="6.683296931">
      <ele>855.8</ele>
    </trkpt>
    <trkpt lat="46.569802597" lon="6.683299691">
      <ele>855.9</ele>
    </trkpt>
    <trkpt lat="46.569799578" lon="6.683302381">
      <ele>855.9</ele>
    </trkpt>
    <trkpt lat="46.569796598" lon="6.683304995">
      <ele>855.9</ele>
    </trkpt>
    <trkpt lat="46.569793652" lon="6.683307542">
      <ele>856.0</ele>
    </trkpt>
    <trkpt lat="46.569790737" lon="6.683310034">
      <ele>856.1</ele>
    </trkpt>
    <trkpt lat="46.569787849" lon="6.683312489">
      <ele>856.1</ele>
    </trkpt>
    <trkpt lat="46.569784997" lon="6.683314924">
      <ele>856.2</ele>
    </trkpt>
    <trkpt lat="46.569782188" lon="6.683317356">
      <ele>856.3</ele>
    </trkpt>
    <trkpt lat="46.569779439" lon="6.683319794">
      <ele>856.4</ele>
    </trkpt>
    <trkpt lat="46.569776767" lon="6.683322240">
      <ele>856.5</ele>
    </trkpt>
    <trkpt lat="46.569774171" lon="6.683324700">
      <ele>856.7</ele>
    </trkpt>
    <trkpt lat="46.569771636" lon="6.683327186">
      <ele>856.8</ele>
    </trkpt>
    <trkpt lat="46.569769138" lon="6.683329718">
      <ele>856.9</ele>
    </trkpt>
    <trkpt lat="46.569766631" lon="6.683332327">
      <ele>857.0</ele>
    </trkpt>
    <trkpt lat="46.569764075" lon="6.683335049">
      <ele>857.1</ele>
    </trkpt>
    <trkpt lat="46.569761443" lon="6.683337915">
      <ele>857.2</ele>
    </trkpt>
    <trkpt lat="46.569758717" lon="6.683340950">
      <ele>857.3</ele>
    </trkpt>
    <trkpt lat="46.569755913" lon="6.683344151">
      <ele>857.4</ele>
    </trkpt>
    <trkpt lat="46.569753064" lon="6.683347508">
      <ele>857.5</ele>
    </trkpt>
    <trkpt lat="46.569750217" lon="6.683350980">
      <ele>857.5</ele>
    </trkpt>
    <trkpt lat="46.569747419" lon="6.683354529">
      <ele>857.4</ele>
    </trkpt>
    <trkpt lat="46.569744707" lon="6.683358113">
      <ele>857.3</ele>
    </trkpt>
    <trkpt lat="46.569742100" lon="6.683361702">
      <ele>857.1</ele>
    </trkpt>
    <trkpt lat="46.569739595" lon="6.683365279">
      <ele>856.9</ele>
    </trkpt>
    <trkpt lat="46.569737164" lon="6.683368836">
      <ele>856.6</ele>
    </trkpt>
    <trkpt lat="46.569734771" lon="6.683372366">
      <ele>856.4</ele>
    </trkpt>
    <trkpt lat="46.569732374" lon="6.683375861">
      <ele>856.1</ele>
    </trkpt>
    <trkpt lat="46.569729937" lon="6.683379302">
      <ele>855.9</ele>
    </trkpt>
    <trkpt lat="46.569727430" lon="6.683382666">
      <ele>855.7</ele>
    </trkpt>
    <trkpt lat="46.569724841" lon="6.683385934">
      <ele>855.5</ele>
    </trkpt>
    <trkpt lat="46.569722165" lon="6.683389084">
      <ele>855.4</ele>
    </trkpt>
    <trkpt lat="46.569719406" lon="6.683392107">
      <ele>855.4</ele>
    </trkpt>
    <trkpt lat="46.569716580" lon="6.683395002">
      <ele>855.4</ele>
    </trkpt>
    <trkpt lat="46.569713705" lon="6.683397773">
      <ele>855.5</ele>
    </trkpt>
    <trkpt lat="46.569710801" lon="6.683400437">
      <ele>855.5</ele>
    </trkpt>
    <trkpt lat="46.569707898" lon="6.683403011">
      <ele>855.6</ele>
    </trkpt>
    <trkpt lat="46.569705021" lon="6.683405517">
      <ele>855.7</ele>
    </trkpt>
    <trkpt lat="46.569702198" lon="6.683407972">
      <ele>855.8</ele>
    </trkpt>
    <trkpt lat="46.569699453" lon="6.683410397">
      <ele>855.9</ele>
    </trkpt>
    <trkpt lat="46.569696802" lon="6.683412809">
      <ele>856.0</ele>
    </trkpt>
    <trkpt lat="46.569694252" lon="6.683415220">
      <ele>856.1</ele>
    </trkpt>
    <trkpt lat="46.569691798" lon="6.683417631">
      <ele>856.1</ele>
    </trkpt>
    <trkpt lat="46.569689426" lon="6.683420035">
      <ele>856.2</ele>
    </trkpt>
    <trkpt lat="46.569687105" lon="6.683422420">
      <ele>856.2</ele>
    </trkpt>
    <trkpt lat="46.569684801" lon="6.683424774">
      <ele>856.3</ele>
    </trkpt>
    <trkpt lat="46.569682473" lon="6.683427083">
      <ele>856.3</ele>
    </trkpt>
    <trkpt lat="46.569680084" lon="6.683429341">
      <ele>856.4</ele>
    </trkpt>
    <trkpt lat="46.569677604" lon="6.683431544">
      <ele>856.4</ele>
    </trkpt>
    <trkpt lat="46.569675013" lon="6.683433697">
      <ele>856.4</ele>
    </trkpt>
    <trkpt lat="46.569672302" lon="6.683435801">
      <ele>856.4</ele>
    </trkpt>
    <trkpt lat="46.569669470" lon="6.683437862">
      <ele>856.5</ele>
    </trkpt>
    <trkpt lat="46.569666527" lon="6.683439878">
      <ele>856.5</ele>
    </trkpt>
    <trkpt lat="46.569663486" lon="6.683441849">
      <ele>856.5</ele>
    </trkpt>
    <trkpt lat="46.569660359" lon="6.683443768">
      <ele>856.5</ele>
    </trkpt>
    <trkpt lat="46.569657159" lon="6.683445628">
      <ele>856.5</ele>
    </trkpt>
    <trkpt lat="46.569653899" lon="6.683447422">
      <ele>856.5</ele>
    </trkpt>
    <trkpt lat="46.569650589" lon="6.683449142">
      <ele>856.6</ele>
    </trkpt>
    <trkpt lat="46.569647242" lon="6.683450779">
      <ele>856.6</ele>
    </trkpt>
    <trkpt lat="46.569643869" lon="6.683452335">
      <ele>856.6</ele>
    </trkpt>
    <trkpt lat="46.569640486" lon="6.683453806">
      <ele>856.7</ele>
    </trkpt>
    <trkpt lat="46.569637103" lon="6.683455198">
      <ele>856.7</ele>
    </trkpt>
    <trkpt lat="46.569633737" lon="6.683456522">
      <ele>856.7</ele>
    </trkpt>
    <trkpt lat="46.569630386" lon="6.683457796">
      <ele>856.8</ele>
    </trkpt>
    <trkpt lat="46.569627057" lon="6.683459041">
      <ele>856.8</ele>
    </trkpt>
    <trkpt lat="46.569623746" lon="6.683460276">
      <ele>856.9</ele>
    </trkpt>
    <trkpt lat="46.569620450" lon="6.683461523">
      <ele>856.9</ele>
    </trkpt>
    <trkpt lat="46.569617161" lon="6.683462799">
      <ele>856.9</ele>
    </trkpt>
    <trkpt lat="46.569613876" lon="6.683464117">
      <ele>856.9</ele>
    </trkpt>
    <trkpt lat="46.569610591" lon="6.683465481">
      <ele>856.9</ele>
    </trkpt>
    <trkpt lat="46.569607304" lon="6.683466888">
      <ele>856.9</ele>
    </trkpt>
    <trkpt lat="46.569604018" lon="6.683468327">
      <ele>856.9</ele>
    </trkpt>
    <trkpt lat="46.569600731" lon="6.683469780">
      <ele>856.8</ele>
    </trkpt>
    <trkpt lat="46.569597443" lon="6.683471225">
      <ele>856.8</ele>
    </trkpt>
    <trkpt lat="46.569594152" lon="6.683472646">
      <ele>856.8</ele>
    </trkpt>
    <trkpt lat="46.569590852" lon="6.683474018">
      <ele>856.8</ele>
    </trkpt>
    <trkpt lat="46.569587541" lon="6.683475325">
      <ele>856.8</ele>
    </trkpt>
    <trkpt lat="46.569584212" lon="6.683476556">
      <ele>856.8</ele>
    </trkpt>
    <trkpt lat="46.569580858" lon="6.683477710">
      <ele>856.8</ele>
    </trkpt>
    <trkpt lat="46.569577475" lon="6.683478788">
      <ele>856.9</ele>
    </trkpt>
    <trkpt lat="46.569574065" lon="6.683479805">
      <ele>856.9</ele>
    </trkpt>
    <trkpt lat="46.569570633" lon="6.683480779">
      <ele>857.0</ele>
    </trkpt>
    <trkpt lat="46.569567185" lon="6.683481729">
      <ele>857.2</ele>
    </trkpt>
    <trkpt lat="46.569563728" lon="6.683482671">
      <ele>857.3</ele>
    </trkpt>
    <trkpt lat="46.569560274" lon="6.683483607">
      <ele>857.4</ele>
    </trkpt>
    <trkpt lat="46.569556828" lon="6.683484540">
      <ele>857.6</ele>
    </trkpt>
    <trkpt lat="46.569553390" lon="6.683485457">
      <ele>857.7</ele>
    </trkpt>
    <trkpt lat="46.569549965" lon="6.683486341">
      <ele>857.8</ele>
    </trkpt>
    <trkpt lat="46.569546557" lon="6.683487182">
      <ele>858.0</ele>
    </trkpt>
    <trkpt lat="46.569543166" lon="6.683487990">
      <ele>858.1</ele>
    </trkpt>
    <trkpt lat="46.569539797" lon="6.683488794">
      <ele>858.1</ele>
    </trkpt>
    <trkpt lat="46.569536450" lon="6.683489644">
      <ele>858.2</ele>
    </trkpt>
    <trkpt lat="46.569533124" lon="6.683490593">
      <ele>858.2</ele>
    </trkpt>
    <trkpt lat="46.569529809" lon="6.683491692">
      <ele>858.2</ele>
    </trkpt>
    <trkpt lat="46.569526496" lon="6.683492972">
      <ele>858.2</ele>
    </trkpt>
    <trkpt lat="46.569523163" lon="6.683494429">
      <ele>858.1</ele>
    </trkpt>
    <trkpt lat="46.569519798" lon="6.683496031">
      <ele>858.0</ele>
    </trkpt>
    <trkpt lat="46.569516391" lon="6.683497716">
      <ele>857.9</ele>
    </trkpt>
    <trkpt lat="46.569512942" lon="6.683499402">
      <ele>857.8</ele>
    </trkpt>
    <trkpt lat="46.569509453" lon="6.683501013">
      <ele>857.7</ele>
    </trkpt>
    <trkpt lat="46.569505940" lon="6.683502487">
      <ele>857.6</ele>
    </trkpt>
    <trkpt lat="46.569502412" lon="6.683503779">
      <ele>857.6</ele>
    </trkpt>
    <trkpt lat="46.569498891" lon="6.683504874">
      <ele>857.6</ele>
    </trkpt>
    <trkpt lat="46.569495386" lon="6.683505789">
      <ele>857.6</ele>
    </trkpt>
    <trkpt lat="46.569491912" lon="6.683506568">
      <ele>857.6</ele>
    </trkpt>
    <trkpt lat="46.569488471" lon="6.683507271">
      <ele>857.7</ele>
    </trkpt>
    <trkpt lat="46.569485065" lon="6.683507975">
      <ele>857.8</ele>
    </trkpt>
    <trkpt lat="46.569481693" lon="6.683508753">
      <ele>857.8</ele>
    </trkpt>
    <trkpt lat="46.569478345" lon="6.683509669">
      <ele>857.8</ele>
    </trkpt>
    <trkpt lat="46.569475011" lon="6.683510758">
      <ele>857.7</ele>
    </trkpt>
    <trkpt lat="46.569471679" lon="6.683512020">
      <ele>857.6</ele>
    </trkpt>
    <trkpt lat="46.569468340" lon="6.683513435">
      <ele>857.5</ele>
    </trkpt>
    <trkpt lat="46.569464980" lon="6.683514956">
      <ele>857.3</ele>
    </trkpt>
    <trkpt lat="46.569461604" lon="6.683516523">
      <ele>857.1</ele>
    </trkpt>
    <trkpt lat="46.569458216" lon="6.683518080">
      <ele>857.0</ele>
    </trkpt>
    <trkpt lat="46.569454823" lon="6.683519590">
      <ele>856.8</ele>
    </trkpt>
    <trkpt lat="46.569451438" lon="6.683521026">
      <ele>856.7</ele>
    </trkpt>
    <trkpt lat="46.569448079" lon="6.683522385">
      <ele>856.6</ele>
    </trkpt>
    <trkpt lat="46.569444755" lon="6.683523671">
      <ele>856.6</ele>
    </trkpt>
    <trkpt lat="46.569441475" lon="6.683524902">
      <ele>856.5</ele>
    </trkpt>
    <trkpt lat="46.569438242" lon="6.683526095">
      <ele>856.5</ele>
    </trkpt>
    <trkpt lat="46.569435046" lon="6.683527264">
      <ele>856.5</ele>
    </trkpt>
    <trkpt lat="46.569431871" lon="6.683528409">
      <ele>856.4</ele>
    </trkpt>
    <trkpt lat="46.569428698" lon="6.683529536">
      <ele>856.4</ele>
    </trkpt>
    <trkpt lat="46.569425510" lon="6.683530625">
      <ele>856.4</ele>
    </trkpt>
    <trkpt lat="46.569422295" lon="6.683531665">
      <ele>856.3</ele>
    </trkpt>
    <trkpt lat="46.569419054" lon="6.683532610">
      <ele>856.2</ele>
    </trkpt>
    <trkpt lat="46.569415785" lon="6.683533400">
      <ele>856.2</ele>
    </trkpt>
    <trkpt lat="46.569412500" lon="6.683533985">
      <ele>856.1</ele>
    </trkpt>
    <trkpt lat="46.569409202" lon="6.683534326">
      <ele>856.0</ele>
    </trkpt>
    <trkpt lat="46.569405889" lon="6.683534405">
      <ele>856.0</ele>
    </trkpt>
    <trkpt lat="46.569402548" lon="6.683534237">
      <ele>856.0</ele>
    </trkpt>
    <trkpt lat="46.569399161" lon="6.683533867">
      <ele>856.0</ele>
    </trkpt>
    <trkpt lat="46.569395715" lon="6.683533366">
      <ele>856.0</ele>
    </trkpt>
    <trkpt lat="46.569392200" lon="6.683532817">
      <ele>856.1</ele>
    </trkpt>
    <trkpt lat="46.569388628" lon="6.683532297">
      <ele>856.3</ele>
    </trkpt>
    <trkpt lat="46.569385019" lon="6.683531867">
      <ele>856.5</ele>
    </trkpt>
    <trkpt lat="46.569381401" lon="6.683531569">
      <ele>856.7</ele>
    </trkpt>
    <trkpt lat="46.569377806" lon="6.683531420">
      <ele>857.0</ele>
    </trkpt>
    <trkpt lat="46.569374261" lon="6.683531430">
      <ele>857.2</ele>
    </trkpt>
    <trkpt lat="46.569370783" lon="6.683531602">
      <ele>857.4</ele>
    </trkpt>
    <trkpt lat="46.569367379" lon="6.683531954">
      <ele>857.7</ele>
    </trkpt>
    <trkpt lat="46.569364047" lon="6.683532502">
      <ele>857.9</ele>
    </trkpt>
    <trkpt lat="46.569360780" lon="6.683533269">
      <ele>858.0</ele>
    </trkpt>
    <trkpt lat="46.569357570" lon="6.683534271">
      <ele>858.1</ele>
    </trkpt>
    <trkpt lat="46.569354406" lon="6.683535518">
      <ele>858.2</ele>
    </trkpt>
    <trkpt lat="46.569351275" lon="6.683537005">
      <ele>858.2</ele>
    </trkpt>
    <trkpt lat="46.569348165" lon="6.683538717">
      <ele>858.3</ele>
    </trkpt>
    <trkpt lat="46.569345060" lon="6.683540609">
      <ele>858.2</ele>
    </trkpt>
    <trkpt lat="46.569341954" lon="6.683542638">
      <ele>858.2</ele>
    </trkpt>
    <trkpt lat="46.569338846" lon="6.683544749">
      <ele>858.2</ele>
    </trkpt>
    <trkpt lat="46.569335744" lon="6.683546907">
      <ele>858.1</ele>
    </trkpt>
    <trkpt lat="46.569332660" lon="6.683549085">
      <ele>858.0</ele>
    </trkpt>
    <trkpt lat="46.569329610" lon="6.683551258">
      <ele>858.0</ele>
    </trkpt>
    <trkpt lat="46.569326598" lon="6.683553428">
      <ele>857.9</ele>
    </trkpt>
    <trkpt lat="46.569323629" lon="6.683555607">
      <ele>857.8</ele>
    </trkpt>
    <trkpt lat="46.569320688" lon="6.683557815">
      <ele>857.8</ele>
    </trkpt>
    <trkpt lat="46.569317757" lon="6.683560068">
      <ele>857.8</ele>
    </trkpt>
    <trkpt lat="46.569314814" lon="6.683562373">
      <ele>857.8</ele>
    </trkpt>
    <trkpt lat="46.569311846" lon="6.683564725">
      <ele>857.8</ele>
    </trkpt>
    <trkpt lat="46.569308842" lon="6.683567110">
      <ele>857.8</ele>
    </trkpt>
    <trkpt lat="46.569305802" lon="6.683569508">
      <ele>857.8</ele>
    </trkpt>
    <trkpt lat="46.569302731" lon="6.683571892">
      <ele>857.9</ele>
    </trkpt>
    <trkpt lat="46.569299631" lon="6.683574248">
      <ele>858.0</ele>
    </trkpt>
    <trkpt lat="46.569296503" lon="6.683576556">
      <ele>858.0</ele>
    </trkpt>
    <trkpt lat="46.569293347" lon="6.683578802">
      <ele>858.2</ele>
    </trkpt>
    <trkpt lat="46.569290147" lon="6.683580967">
      <ele>858.3</ele>
    </trkpt>
    <trkpt lat="46.569286896" lon="6.683583026">
      <ele>858.4</ele>
    </trkpt>
    <trkpt lat="46.569283582" lon="6.683584955">
      <ele>858.5</ele>
    </trkpt>
    <trkpt lat="46.569280199" lon="6.683586727">
      <ele>858.7</ele>
    </trkpt>
    <trkpt lat="46.569276749" lon="6.683588321">
      <ele>858.8</ele>
    </trkpt>
    <trkpt lat="46.569273243" lon="6.683589735">
      <ele>859.0</ele>
    </trkpt>
    <trkpt lat="46.569269697" lon="6.683590979">
      <ele>859.2</ele>
    </trkpt>
    <trkpt lat="46.569266128" lon="6.683592093">
      <ele>859.3</ele>
    </trkpt>
    <trkpt lat="46.569262556" lon="6.683593126">
      <ele>859.5</ele>
    </trkpt>
    <trkpt lat="46.569259000" lon="6.683594140">
      <ele>859.6</ele>
    </trkpt>
    <trkpt lat="46.569255474" lon="6.683595189">
      <ele>859.8</ele>
    </trkpt>
    <trkpt lat="46.569251990" lon="6.683596318">
      <ele>859.9</ele>
    </trkpt>
    <trkpt lat="46.569248549" lon="6.683597558">
      <ele>860.0</ele>
    </trkpt>
    <trkpt lat="46.569245155" lon="6.683598932">
      <ele>860.0</ele>
    </trkpt>
    <trkpt lat="46.569241805" lon="6.683600438">
      <ele>860.1</ele>
    </trkpt>
    <trkpt lat="46.569238496" lon="6.683602067">
      <ele>860.1</ele>
    </trkpt>
    <trkpt lat="46.569235227" lon="6.683603816">
      <ele>860.1</ele>
    </trkpt>
    <trkpt lat="46.569232002" lon="6.683605679">
      <ele>860.2</ele>
    </trkpt>
    <trkpt lat="46.569228822" lon="6.683607649">
      <ele>860.2</ele>
    </trkpt>
    <trkpt lat="46.569225699" lon="6.683609713">
      <ele>860.1</ele>
    </trkpt>
    <trkpt lat="46.569222641" lon="6.683611853">
      <ele>860.1</ele>
    </trkpt>
    <trkpt lat="46.569219658" lon="6.683614031">
      <ele>860.0</ele>
    </trkpt>
    <trkpt lat="46.569216756" lon="6.683616198">
      <ele>859.9</ele>
    </trkpt>
    <trkpt lat="46.569213937" lon="6.683618307">
      <ele>859.8</ele>
    </trkpt>
    <trkpt lat="46.569211204" lon="6.683620318">
      <ele>859.7</ele>
    </trkpt>
    <trkpt lat="46.569208559" lon="6.683622218">
      <ele>859.6</ele>
    </trkpt>
    <trkpt lat="46.569206003" lon="6.683624026">
      <ele>859.5</ele>
    </trkpt>
    <trkpt lat="46.569203534" lon="6.683625795">
      <ele>859.4</ele>
    </trkpt>
    <trkpt lat="46.569201147" lon="6.683627594">
      <ele>859.2</ele>
    </trkpt>
    <trkpt lat="46.569198835" lon="6.683629492">
      <ele>859.0</ele>
    </trkpt>
    <trkpt lat="46.569196582" lon="6.683631544">
      <ele>858.7</ele>
    </trkpt>
    <trkpt lat="46.569194363" lon="6.683633768">
      <ele>858.4</ele>
    </trkpt>
    <trkpt lat="46.569192151" lon="6.683636142">
      <ele>858.1</ele>
    </trkpt>
    <trkpt lat="46.569189914" lon="6.683638621">
      <ele>857.7</ele>
    </trkpt>
    <trkpt lat="46.569187616" lon="6.683641138">
      <ele>857.3</ele>
    </trkpt>
    <trkpt lat="46.569185231" lon="6.683643629">
      <ele>856.9</ele>
    </trkpt>
    <trkpt lat="46.569182740" lon="6.683646036">
      <ele>856.5</ele>
    </trkpt>
    <trkpt lat="46.569180132" lon="6.683648315">
      <ele>856.2</ele>
    </trkpt>
    <trkpt lat="46.569177400" lon="6.683650430">
      <ele>855.8</ele>
    </trkpt>
    <trkpt lat="46.569174544" lon="6.683652359">
      <ele>855.5</ele>
    </trkpt>
    <trkpt lat="46.569171567" lon="6.683654087">
      <ele>855.3</ele>
    </trkpt>
    <trkpt lat="46.569168470" lon="6.683655600">
      <ele>855.1</ele>
    </trkpt>
    <trkpt lat="46.569165263" lon="6.683656900">
      <ele>854.9</ele>
    </trkpt>
    <trkpt lat="46.569161953" lon="6.683658001">
      <ele>854.8</ele>
    </trkpt>
    <trkpt lat="46.569158551" lon="6.683658931">
      <ele>854.8</ele>
    </trkpt>
    <trkpt lat="46.569155078" lon="6.683659731">
      <ele>854.9</ele>
    </trkpt>
    <trkpt lat="46.569151558" lon="6.683660442">
      <ele>855.0</ele>
    </trkpt>
    <trkpt lat="46.569148017" lon="6.683661107">
      <ele>855.2</ele>
    </trkpt>
    <trkpt lat="46.569144475" lon="6.683661762">
      <ele>855.3</ele>
    </trkpt>
    <trkpt lat="46.569140950" lon="6.683662446">
      <ele>855.5</ele>
    </trkpt>
    <trkpt lat="46.569137457" lon="6.683663197">
      <ele>855.7</ele>
    </trkpt>
    <trkpt lat="46.569134003" lon="6.683664057">
      <ele>855.9</ele>
    </trkpt>
    <trkpt lat="46.569130592" lon="6.683665062">
      <ele>856.0</ele>
    </trkpt>
    <trkpt lat="46.569127225" lon="6.683666251">
      <ele>856.1</ele>
    </trkpt>
    <trkpt lat="46.569123897" lon="6.683667638">
      <ele>856.2</ele>
    </trkpt>
    <trkpt lat="46.569120603" lon="6.683669219">
      <ele>856.2</ele>
    </trkpt>
    <trkpt lat="46.569117337" lon="6.683670960">
      <ele>856.1</ele>
    </trkpt>
    <trkpt lat="46.569114090" lon="6.683672809">
      <ele>856.1</ele>
    </trkpt>
    <trkpt lat="46.569110849" lon="6.683674702">
      <ele>856.0</ele>
    </trkpt>
    <trkpt lat="46.569107608" lon="6.683676580">
      <ele>856.0</ele>
    </trkpt>
    <trkpt lat="46.569104358" lon="6.683678394">
      <ele>856.0</ele>
    </trkpt>
    <trkpt lat="46.569101098" lon="6.683680117">
      <ele>856.0</ele>
    </trkpt>
    <trkpt lat="46.569097829" lon="6.683681748">
      <ele>856.1</ele>
    </trkpt>
    <trkpt lat="46.569094564" lon="6.683683299">
      <ele>856.2</ele>
    </trkpt>
    <trkpt lat="46.569091318" lon="6.683684794">
      <ele>856.3</ele>
    </trkpt>
    <trkpt lat="46.569088108" lon="6.683686258">
      <ele>856.4</ele>
    </trkpt>
    <trkpt lat="46.569084945" lon="6.683687710">
      <ele>856.4</ele>
    </trkpt>
    <trkpt lat="46.569081838" lon="6.683689170">
      <ele>856.5</ele>
    </trkpt>
    <trkpt lat="46.569078786" lon="6.683690655">
      <ele>856.5</ele>
    </trkpt>
    <trkpt lat="46.569075771" lon="6.683692184">
      <ele>856.5</ele>
    </trkpt>
    <trkpt lat="46.569072773" lon="6.683693774">
      <ele>856.5</ele>
    </trkpt>
    <trkpt lat="46.569069764" lon="6.683695453">
      <ele>856.4</ele>
    </trkpt>
    <trkpt lat="46.569066719" lon="6.683697239">
      <ele>856.4</ele>
    </trkpt>
    <trkpt lat="46.569063620" lon="6.683699148">
      <ele>856.3</ele>
    </trkpt>
    <trkpt lat="46.569060454" lon="6.683701188">
      <ele>856.3</ele>
    </trkpt>
    <trkpt lat="46.569057223" lon="6.683703352">
      <ele>856.3</ele>
    </trkpt>
    <trkpt lat="46.569053937" lon="6.683705622">
      <ele>856.4</ele>
    </trkpt>
    <trkpt lat="46.569050619" lon="6.683707974">
      <ele>856.6</ele>
    </trkpt>
    <trkpt lat="46.569047292" lon="6.683710385">
      <ele>856.9</ele>
    </trkpt>
    <trkpt lat="46.569043985" lon="6.683712823">
      <ele>857.2</ele>
    </trkpt>
    <trkpt lat="46.569040719" lon="6.683715265">
      <ele>857.6</ele>
    </trkpt>
    <trkpt lat="46.569037515" lon="6.683717699">
      <ele>858.1</ele>
    </trkpt>
    <trkpt lat="46.569034382" lon="6.683720124">
      <ele>858.5</ele>
    </trkpt>
    <trkpt lat="46.569031325" lon="6.683722546">
      <ele>858.8</ele>
    </trkpt>
    <trkpt lat="46.569028337" lon="6.683724983">
      <ele>859.1</ele>
    </trkpt>
    <trkpt lat="46.569025402" lon="6.683727455">
      <ele>859.3</ele>
    </trkpt>
    <trkpt lat="46.569022505" lon="6.683729982">
      <ele>859.4</ele>
    </trkpt>
    <trkpt lat="46.569019626" lon="6.683732572">
      <ele>859.5</ele>
    </trkpt>
    <trkpt lat="46.569016748" lon="6.683735230">
      <ele>859.5</ele>
    </trkpt>
    <trkpt lat="46.569013861" lon="6.683737943">
      <ele>859.5</ele>
    </trkpt>
    <trkpt lat="46.569010964" lon="6.683740691">
      <ele>859.4</ele>
    </trkpt>
    <trkpt lat="46.569008063" lon="6.683743443">
      <ele>859.4</ele>
    </trkpt>
    <trkpt lat="46.569005171" lon="6.683746166">
      <ele>859.3</ele>
    </trkpt>
    <trkpt lat="46.569002302" lon="6.683748833">
      <ele>859.3</ele>
    </trkpt>
    <trkpt lat="46.568999471" lon="6.683751425">
      <ele>859.3</ele>
    </trkpt>
    <trkpt lat="46.568996683" lon="6.683753936">
      <ele>859.3</ele>
    </trkpt>
    <trkpt lat="46.568993939" lon="6.683756372">
      <ele>859.3</ele>
    </trkpt>
    <trkpt lat="46.568991229" lon="6.683758752">
      <ele>859.3</ele>
    </trkpt>
    <trkpt lat="46.568988541" lon="6.683761101">
      <ele>859.3</ele>
    </trkpt>
    <trkpt lat="46.568985856" lon="6.683763448">
      <ele>859.3</ele>
    </trkpt>
    <trkpt lat="46.568983155" lon="6.683765823">
      <ele>859.3</ele>
    </trkpt>
    <trkpt lat="46.568980422" lon="6.683768245">
      <ele>859.3</ele>
    </trkpt>
    <trkpt lat="46.568977649" lon="6.683770727">
      <ele>859.3</ele>
    </trkpt>
    <trkpt lat="46.568974829" lon="6.683773270">
      <ele>859.2</ele>
    </trkpt>
    <trkpt lat="46.568971961" lon="6.683775877">
      <ele>859.2</ele>
    </trkpt>
    <trkpt lat="46.568969051" lon="6.683778541">
      <ele>859.2</ele>
    </trkpt>
    <trkpt lat="46.568966105" lon="6.683781256">
      <ele>859.2</ele>
    </trkpt>
    <trkpt lat="46.568963133" lon="6.683784015">
      <ele>859.2</ele>
    </trkpt>
    <trkpt lat="46.568960142" lon="6.683786816">
      <ele>859.2</ele>
    </trkpt>
    <trkpt lat="46.568957145" lon="6.683789653">
      <ele>859.2</ele>
    </trkpt>
    <trkpt lat="46.568954151" lon="6.683792523">
      <ele>859.2</ele>
    </trkpt>
    <trkpt lat="46.568951165" lon="6.683795420">
      <ele>859.2</ele>
    </trkpt>
    <trkpt lat="46.568948193" lon="6.683798341">
      <ele>859.3</ele>
    </trkpt>
    <trkpt lat="46.568945235" lon="6.683801279">
      <ele>859.3</ele>
    </trkpt>
    <trkpt lat="46.568942291" lon="6.683804231">
      <ele>859.3</ele>
    </trkpt>
    <trkpt lat="46.568939358" lon="6.683807194">
      <ele>859.3</ele>
    </trkpt>
    <trkpt lat="46.568936434" lon="6.683810170">
      <ele>859.4</ele>
    </trkpt>
    <trkpt lat="46.568933518" lon="6.683813159">
      <ele>859.4</ele>
    </trkpt>
    <trkpt lat="46.568930611" lon="6.683816163">
      <ele>859.4</ele>
    </trkpt>
    <trkpt lat="46.568927711" lon="6.683819186">
      <ele>859.5</ele>
    </trkpt>
    <trkpt lat="46.568924819" lon="6.683822227">
      <ele>859.5</ele>
    </trkpt>
    <trkpt lat="46.568921936" lon="6.683825286">
      <ele>859.6</ele>
    </trkpt>
    <trkpt lat="46.568919059" lon="6.683828362">
      <ele>859.6</ele>
    </trkpt>
    <trkpt lat="46.568916188" lon="6.683831451">
      <ele>859.6</ele>
    </trkpt>
    <trkpt lat="46.568913316" lon="6.683834552">
      <ele>859.7</ele>
    </trkpt>
    <trkpt lat="46.568910443" lon="6.683837664">
      <ele>859.8</ele>
    </trkpt>
    <trkpt lat="46.568907568" lon="6.683840786">
      <ele>859.8</ele>
    </trkpt>
    <trkpt lat="46.568904692" lon="6.683843919">
      <ele>859.9</ele>
    </trkpt>
    <trkpt lat="46.568901818" lon="6.683847065">
      <ele>860.0</ele>
    </trkpt>
    <trkpt lat="46.568898952" lon="6.683850226">
      <ele>860.0</ele>
    </trkpt>
    <trkpt lat="46.568896098" lon="6.683853404">
      <ele>860.1</ele>
    </trkpt>
    <trkpt lat="46.568893261" lon="6.683856597">
      <ele>860.1</ele>
    </trkpt>
    <trkpt lat="46.568890444" lon="6.683859802">
      <ele>860.2</ele>
    </trkpt>
    <trkpt lat="46.568887646" lon="6.683863012">
      <ele>860.2</ele>
    </trkpt>
    <trkpt lat="46.568884868" lon="6.683866225">
      <ele>860.2</ele>
    </trkpt>
    <trkpt lat="46.568882107" lon="6.683869434">
      <ele>860.3</ele>
    </trkpt>
    <trkpt lat="46.568879360" lon="6.683872639">
      <ele>860.3</ele>
    </trkpt>
    <trkpt lat="46.568876627" lon="6.683875840">
      <ele>860.3</ele>
    </trkpt>
    <trkpt lat="46.568873901" lon="6.683879041">
      <ele>860.3</ele>
    </trkpt>
    <trkpt lat="46.568871180" lon="6.683882249">
      <ele>860.3</ele>
    </trkpt>
    <trkpt lat="46.568868461" lon="6.683885470">
      <ele>860.3</ele>
    </trkpt>
    <trkpt lat="46.568865738" lon="6.683888710">
      <ele>860.3</ele>
    </trkpt>
    <trkpt lat="46.568863011" lon="6.683891975">
      <ele>860.4</ele>
    </trkpt>
    <trkpt lat="46.568860281" lon="6.683895267">
      <ele>860.4</ele>
    </trkpt>
    <trkpt lat="46.568857551" lon="6.683898594">
      <ele>860.4</ele>
    </trkpt>
    <trkpt lat="46.568854830" lon="6.683901962">
      <ele>860.5</ele>
    </trkpt>
    <trkpt lat="46.568852128" lon="6.683905377">
      <ele>860.6</ele>
    </trkpt>
    <trkpt lat="46.568849458" lon="6.683908845">
      <ele>860.7</ele>
    </trkpt>
    <trkpt lat="46.568846829" lon="6.683912373">
      <ele>860.8</ele>
    </trkpt>
    <trkpt lat="46.568844251" lon="6.683915963">
      <ele>860.8</ele>
    </trkpt>
    <trkpt lat="46.568841728" lon="6.683919615">
      <ele>860.9</ele>
    </trkpt>
    <trkpt lat="46.568839258" lon="6.683923323">
      <ele>861.0</ele>
    </trkpt>
    <trkpt lat="46.568836837" lon="6.683927077">
      <ele>861.1</ele>
    </trkpt>
    <trkpt lat="46.568834457" lon="6.683930860">
      <ele>861.1</ele>
    </trkpt>
    <trkpt lat="46.568832104" lon="6.683934654">
      <ele>861.2</ele>
    </trkpt>
    <trkpt lat="46.568829767" lon="6.683938437">
      <ele>861.2</ele>
    </trkpt>
    <trkpt lat="46.568827434" lon="6.683942191">
      <ele>861.2</ele>
    </trkpt>
    <trkpt lat="46.568825096" lon="6.683945903">
      <ele>861.3</ele>
    </trkpt>
    <trkpt lat="46.568822746" lon="6.683949563">
      <ele>861.3</ele>
    </trkpt>
    <trkpt lat="46.568820378" lon="6.683953178">
      <ele>861.3</ele>
    </trkpt>
    <trkpt lat="46.568817988" lon="6.683956755">
      <ele>861.3</ele>
    </trkpt>
    <trkpt lat="46.568815578" lon="6.683960309">
      <ele>861.3</ele>
    </trkpt>
    <trkpt lat="46.568813147" lon="6.683963852">
      <ele>861.4</ele>
    </trkpt>
    <trkpt lat="46.568810696" lon="6.683967395">
      <ele>861.4</ele>
    </trkpt>
    <trkpt lat="46.568808228" lon="6.683970943">
      <ele>861.4</ele>
    </trkpt>
    <trkpt lat="46.568805743" lon="6.683974497">
      <ele>861.5</ele>
    </trkpt>
    <trkpt lat="46.568803249" lon="6.683978046">
      <ele>861.5</ele>
    </trkpt>
    <trkpt lat="46.568800744" lon="6.683981591">
      <ele>861.5</ele>
    </trkpt>
    <trkpt lat="46.568798233" lon="6.683985124">
      <ele>861.5</ele>
    </trkpt>
    <trkpt lat="46.568795717" lon="6.683988642">
      <ele>861.5</ele>
    </trkpt>
    <trkpt lat="46.568793200" lon="6.683992143">
      <ele>861.5</ele>
    </trkpt>
    <trkpt lat="46.568790683" lon="6.683995630">
      <ele>861.5</ele>
    </trkpt>
    <trkpt lat="46.568788160" lon="6.683999101">
      <ele>861.5</ele>
    </trkpt>
    <trkpt lat="46.568785629" lon="6.684002551">
      <ele>861.4</ele>
    </trkpt>
    <trkpt lat="46.568783081" lon="6.684005974">
      <ele>861.4</ele>
    </trkpt>
    <trkpt lat="46.568780509" lon="6.684009363">
      <ele>861.4</ele>
    </trkpt>
    <trkpt lat="46.568777902" lon="6.684012708">
      <ele>861.3</ele>
    </trkpt>
    <trkpt lat="46.568775254" lon="6.684015996">
      <ele>861.3</ele>
    </trkpt>
    <trkpt lat="46.568772562" lon="6.684019217">
      <ele>861.3</ele>
    </trkpt>
    <trkpt lat="46.568769825" lon="6.684022361">
      <ele>861.2</ele>
    </trkpt>
    <trkpt lat="46.568767046" lon="6.684025424">
      <ele>861.2</ele>
    </trkpt>
    <trkpt lat="46.568764230" lon="6.684028404">
      <ele>861.1</ele>
    </trkpt>
    <trkpt lat="46.568761382" lon="6.684031302">
      <ele>861.0</ele>
    </trkpt>
    <trkpt lat="46.568758506" lon="6.684034119">
      <ele>860.9</ele>
    </trkpt>
    <trkpt lat="46.568755604" lon="6.684036856">
      <ele>860.8</ele>
    </trkpt>
    <trkpt lat="46.568752676" lon="6.684039513">
      <ele>860.7</ele>
    </trkpt>
    <trkpt lat="46.568749718" lon="6.684042089">
      <ele>860.6</ele>
    </trkpt>
    <trkpt lat="46.568746731" lon="6.684044579">
      <ele>860.5</ele>
    </trkpt>
    <trkpt lat="46.568743714" lon="6.684046981">
      <ele>860.5</ele>
    </trkpt>
    <trkpt lat="46.568740664" lon="6.684049300">
      <ele>860.4</ele>
    </trkpt>
    <trkpt lat="46.568737584" lon="6.684051545">
      <ele>860.4</ele>
    </trkpt>
    <trkpt lat="46.568734475" lon="6.684053733">
      <ele>860.4</ele>
    </trkpt>
    <trkpt lat="46.568731344" lon="6.684055877">
      <ele>860.4</ele>
    </trkpt>
    <trkpt lat="46.568728191" lon="6.684057998">
      <ele>860.4</ele>
    </trkpt>
    <trkpt lat="46.568725026" lon="6.684060104">
      <ele>860.4</ele>
    </trkpt>
    <trkpt lat="46.568721850" lon="6.684062204">
      <ele>860.3</ele>
    </trkpt>
    <trkpt lat="46.568718662" lon="6.684064293">
      <ele>860.3</ele>
    </trkpt>
    <trkpt lat="46.568715464" lon="6.684066362">
      <ele>860.3</ele>
    </trkpt>
    <trkpt lat="46.568712250" lon="6.684068405">
      <ele>860.3</ele>
    </trkpt>
    <trkpt lat="46.568709015" lon="6.684070406">
      <ele>860.2</ele>
    </trkpt>
    <trkpt lat="46.568705752" lon="6.684072355">
      <ele>860.2</ele>
    </trkpt>
    <trkpt lat="46.568702459" lon="6.684074242">
      <ele>860.2</ele>
    </trkpt>
    <trkpt lat="46.568699136" lon="6.684076059">
      <ele>860.2</ele>
    </trkpt>
    <trkpt lat="46.568695787" lon="6.684077799">
      <ele>860.3</ele>
    </trkpt>
    <trkpt lat="46.568692422" lon="6.684079456">
      <ele>860.3</ele>
    </trkpt>
    <trkpt lat="46.568689049" lon="6.684081028">
      <ele>860.4</ele>
    </trkpt>
    <trkpt lat="46.568685671" lon="6.684082519">
      <ele>860.5</ele>
    </trkpt>
    <trkpt lat="46.568682300" lon="6.684083937">
      <ele>860.6</ele>
    </trkpt>
    <trkpt lat="46.568678940" lon="6.684085292">
      <ele>860.7</ele>
    </trkpt>
    <trkpt lat="46.568675594" lon="6.684086603">
      <ele>860.8</ele>
    </trkpt>
    <trkpt lat="46.568672260" lon="6.684087884">
      <ele>860.9</ele>
    </trkpt>
    <trkpt lat="46.568668933" lon="6.684089153">
      <ele>861.1</ele>
    </trkpt>
    <trkpt lat="46.568665604" lon="6.684090422">
      <ele>861.2</ele>
    </trkpt>
    <trkpt lat="46.568662267" lon="6.684091698">
      <ele>861.4</ele>
    </trkpt>
    <trkpt lat="46.568658916" lon="6.684092989">
      <ele>861.6</ele>
    </trkpt>
    <trkpt lat="46.568655551" lon="6.684094295">
      <ele>861.8</ele>
    </trkpt>
    <trkpt lat="46.568652176" lon="6.684095619">
      <ele>862.1</ele>
    </trkpt>
    <trkpt lat="46.568648803" lon="6.684096959">
      <ele>862.4</ele>
    </trkpt>
    <trkpt lat="46.568645446" lon="6.684098312">
      <ele>862.7</ele>
    </trkpt>
    <trkpt lat="46.568642115" lon="6.684099672">
      <ele>862.9</ele>
    </trkpt>
    <trkpt lat="46.568638820" lon="6.684101030">
      <ele>863.2</ele>
    </trkpt>
    <trkpt lat="46.568635556" lon="6.684102378">
      <ele>863.4</ele>
    </trkpt>
    <trkpt lat="46.568632312" lon="6.684103705">
      <ele>863.7</ele>
    </trkpt>
    <trkpt lat="46.568629069" lon="6.684105003">
      <ele>863.8</ele>
    </trkpt>
    <trkpt lat="46.568625805" lon="6.684106271">
      <ele>864.0</ele>
    </trkpt>
    <trkpt lat="46.568622504" lon="6.684107508">
      <ele>864.1</ele>
    </trkpt>
    <trkpt lat="46.568619155" lon="6.684108717">
      <ele>864.2</ele>
    </trkpt>
    <trkpt lat="46.568615756" lon="6.684109902">
      <ele>864.2</ele>
    </trkpt>
    <trkpt lat="46.568612313" lon="6.684111066">
      <ele>864.3</ele>
    </trkpt>
    <trkpt lat="46.568608840" lon="6.684112212">
      <ele>864.3</ele>
    </trkpt>
    <trkpt lat="46.568605355" lon="6.684113338">
      <ele>864.2</ele>
    </trkpt>
    <trkpt lat="46.568601878" lon="6.684114443">
      <ele>864.2</ele>
    </trkpt>
    <trkpt lat="46.568598417" lon="6.684115531">
      <ele>864.1</ele>
    </trkpt>
    <trkpt lat="46.568594983" lon="6.684116608">
      <ele>864.1</ele>
    </trkpt>
    <trkpt lat="46.568591583" lon="6.684117682">
      <ele>864.1</ele>
    </trkpt>
    <trkpt lat="46.568588214" lon="6.684118771">
      <ele>864.0</ele>
    </trkpt>
    <trkpt lat="46.568584872" lon="6.684119891">
      <ele>864.0</ele>
    </trkpt>
    <trkpt lat="46.568581552" lon="6.684121061">
      <ele>864.0</ele>
    </trkpt>
    <trkpt lat="46.568578248" lon="6.684122301">
      <ele>863.9</ele>
    </trkpt>
    <trkpt lat="46.568574956" lon="6.684123627">
      <ele>863.9</ele>
    </trkpt>
    <trkpt lat="46.568571674" lon="6.684125053">
      <ele>863.9</ele>
    </trkpt>
    <trkpt lat="46.568568405" lon="6.684126588">
      <ele>863.9</ele>
    </trkpt>
    <trkpt lat="46.568565152" lon="6.684128241">
      <ele>863.9</ele>
    </trkpt>
    <trkpt lat="46.568561917" lon="6.684130014">
      <ele>863.9</ele>
    </trkpt>
    <trkpt lat="46.568558704" lon="6.684131907">
      <ele>863.9</ele>
    </trkpt>
    <trkpt lat="46.568555515" lon="6.684133914">
      <ele>863.9</ele>
    </trkpt>
    <trkpt lat="46.568552351" lon="6.684136025">
      <ele>863.9</ele>
    </trkpt>
    <trkpt lat="46.568549211" lon="6.684138226">
      <ele>863.9</ele>
    </trkpt>
    <trkpt lat="46.568546093" lon="6.684140509">
      <ele>863.8</ele>
    </trkpt>
    <trkpt lat="46.568542996" lon="6.684142858">
      <ele>863.8</ele>
    </trkpt>
    <trkpt lat="46.568539918" lon="6.684145261">
      <ele>863.8</ele>
    </trkpt>
    <trkpt lat="46.568536859" lon="6.684147712">
      <ele>863.9</ele>
    </trkpt>
    <trkpt lat="46.568533820" lon="6.684150205">
      <ele>863.9</ele>
    </trkpt>
    <trkpt lat="46.568530804" lon="6.684152740">
      <ele>863.9</ele>
    </trkpt>
    <trkpt lat="46.568527810" lon="6.684155317">
      <ele>864.0</ele>
    </trkpt>
    <trkpt lat="46.568524839" lon="6.684157941">
      <ele>864.0</ele>
    </trkpt>
    <trkpt lat="46.568521886" lon="6.684160619">
      <ele>864.1</ele>
    </trkpt>
    <trkpt lat="46.568518946" lon="6.684163353">
      <ele>864.1</ele>
    </trkpt>
    <trkpt lat="46.568516014" lon="6.684166146">
      <ele>864.2</ele>
    </trkpt>
    <trkpt lat="46.568513081" lon="6.684168998">
      <ele>864.2</ele>
    </trkpt>
    <trkpt lat="46.568510142" lon="6.684171903">
      <ele>864.3</ele>
    </trkpt>
    <trkpt lat="46.568507197" lon="6.684174852">
      <ele>864.3</ele>
    </trkpt>
    <trkpt lat="46.568504245" lon="6.684177835">
      <ele>864.3</ele>
    </trkpt>
    <trkpt lat="46.568501287" lon="6.684180838">
      <ele>864.4</ele>
    </trkpt>
    <trkpt lat="46.568498328" lon="6.684183847">
      <ele>864.4</ele>
    </trkpt>
    <trkpt lat="46.568495367" lon="6.684186857">
      <ele>864.4</ele>
    </trkpt>
    <trkpt lat="46.568492404" lon="6.684189853">
      <ele>864.4</ele>
    </trkpt>
    <trkpt lat="46.568489438" lon="6.684192828">
      <ele>864.4</ele>
    </trkpt>
    <trkpt lat="46.568486466" lon="6.684195769">
      <ele>864.4</ele>
    </trkpt>
    <trkpt lat="46.568483485" lon="6.684198666">
      <ele>864.4</ele>
    </trkpt>
    <trkpt lat="46.568480490" lon="6.684201505">
      <ele>864.4</ele>
    </trkpt>
    <trkpt lat="46.568477477" lon="6.684204271">
      <ele>864.5</ele>
    </trkpt>
    <trkpt lat="46.568474443" lon="6.684206952">
      <ele>864.5</ele>
    </trkpt>
    <trkpt lat="46.568471388" lon="6.684209532">
      <ele>864.5</ele>
    </trkpt>
    <trkpt lat="46.568468312" lon="6.684212009">
      <ele>864.5</ele>
    </trkpt>
    <trkpt lat="46.568465223" lon="6.684214375">
      <ele>864.5</ele>
    </trkpt>
    <trkpt lat="46.568462127" lon="6.684216632">
      <ele>864.5</ele>
    </trkpt>
    <trkpt lat="46.568459044" lon="6.684218784">
      <ele>864.6</ele>
    </trkpt>
    <trkpt lat="46.568455983" lon="6.684220843">
      <ele>864.6</ele>
    </trkpt>
    <trkpt lat="46.568452962" lon="6.684222824">
      <ele>864.6</ele>
    </trkpt>
    <trkpt lat="46.568449988" lon="6.684224748">
      <ele>864.6</ele>
    </trkpt>
    <trkpt lat="46.568447056" lon="6.684226639">
      <ele>864.6</ele>
    </trkpt>
    <trkpt lat="46.568444157" lon="6.684228523">
      <ele>864.6</ele>
    </trkpt>
    <trkpt lat="46.568441269" lon="6.684230422">
      <ele>864.6</ele>
    </trkpt>
    <trkpt lat="46.568438373" lon="6.684232351">
      <ele>864.6</ele>
    </trkpt>
    <trkpt lat="46.568435451" lon="6.684234316">
      <ele>864.6</ele>
    </trkpt>
    <trkpt lat="46.568432485" lon="6.684236324">
      <ele>864.6</ele>
    </trkpt>
    <trkpt lat="46.568429475" lon="6.684238365">
      <ele>864.6</ele>
    </trkpt>
    <trkpt lat="46.568426425" lon="6.684240432">
      <ele>864.6</ele>
    </trkpt>
    <trkpt lat="46.568423351" lon="6.684242513">
      <ele>864.6</ele>
    </trkpt>
    <trkpt lat="46.568420274" lon="6.684244598">
      <ele>864.6</ele>
    </trkpt>
    <trkpt lat="46.568417216" lon="6.684246685">
      <ele>864.6</ele>
    </trkpt>
    <trkpt lat="46.568414196" lon="6.684248766">
      <ele>864.6</ele>
    </trkpt>
    <trkpt lat="46.568411231" lon="6.684250839">
      <ele>864.6</ele>
    </trkpt>
    <trkpt lat="46.568408327" lon="6.684252900">
      <ele>864.5</ele>
    </trkpt>
    <trkpt lat="46.568405479" lon="6.684254945">
      <ele>864.5</ele>
    </trkpt>
    <trkpt lat="46.568402674" lon="6.684256966">
      <ele>864.5</ele>
    </trkpt>
    <trkpt lat="46.568399889" lon="6.684258953">
      <ele>864.4</ele>
    </trkpt>
    <trkpt lat="46.568397099" lon="6.684260898">
      <ele>864.4</ele>
    </trkpt>
    <trkpt lat="46.568394275" lon="6.684262790">
      <ele>864.3</ele>
    </trkpt>
    <trkpt lat="46.568391395" lon="6.684264621">
      <ele>864.3</ele>
    </trkpt>
    <trkpt lat="46.568388443" lon="6.684266383">
      <ele>864.2</ele>
    </trkpt>
    <trkpt lat="46.568385410" lon="6.684268075">
      <ele>864.2</ele>
    </trkpt>
    <trkpt lat="46.568382298" lon="6.684269694">
      <ele>864.1</ele>
    </trkpt>
    <trkpt lat="46.568379111" lon="6.684271245">
      <ele>864.1</ele>
    </trkpt>
    <trkpt lat="46.568375860" lon="6.684272731">
      <ele>864.1</ele>
    </trkpt>
    <trkpt lat="46.568372560" lon="6.684274157">
      <ele>864.1</ele>
    </trkpt>
    <trkpt lat="46.568369217" lon="6.684275532">
      <ele>864.1</ele>
    </trkpt>
    <trkpt lat="46.568365845" lon="6.684276859">
      <ele>864.1</ele>
    </trkpt>
    <trkpt lat="46.568362452" lon="6.684278142">
      <ele>864.1</ele>
    </trkpt>
    <trkpt lat="46.568359045" lon="6.684279383">
      <ele>864.2</ele>
    </trkpt>
    <trkpt lat="46.568355634" lon="6.684280578">
      <ele>864.2</ele>
    </trkpt>
    <trkpt lat="46.568352219" lon="6.684281729">
      <ele>864.2</ele>
    </trkpt>
    <trkpt lat="46.568348800" lon="6.684282832">
      <ele>864.3</ele>
    </trkpt>
    <trkpt lat="46.568345377" lon="6.684283888">
      <ele>864.3</ele>
    </trkpt>
    <trkpt lat="46.568341946" lon="6.684284895">
      <ele>864.3</ele>
    </trkpt>
    <trkpt lat="46.568338501" lon="6.684285857">
      <ele>864.4</ele>
    </trkpt>
    <trkpt lat="46.568335039" lon="6.684286776">
      <ele>864.4</ele>
    </trkpt>
    <trkpt lat="46.568331560" lon="6.684287655">
      <ele>864.4</ele>
    </trkpt>
    <trkpt lat="46.568328064" lon="6.684288499">
      <ele>864.4</ele>
    </trkpt>
    <trkpt lat="46.568324556" lon="6.684289313">
      <ele>864.4</ele>
    </trkpt>
    <trkpt lat="46.568321040" lon="6.684290100">
      <ele>864.4</ele>
    </trkpt>
    <trkpt lat="46.568317521" lon="6.684290867">
      <ele>864.5</ele>
    </trkpt>
    <trkpt lat="46.568314007" lon="6.684291618">
      <ele>864.5</ele>
    </trkpt>
    <trkpt lat="46.568310500" lon="6.684292360">
      <ele>864.5</ele>
    </trkpt>
    <trkpt lat="46.568306996" lon="6.684293101">
      <ele>864.5</ele>
    </trkpt>
    <trkpt lat="46.568303493" lon="6.684293843">
      <ele>864.5</ele>
    </trkpt>
    <trkpt lat="46.568299985" lon="6.684294587">
      <ele>864.6</ele>
    </trkpt>
    <trkpt lat="46.568296466" lon="6.684295328">
      <ele>864.6</ele>
    </trkpt>
    <trkpt lat="46.568292928" lon="6.684296059">
      <ele>864.7</ele>
    </trkpt>
    <trkpt lat="46.568289369" lon="6.684296773">
      <ele>864.8</ele>
    </trkpt>
    <trkpt lat="46.568285789" lon="6.684297460">
      <ele>864.8</ele>
    </trkpt>
    <trkpt lat="46.568282194" lon="6.684298115">
      <ele>864.9</ele>
    </trkpt>
    <trkpt lat="46.568278593" lon="6.684298739">
      <ele>865.0</ele>
    </trkpt>
    <trkpt lat="46.568274994" lon="6.684299340">
      <ele>865.1</ele>
    </trkpt>
    <trkpt lat="46.568271413" lon="6.684299931">
      <ele>865.1</ele>
    </trkpt>
    <trkpt lat="46.568267855" lon="6.684300536">
      <ele>865.2</ele>
    </trkpt>
    <trkpt lat="46.568264331" lon="6.684301176">
      <ele>865.2</ele>
    </trkpt>
    <trkpt lat="46.568260845" lon="6.684301870">
      <ele>865.2</ele>
    </trkpt>
    <trkpt lat="46.568257397" lon="6.684302637">
      <ele>865.2</ele>
    </trkpt>
    <trkpt lat="46.568253990" lon="6.684303485">
      <ele>865.2</ele>
    </trkpt>
    <trkpt lat="46.568250617" lon="6.684304415">
      <ele>865.2</ele>
    </trkpt>
    <trkpt lat="46.568247277" lon="6.684305418">
      <ele>865.1</ele>
    </trkpt>
    <trkpt lat="46.568243962" lon="6.684306478">
      <ele>865.1</ele>
    </trkpt>
    <trkpt lat="46.568240665" lon="6.684307575">
      <ele>865.0</ele>
    </trkpt>
    <trkpt lat="46.568237378" lon="6.684308687">
      <ele>865.0</ele>
    </trkpt>
    <trkpt lat="46.568234100" lon="6.684309792">
      <ele>865.0</ele>
    </trkpt>
    <trkpt lat="46.568230828" lon="6.684310871">
      <ele>864.9</ele>
    </trkpt>
    <trkpt lat="46.568227558" lon="6.684311910">
      <ele>864.9</ele>
    </trkpt>
    <trkpt lat="46.568224294" lon="6.684312899">
      <ele>864.8</ele>
    </trkpt>
    <trkpt lat="46.568221038" lon="6.684313834">
      <ele>864.8</ele>
    </trkpt>
    <trkpt lat="46.568217791" lon="6.684314715">
      <ele>864.7</ele>
    </trkpt>
    <trkpt lat="46.568214551" lon="6.684315546">
      <ele>864.7</ele>
    </trkpt>
    <trkpt lat="46.568211312" lon="6.684316334">
      <ele>864.6</ele>
    </trkpt>
    <trkpt lat="46.568208066" lon="6.684317089">
      <ele>864.5</ele>
    </trkpt>
    <trkpt lat="46.568204802" lon="6.684317814">
      <ele>864.5</ele>
    </trkpt>
    <trkpt lat="46.568201502" lon="6.684318504">
      <ele>864.4</ele>
    </trkpt>
    <trkpt lat="46.568198150" lon="6.684319152">
      <ele>864.4</ele>
    </trkpt>
    <trkpt lat="46.568194731" lon="6.684319741">
      <ele>864.4</ele>
    </trkpt>
    <trkpt lat="46.568191238" lon="6.684320239">
      <ele>864.3</ele>
    </trkpt>
    <trkpt lat="46.568187670" lon="6.684320608">
      <ele>864.3</ele>
    </trkpt>
    <trkpt lat="46.568184040" lon="6.684320805">
      <ele>864.3</ele>
    </trkpt>
    <trkpt lat="46.568180367" lon="6.684320791">
      <ele>864.3</ele>
    </trkpt>
    <trkpt lat="46.568176679" lon="6.684320534">
      <ele>864.4</ele>
    </trkpt>
    <trkpt lat="46.568173004" lon="6.684320018">
      <ele>864.4</ele>
    </trkpt>
    <trkpt lat="46.568169371" lon="6.684319248">
      <ele>864.5</ele>
    </trkpt>
    <trkpt lat="46.568165793" lon="6.684318247">
      <ele>864.6</ele>
    </trkpt>
    <trkpt lat="46.568162277" lon="6.684317057">
      <ele>864.8</ele>
    </trkpt>
    <trkpt lat="46.568158824" lon="6.684315730">
      <ele>864.9</ele>
    </trkpt>
    <trkpt lat="46.568155422" lon="6.684314319">
      <ele>865.0</ele>
    </trkpt>
    <trkpt lat="46.568152063" lon="6.684312880">
      <ele>865.2</ele>
    </trkpt>
    <trkpt lat="46.568148733" lon="6.684311456">
      <ele>865.3</ele>
    </trkpt>
    <trkpt lat="46.568145425" lon="6.684310083">
      <ele>865.4</ele>
    </trkpt>
    <trkpt lat="46.568142136" lon="6.684308782">
      <ele>865.4</ele>
    </trkpt>
    <trkpt lat="46.568138861" lon="6.684307568">
      <ele>865.5</ele>
    </trkpt>
    <trkpt lat="46.568135602" lon="6.684306454">
      <ele>865.5</ele>
    </trkpt>
    <trkpt lat="46.568132358" lon="6.684305450">
      <ele>865.5</ele>
    </trkpt>
    <trkpt lat="46.568129129" lon="6.684304570">
      <ele>865.5</ele>
    </trkpt>
    <trkpt lat="46.568125917" lon="6.684303825">
      <ele>865.5</ele>
    </trkpt>
    <trkpt lat="46.568122717" lon="6.684303228">
      <ele>865.6</ele>
    </trkpt>
    <trkpt lat="46.568119530" lon="6.684302789">
      <ele>865.7</ele>
    </trkpt>
    <trkpt lat="46.568116350" lon="6.684302510">
      <ele>865.8</ele>
    </trkpt>
    <trkpt lat="46.568113168" lon="6.684302376">
      <ele>866.0</ele>
    </trkpt>
    <trkpt lat="46.568109974" lon="6.684302363">
      <ele>866.1</ele>
    </trkpt>
    <trkpt lat="46.568106756" lon="6.684302440">
      <ele>866.3</ele>
    </trkpt>
    <trkpt lat="46.568103505" lon="6.684302570">
      <ele>866.4</ele>
    </trkpt>
    <trkpt lat="46.568100212" lon="6.684302717">
      <ele>866.5</ele>
    </trkpt>
    <trkpt lat="46.568096879" lon="6.684302854">
      <ele>866.5</ele>
    </trkpt>
    <trkpt lat="46.568093514" lon="6.684302968">
      <ele>866.5</ele>
    </trkpt>
    <trkpt lat="46.568090125" lon="6.684303053">
      <ele>866.4</ele>
    </trkpt>
    <trkpt lat="46.568086727" lon="6.684303115">
      <ele>866.3</ele>
    </trkpt>
    <trkpt lat="46.568083337" lon="6.684303165">
      <ele>866.3</ele>
    </trkpt>
    <trkpt lat="46.568079966" lon="6.684303216">
      <ele>866.2</ele>
    </trkpt>
    <trkpt lat="46.568076618" lon="6.684303289">
      <ele>866.1</ele>
    </trkpt>
    <trkpt lat="46.568073292" lon="6.684303393">
      <ele>866.0</ele>
    </trkpt>
    <trkpt lat="46.568069977" lon="6.684303539">
      <ele>865.9</ele>
    </trkpt>
    <trkpt lat="46.568066661" lon="6.684303732">
      <ele>865.8</ele>
    </trkpt>
    <trkpt lat="46.568063329" lon="6.684303993">
      <ele>865.8</ele>
    </trkpt>
    <trkpt lat="46.568059967" lon="6.684304339">
      <ele>865.7</ele>
    </trkpt>
    <trkpt lat="46.568056567" lon="6.684304793">
      <ele>865.5</ele>
    </trkpt>
    <trkpt lat="46.568053130" lon="6.684305361">
      <ele>865.4</ele>
    </trkpt>
    <trkpt lat="46.568049664" lon="6.684306038">
      <ele>865.2</ele>
    </trkpt>
    <trkpt lat="46.568046184" lon="6.684306804">
      <ele>865.0</ele>
    </trkpt>
    <trkpt lat="46.568042705" lon="6.684307625">
      <ele>864.8</ele>
    </trkpt>
    <trkpt lat="46.568039240" lon="6.684308457">
      <ele>864.5</ele>
    </trkpt>
    <trkpt lat="46.568035799" lon="6.684309259">
      <ele>864.3</ele>
    </trkpt>
    <trkpt lat="46.568032381" lon="6.684310006">
      <ele>864.1</ele>
    </trkpt>
    <trkpt lat="46.568028977" lon="6.684310691">
      <ele>864.0</ele>
    </trkpt>
    <trkpt lat="46.568025573" lon="6.684311326">
      <ele>863.8</ele>
    </trkpt>
    <trkpt lat="46.568022155" lon="6.684311934">
      <ele>863.7</ele>
    </trkpt>
    <trkpt lat="46.568018711" lon="6.684312534">
      <ele>863.5</ele>
    </trkpt>
    <trkpt lat="46.568015233" lon="6.684313146">
      <ele>863.4</ele>
    </trkpt>
    <trkpt lat="46.568011720" lon="6.684313760">
      <ele>863.2</ele>
    </trkpt>
    <trkpt lat="46.568008172" lon="6.684314361">
      <ele>863.1</ele>
    </trkpt>
    <trkpt lat="46.568004603" lon="6.684314940">
      <ele>863.0</ele>
    </trkpt>
    <trkpt lat="46.568001017" lon="6.684315499">
      <ele>862.9</ele>
    </trkpt>
    <trkpt lat="46.567997417" lon="6.684316061">
      <ele>862.8</ele>
    </trkpt>
    <trkpt lat="46.567993808" lon="6.684316659">
      <ele>862.7</ele>
    </trkpt>
    <trkpt lat="46.567990193" lon="6.684317332">
      <ele>862.6</ele>
    </trkpt>
    <trkpt lat="46.567986576" lon="6.684318122">
      <ele>862.6</ele>
    </trkpt>
    <trkpt lat="46.567982960" lon="6.684319039">
      <ele>862.5</ele>
    </trkpt>
    <trkpt lat="46.567979351" lon="6.684320074">
      <ele>862.4</ele>
    </trkpt>
    <trkpt lat="46.567975761" lon="6.684321174">
      <ele>862.3</ele>
    </trkpt>
    <trkpt lat="46.567972195" lon="6.684322278">
      <ele>862.2</ele>
    </trkpt>
    <trkpt lat="46.567968659" lon="6.684323311">
      <ele>862.0</ele>
    </trkpt>
    <trkpt lat="46.567965153" lon="6.684324221">
      <ele>861.9</ele>
    </trkpt>
    <trkpt lat="46.567961672" lon="6.684324965">
      <ele>861.8</ele>
    </trkpt>
    <trkpt lat="46.567958208" lon="6.684325531">
      <ele>861.7</ele>
    </trkpt>
    <trkpt lat="46.567954751" lon="6.684325926">
      <ele>861.7</ele>
    </trkpt>
    <trkpt lat="46.567951298" lon="6.684326179">
      <ele>861.6</ele>
    </trkpt>
    <trkpt lat="46.567947842" lon="6.684326324">
      <ele>861.6</ele>
    </trkpt>
    <trkpt lat="46.567944382" lon="6.684326393">
      <ele>861.5</ele>
    </trkpt>
    <trkpt lat="46.567940928" lon="6.684326409">
      <ele>861.5</ele>
    </trkpt>
    <trkpt lat="46.567937479" lon="6.684326387">
      <ele>861.5</ele>
    </trkpt>
    <trkpt lat="46.567934043" lon="6.684326328">
      <ele>861.5</ele>
    </trkpt>
    <trkpt lat="46.567930627" lon="6.684326227">
      <ele>861.5</ele>
    </trkpt>
    <trkpt lat="46.567927235" lon="6.684326070">
      <ele>861.5</ele>
    </trkpt>
    <trkpt lat="46.567923874" lon="6.684325862">
      <ele>861.5</ele>
    </trkpt>
    <trkpt lat="46.567920559" lon="6.684325601">
      <ele>861.6</ele>
    </trkpt>
    <trkpt lat="46.567917297" lon="6.684325293">
      <ele>861.6</ele>
    </trkpt>
    <trkpt lat="46.567914098" lon="6.684324954">
      <ele>861.7</ele>
    </trkpt>
    <trkpt lat="46.567910968" lon="6.684324605">
      <ele>861.7</ele>
    </trkpt>
    <trkpt lat="46.567907896" lon="6.684324270">
      <ele>861.8</ele>
    </trkpt>
    <trkpt lat="46.567904869" lon="6.684323969">
      <ele>861.8</ele>
    </trkpt>
    <trkpt lat="46.567901865" lon="6.684323719">
      <ele>861.9</ele>
    </trkpt>
    <trkpt lat="46.567898859" lon="6.684323520">
      <ele>861.9</ele>
    </trkpt>
    <trkpt lat="46.567895829" lon="6.684323360">
      <ele>861.9</ele>
    </trkpt>
    <trkpt lat="46.567892759" lon="6.684323231">
      <ele>861.9</ele>
    </trkpt>
    <trkpt lat="46.567889642" lon="6.684323106">
      <ele>861.9</ele>
    </trkpt>
    <trkpt lat="46.567886474" lon="6.684322947">
      <ele>861.9</ele>
    </trkpt>
    <trkpt lat="46.567883251" lon="6.684322708">
      <ele>862.0</ele>
    </trkpt>
    <trkpt lat="46.567879972" lon="6.684322329">
      <ele>862.0</ele>
    </trkpt>
    <trkpt lat="46.567876631" lon="6.684321754">
      <ele>862.1</ele>
    </trkpt>
    <trkpt lat="46.567873225" lon="6.684320928">
      <ele>862.2</ele>
    </trkpt>
    <trkpt lat="46.567869749" lon="6.684319824">
      <ele>862.4</ele>
    </trkpt>
    <trkpt lat="46.567866209" lon="6.684318450">
      <ele>862.7</ele>
    </trkpt>
    <trkpt lat="46.567862613" lon="6.684316858">
      <ele>863.0</ele>
    </trkpt>
    <trkpt lat="46.567858973" lon="6.684315144">
      <ele>863.3</ele>
    </trkpt>
    <trkpt lat="46.567855308" lon="6.684313436">
      <ele>863.6</ele>
    </trkpt>
    <trkpt lat="46.567851635" lon="6.684311870">
      <ele>863.9</ele>
    </trkpt>
    <trkpt lat="46.567847970" lon="6.684310567">
      <ele>864.2</ele>
    </trkpt>
    <trkpt lat="46.567844326" lon="6.684309608">
      <ele>864.4</ele>
    </trkpt>
    <trkpt lat="46.567840709" lon="6.684309030">
      <ele>864.6</ele>
    </trkpt>
    <trkpt lat="46.567837124" lon="6.684308825">
      <ele>864.8</ele>
    </trkpt>
    <trkpt lat="46.567833578" lon="6.684308954">
      <ele>864.9</ele>
    </trkpt>
    <trkpt lat="46.567830074" lon="6.684309361">
      <ele>865.0</ele>
    </trkpt>
    <trkpt lat="46.567826612" lon="6.684309991">
      <ele>865.1</ele>
    </trkpt>
    <trkpt lat="46.567823188" lon="6.684310797">
      <ele>865.1</ele>
    </trkpt>
    <trkpt lat="46.567819797" lon="6.684311747">
      <ele>865.2</ele>
    </trkpt>
    <trkpt lat="46.567816429" lon="6.684312825">
      <ele>865.2</ele>
    </trkpt>
    <trkpt lat="46.567813075" lon="6.684314027">
      <ele>865.3</ele>
    </trkpt>
    <trkpt lat="46.567809729" lon="6.684315349">
      <ele>865.3</ele>
    </trkpt>
    <trkpt lat="46.567806385" lon="6.684316774">
      <ele>865.3</ele>
    </trkpt>
    <trkpt lat="46.567803044" lon="6.684318292">
      <ele>865.3</ele>
    </trkpt>
    <trkpt lat="46.567799708" lon="6.684319886">
      <ele>865.4</ele>
    </trkpt>
    <trkpt lat="46.567796385" lon="6.684321534">
      <ele>865.4</ele>
    </trkpt>
    <trkpt lat="46.567793076" lon="6.684323209">
      <ele>865.4</ele>
    </trkpt>
    <trkpt lat="46.567789783" lon="6.684324888">
      <ele>865.4</ele>
    </trkpt>
    <trkpt lat="46.567786507" lon="6.684326555">
      <ele>865.5</ele>
    </trkpt>
    <trkpt lat="46.567783245" lon="6.684328200">
      <ele>865.5</ele>
    </trkpt>
    <trkpt lat="46.567779994" lon="6.684329829">
      <ele>865.6</ele>
    </trkpt>
    <trkpt lat="46.567776751" lon="6.684331453">
      <ele>865.6</ele>
    </trkpt>
    <trkpt lat="46.567773516" lon="6.684333089">
      <ele>865.7</ele>
    </trkpt>
    <trkpt lat="46.567770287" lon="6.684334757">
      <ele>865.7</ele>
    </trkpt>
    <trkpt lat="46.567767062" lon="6.684336484">
      <ele>865.7</ele>
    </trkpt>
    <trkpt lat="46.567763845" lon="6.684338279">
      <ele>865.7</ele>
    </trkpt>
    <trkpt lat="46.567760634" lon="6.684340155">
      <ele>865.7</ele>
    </trkpt>
    <trkpt lat="46.567757434" lon="6.684342117">
      <ele>865.7</ele>
    </trkpt>
    <trkpt lat="46.567754249" lon="6.684344174">
      <ele>865.7</ele>
    </trkpt>
    <trkpt lat="46.567751079" lon="6.684346342">
      <ele>865.6</ele>
    </trkpt>
    <trkpt lat="46.567747934" lon="6.684348638">
      <ele>865.6</ele>
    </trkpt>
    <trkpt lat="46.567744814" lon="6.684351087">
      <ele>865.5</ele>
    </trkpt>
    <trkpt lat="46.567741727" lon="6.684353704">
      <ele>865.4</ele>
    </trkpt>
    <trkpt lat="46.567738670" lon="6.684356497">
      <ele>865.3</ele>
    </trkpt>
    <trkpt lat="46.567735645" lon="6.684359446">
      <ele>865.2</ele>
    </trkpt>
    <trkpt lat="46.567732648" lon="6.684362515">
      <ele>865.1</ele>
    </trkpt>
    <trkpt lat="46.567729670" lon="6.684365646">
      <ele>864.9</ele>
    </trkpt>
    <trkpt lat="46.567726697" lon="6.684368771">
      <ele>864.8</ele>
    </trkpt>
    <trkpt lat="46.567723718" lon="6.684371821">
      <ele>864.7</ele>
    </trkpt>
    <trkpt lat="46.567720716" lon="6.684374743">
      <ele>864.5</ele>
    </trkpt>
    <trkpt lat="46.567717676" lon="6.684377498">
      <ele>864.4</ele>
    </trkpt>
    <trkpt lat="46.567714590" lon="6.684380067">
      <ele>864.4</ele>
    </trkpt>
    <trkpt lat="46.567711454" lon="6.684382443">
      <ele>864.3</ele>
    </trkpt>
    <trkpt lat="46.567708261" lon="6.684384633">
      <ele>864.2</ele>
    </trkpt>
    <trkpt lat="46.567705023" lon="6.684386644">
      <ele>864.2</ele>
    </trkpt>
    <trkpt lat="46.567701748" lon="6.684388485">
      <ele>864.2</ele>
    </trkpt>
    <trkpt lat="46.567698452" lon="6.684390168">
      <ele>864.2</ele>
    </trkpt>
    <trkpt lat="46.567695143" lon="6.684391710">
      <ele>864.2</ele>
    </trkpt>
    <trkpt lat="46.567691829" lon="6.684393132">
      <ele>864.2</ele>
    </trkpt>
    <trkpt lat="46.567688523" lon="6.684394452">
      <ele>864.3</ele>
    </trkpt>
    <trkpt lat="46.567685230" lon="6.684395704">
      <ele>864.3</ele>
    </trkpt>
    <trkpt lat="46.567681960" lon="6.684396908">
      <ele>864.4</ele>
    </trkpt>
    <trkpt lat="46.567678722" lon="6.684398078">
      <ele>864.4</ele>
    </trkpt>
    <trkpt lat="46.567675524" lon="6.684399219">
      <ele>864.5</ele>
    </trkpt>
    <trkpt lat="46.567672377" lon="6.684400326">
      <ele>864.6</ele>
    </trkpt>
    <trkpt lat="46.567669280" lon="6.684401392">
      <ele>864.6</ele>
    </trkpt>
    <trkpt lat="46.567666233" lon="6.684402405">
      <ele>864.6</ele>
    </trkpt>
    <trkpt lat="46.567663222" lon="6.684403362">
      <ele>864.6</ele>
    </trkpt>
    <trkpt lat="46.567660228" lon="6.684404265">
      <ele>864.7</ele>
    </trkpt>
    <trkpt lat="46.567657226" lon="6.684405123">
      <ele>864.6</ele>
    </trkpt>
    <trkpt lat="46.567654193" lon="6.684405950">
      <ele>864.6</ele>
    </trkpt>
    <trkpt lat="46.567651113" lon="6.684406760">
      <ele>864.6</ele>
    </trkpt>
    <trkpt lat="46.567647982" lon="6.684407567">
      <ele>864.6</ele>
    </trkpt>
    <trkpt lat="46.567644794" lon="6.684408381">
      <ele>864.5</ele>
    </trkpt>
    <trkpt lat="46.567641560" lon="6.684409203">
      <ele>864.5</ele>
    </trkpt>
    <trkpt lat="46.567638293" lon="6.684410031">
      <ele>864.5</ele>
    </trkpt>
    <trkpt lat="46.567635004" lon="6.684410859">
      <ele>864.5</ele>
    </trkpt>
    <trkpt lat="46.567631692" lon="6.684411685">
      <ele>864.5</ele>
    </trkpt>
    <trkpt lat="46.567628367" lon="6.684412507">
      <ele>864.5</ele>
    </trkpt>
    <trkpt lat="46.567625022" lon="6.684413327">
      <ele>864.5</ele>
    </trkpt>
    <trkpt lat="46.567621650" lon="6.684414150">
      <ele>864.5</ele>
    </trkpt>
    <trkpt lat="46.567618248" lon="6.684414982">
      <ele>864.5</ele>
    </trkpt>
    <trkpt lat="46.567614817" lon="6.684415830">
      <ele>864.5</ele>
    </trkpt>
    <trkpt lat="46.567611360" lon="6.684416702">
      <ele>864.5</ele>
    </trkpt>
    <trkpt lat="46.567607880" lon="6.684417598">
      <ele>864.5</ele>
    </trkpt>
    <trkpt lat="46.567604386" lon="6.684418518">
      <ele>864.5</ele>
    </trkpt>
    <trkpt lat="46.567600881" lon="6.684419452">
      <ele>864.4</ele>
    </trkpt>
    <trkpt lat="46.567597371" lon="6.684420393">
      <ele>864.4</ele>
    </trkpt>
    <trkpt lat="46.567593856" lon="6.684421313">
      <ele>864.4</ele>
    </trkpt>
    <trkpt lat="46.567590334" lon="6.684422200">
      <ele>864.3</ele>
    </trkpt>
    <trkpt lat="46.567586806" lon="6.684423033">
      <ele>864.3</ele>
    </trkpt>
    <trkpt lat="46.567583270" lon="6.684423792">
      <ele>864.3</ele>
    </trkpt>
    <trkpt lat="46.567579728" lon="6.684424458">
      <ele>864.3</ele>
    </trkpt>
    <trkpt lat="46.567576181" lon="6.684425006">
      <ele>864.3</ele>
    </trkpt>
    <trkpt lat="46.567572629" lon="6.684425419">
      <ele>864.3</ele>
    </trkpt>
    <trkpt lat="46.567569072" lon="6.684425683">
      <ele>864.4</ele>
    </trkpt>
    <trkpt lat="46.567565512" lon="6.684425798">
      <ele>864.5</ele>
    </trkpt>
    <trkpt lat="46.567561946" lon="6.684425780">
      <ele>864.6</ele>
    </trkpt>
    <trkpt lat="46.567558380" lon="6.684425664">
      <ele>864.7</ele>
    </trkpt>
    <trkpt lat="46.567554813" lon="6.684425507">
      <ele>864.8</ele>
    </trkpt>
    <trkpt lat="46.567551247" lon="6.684425380">
      <ele>864.9</ele>
    </trkpt>
    <trkpt lat="46.567547690" lon="6.684425353">
      <ele>865.1</ele>
    </trkpt>
    <trkpt lat="46.567544152" lon="6.684425481">
      <ele>865.2</ele>
    </trkpt>
    <trkpt lat="46.567540633" lon="6.684425806">
      <ele>865.3</ele>
    </trkpt>
    <trkpt lat="46.567537136" lon="6.684426344">
      <ele>865.4</ele>
    </trkpt>
    <trkpt lat="46.567533668" lon="6.684427089">
      <ele>865.5</ele>
    </trkpt>
    <trkpt lat="46.567530224" lon="6.684428022">
      <ele>865.6</ele>
    </trkpt>
    <trkpt lat="46.567526807" lon="6.684429121">
      <ele>865.7</ele>
    </trkpt>
    <trkpt lat="46.567523418" lon="6.684430364">
      <ele>865.8</ele>
    </trkpt>
    <trkpt lat="46.567520056" lon="6.684431739">
      <ele>865.9</ele>
    </trkpt>
    <trkpt lat="46.567516725" lon="6.684433240">
      <ele>866.0</ele>
    </trkpt>
    <trkpt lat="46.567513426" lon="6.684434863">
      <ele>866.1</ele>
    </trkpt>
    <trkpt lat="46.567510161" lon="6.684436609">
      <ele>866.1</ele>
    </trkpt>
    <trkpt lat="46.567506931" lon="6.684438480">
      <ele>866.2</ele>
    </trkpt>
    <trkpt lat="46.567503735" lon="6.684440460">
      <ele>866.2</ele>
    </trkpt>
    <trkpt lat="46.567500568" lon="6.684442538">
      <ele>866.3</ele>
    </trkpt>
    <trkpt lat="46.567497425" lon="6.684444700">
      <ele>866.3</ele>
    </trkpt>
    <trkpt lat="46.567494300" lon="6.684446929">
      <ele>866.3</ele>
    </trkpt>
    <trkpt lat="46.567491188" lon="6.684449215">
      <ele>866.3</ele>
    </trkpt>
    <trkpt lat="46.567488088" lon="6.684451541">
      <ele>866.2</ele>
    </trkpt>
    <trkpt lat="46.567485003" lon="6.684453900">
      <ele>866.2</ele>
    </trkpt>
    <trkpt lat="46.567481937" lon="6.684456282">
      <ele>866.2</ele>
    </trkpt>
    <trkpt lat="46.567478903" lon="6.684458688">
      <ele>866.2</ele>
    </trkpt>
    <trkpt lat="46.567475912" lon="6.684461109">
      <ele>866.1</ele>
    </trkpt>
    <trkpt lat="46.567472973" lon="6.684463549">
      <ele>866.1</ele>
    </trkpt>
    <trkpt lat="46.567470092" lon="6.684466018">
      <ele>866.1</ele>
    </trkpt>
    <trkpt lat="46.567467272" lon="6.684468537">
      <ele>866.1</ele>
    </trkpt>
    <trkpt lat="46.567464517" lon="6.684471141">
      <ele>866.0</ele>
    </trkpt>
    <trkpt lat="46.567461828" lon="6.684473871">
      <ele>866.0</ele>
    </trkpt>
    <trkpt lat="46.567459204" lon="6.684476770">
      <ele>865.9</ele>
    </trkpt>
    <trkpt lat="46.567456642" lon="6.684479869">
      <ele>865.9</ele>
    </trkpt>
    <trkpt lat="46.567454138" lon="6.684483179">
      <ele>865.8</ele>
    </trkpt>
    <trkpt lat="46.567451673" lon="6.684486680">
      <ele>865.7</ele>
    </trkpt>
    <trkpt lat="46.567449233" lon="6.684490322">
      <ele>865.6</ele>
    </trkpt>
    <trkpt lat="46.567446796" lon="6.684494042">
      <ele>865.5</ele>
    </trkpt>
    <trkpt lat="46.567444340" lon="6.684497748">
      <ele>865.4</ele>
    </trkpt>
    <trkpt lat="46.567441838" lon="6.684501358">
      <ele>865.3</ele>
    </trkpt>
    <trkpt lat="46.567439278" lon="6.684504801">
      <ele>865.3</ele>
    </trkpt>
    <trkpt lat="46.567436649" lon="6.684508038">
      <ele>865.3</ele>
    </trkpt>
    <trkpt lat="46.567433948" lon="6.684511052">
      <ele>865.4</ele>
    </trkpt>
    <trkpt lat="46.567431176" lon="6.684513861">
      <ele>865.5</ele>
    </trkpt>
    <trkpt lat="46.567428332" lon="6.684516495">
      <ele>865.6</ele>
    </trkpt>
    <trkpt lat="46.567425421" lon="6.684519003">
      <ele>865.7</ele>
    </trkpt>
    <trkpt lat="46.567422458" lon="6.684521438">
      <ele>865.8</ele>
    </trkpt>
    <trkpt lat="46.567419453" lon="6.684523825">
      <ele>865.9</ele>
    </trkpt>
    <trkpt lat="46.567416414" lon="6.684526167">
      <ele>866.0</ele>
    </trkpt>
    <trkpt lat="46.567413347" lon="6.684528442">
      <ele>866.0</ele>
    </trkpt>
    <trkpt lat="46.567410248" lon="6.684530614">
      <ele>866.1</ele>
    </trkpt>
    <trkpt lat="46.567407114" lon="6.684532655">
      <ele>866.2</ele>
    </trkpt>
    <trkpt lat="46.567403932" lon="6.684534533">
      <ele>866.3</ele>
    </trkpt>
    <trkpt lat="46.567400693" lon="6.684536229">
      <ele>866.4</ele>
    </trkpt>
    <trkpt lat="46.567397393" lon="6.684537756">
      <ele>866.6</ele>
    </trkpt>
    <trkpt lat="46.567394037" lon="6.684539127">
      <ele>866.7</ele>
    </trkpt>
    <trkpt lat="46.567390647" lon="6.684540362">
      <ele>866.9</ele>
    </trkpt>
    <trkpt lat="46.567387251" lon="6.684541491">
      <ele>867.0</ele>
    </trkpt>
    <trkpt lat="46.567383886" lon="6.684542543">
      <ele>867.2</ele>
    </trkpt>
    <trkpt lat="46.567380580" lon="6.684543555">
      <ele>867.3</ele>
    </trkpt>
    <trkpt lat="46.567377363" lon="6.684544582">
      <ele>867.4</ele>
    </trkpt>
    <trkpt lat="46.567374245" lon="6.684545688">
      <ele>867.5</ele>
    </trkpt>
    <trkpt lat="46.567371227" lon="6.684546935">
      <ele>867.5</ele>
    </trkpt>
    <trkpt lat="46.567368302" lon="6.684548392">
      <ele>867.5</ele>
    </trkpt>
    <trkpt lat="46.567365458" lon="6.684550088">
      <ele>867.5</ele>
    </trkpt>
    <trkpt lat="46.567362667" lon="6.684552017">
      <ele>867.4</ele>
    </trkpt>
    <trkpt lat="46.567359904" lon="6.684554139">
      <ele>867.2</ele>
    </trkpt>
    <trkpt lat="46.567357142" lon="6.684556404">
      <ele>867.1</ele>
    </trkpt>
    <trkpt lat="46.567354362" lon="6.684558738">
      <ele>866.9</ele>
    </trkpt>
    <trkpt lat="46.567351548" lon="6.684561093">
      <ele>866.7</ele>
    </trkpt>
    <trkpt lat="46.567348694" lon="6.684563428">
      <ele>866.6</ele>
    </trkpt>
    <trkpt lat="46.567345793" lon="6.684565731">
      <ele>866.5</ele>
    </trkpt>
    <trkpt lat="46.567342858" lon="6.684568026">
      <ele>866.4</ele>
    </trkpt>
    <trkpt lat="46.567339902" lon="6.684570337">
      <ele>866.3</ele>
    </trkpt>
    <trkpt lat="46.567336939" lon="6.684572693">
      <ele>866.2</ele>
    </trkpt>
    <trkpt lat="46.567333975" lon="6.684575112">
      <ele>866.1</ele>
    </trkpt>
    <trkpt lat="46.567331010" lon="6.684577599">
      <ele>866.0</ele>
    </trkpt>
    <trkpt lat="46.567328038" lon="6.684580151">
      <ele>865.9</ele>
    </trkpt>
    <trkpt lat="46.567325051" lon="6.684582754">
      <ele>865.8</ele>
    </trkpt>
    <trkpt lat="46.567322041" lon="6.684585390">
      <ele>865.7</ele>
    </trkpt>
    <trkpt lat="46.567319013" lon="6.684588049">
      <ele>865.6</ele>
    </trkpt>
    <trkpt lat="46.567315978" lon="6.684590727">
      <ele>865.6</ele>
    </trkpt>
    <trkpt lat="46.567312959" lon="6.684593432">
      <ele>865.6</ele>
    </trkpt>
    <trkpt lat="46.567309984" lon="6.684596177">
      <ele>865.5</ele>
    </trkpt>
    <trkpt lat="46.567307086" lon="6.684598984">
      <ele>865.5</ele>
    </trkpt>
    <trkpt lat="46.567304286" lon="6.684601866">
      <ele>865.6</ele>
    </trkpt>
    <trkpt lat="46.567301587" lon="6.684604825">
      <ele>865.6</ele>
    </trkpt>
    <trkpt lat="46.567298990" lon="6.684607847">
      <ele>865.6</ele>
    </trkpt>
    <trkpt lat="46.567296482" lon="6.684610904">
      <ele>865.6</ele>
    </trkpt>
    <trkpt lat="46.567294037" lon="6.684613974">
      <ele>865.7</ele>
    </trkpt>
    <trkpt lat="46.567291635" lon="6.684617018">
      <ele>865.8</ele>
    </trkpt>
    <trkpt lat="46.567289251" lon="6.684620015">
      <ele>865.9</ele>
    </trkpt>
    <trkpt lat="46.567286860" lon="6.684622950">
      <ele>866.0</ele>
    </trkpt>
    <trkpt lat="46.567284439" lon="6.684625828">
      <ele>866.1</ele>
    </trkpt>
    <trkpt lat="46.567281966" lon="6.684628662">
      <ele>866.2</ele>
    </trkpt>
    <trkpt lat="46.567279424" lon="6.684631475">
      <ele>866.4</ele>
    </trkpt>
    <trkpt lat="46.567276806" lon="6.684634293">
      <ele>866.5</ele>
    </trkpt>
    <trkpt lat="46.567274109" lon="6.684637146">
      <ele>866.7</ele>
    </trkpt>
    <trkpt lat="46.567271347" lon="6.684640055">
      <ele>866.8</ele>
    </trkpt>
    <trkpt lat="46.567268545" lon="6.684643040">
      <ele>866.9</ele>
    </trkpt>
    <trkpt lat="46.567265724" lon="6.684646101">
      <ele>866.9</ele>
    </trkpt>
    <trkpt lat="46.567262910" lon="6.684649235">
      <ele>867.0</ele>
    </trkpt>
    <trkpt lat="46.567260121" lon="6.684652431">
      <ele>867.0</ele>
    </trkpt>
    <trkpt lat="46.567257357" lon="6.684655667">
      <ele>867.1</ele>
    </trkpt>
    <trkpt lat="46.567254620" lon="6.684658917">
      <ele>867.1</ele>
    </trkpt>
    <trkpt lat="46.567251894" lon="6.684662165">
      <ele>867.1</ele>
    </trkpt>
    <trkpt lat="46.567249174" lon="6.684665398">
      <ele>867.2</ele>
    </trkpt>
    <trkpt lat="46.567246454" lon="6.684668612">
      <ele>867.2</ele>
    </trkpt>
    <trkpt lat="46.567243728" lon="6.684671810">
      <ele>867.3</ele>
    </trkpt>
    <trkpt lat="46.567240995" lon="6.684674991">
      <ele>867.3</ele>
    </trkpt>
    <trkpt lat="46.567238253" lon="6.684678151">
      <ele>867.4</ele>
    </trkpt>
    <trkpt lat="46.567235491" lon="6.684681284">
      <ele>867.4</ele>
    </trkpt>
    <trkpt lat="46.567232693" lon="6.684684365">
      <ele>867.4</ele>
    </trkpt>
    <trkpt lat="46.567229847" lon="6.684687364">
      <ele>867.4</ele>
    </trkpt>
    <trkpt lat="46.567226936" lon="6.684690242">
      <ele>867.4</ele>
    </trkpt>
    <trkpt lat="46.567223942" lon="6.684692972">
      <ele>867.5</ele>
    </trkpt>
    <trkpt lat="46.567220856" lon="6.684695536">
      <ele>867.6</ele>
    </trkpt>
    <trkpt lat="46.567217676" lon="6.684697931">
      <ele>867.7</ele>
    </trkpt>
    <trkpt lat="46.567214410" lon="6.684700175">
      <ele>867.8</ele>
    </trkpt>
    <trkpt lat="46.567211074" lon="6.684702300">
      <ele>868.0</ele>
    </trkpt>
    <trkpt lat="46.567207690" lon="6.684704355">
      <ele>868.1</ele>
    </trkpt>
    <trkpt lat="46.567204289" lon="6.684706386">
      <ele>868.3</ele>
    </trkpt>
    <trkpt lat="46.567200908" lon="6.684708435">
      <ele>868.5</ele>
    </trkpt>
    <trkpt lat="46.567197580" lon="6.684710542">
      <ele>868.6</ele>
    </trkpt>
    <trkpt lat="46.567194342" lon="6.684712727">
      <ele>868.7</ele>
    </trkpt>
    <trkpt lat="46.567191215" lon="6.684715009">
      <ele>868.8</ele>
    </trkpt>
    <trkpt lat="46.567188206" lon="6.684717394">
      <ele>868.9</ele>
    </trkpt>
    <trkpt lat="46.567185312" lon="6.684719872">
      <ele>868.9</ele>
    </trkpt>
    <trkpt lat="46.567182516" lon="6.684722444">
      <ele>868.9</ele>
    </trkpt>
    <trkpt lat="46.567179787" lon="6.684725098">
      <ele>868.9</ele>
    </trkpt>
    <trkpt lat="46.567177099" lon="6.684727820">
      <ele>868.9</ele>
    </trkpt>
    <trkpt lat="46.567174416" lon="6.684730593">
      <ele>868.9</ele>
    </trkpt>
    <trkpt lat="46.567171713" lon="6.684733399">
      <ele>868.8</ele>
    </trkpt>
    <trkpt lat="46.567168974" lon="6.684736213">
      <ele>868.8</ele>
    </trkpt>
    <trkpt lat="46.567166183" lon="6.684739013">
      <ele>868.8</ele>
    </trkpt>
    <trkpt lat="46.567163331" lon="6.684741770">
      <ele>868.8</ele>
    </trkpt>
    <trkpt lat="46.567160420" lon="6.684744458">
      <ele>868.8</ele>
    </trkpt>
    <trkpt lat="46.567157442" lon="6.684747057">
      <ele>868.8</ele>
    </trkpt>
    <trkpt lat="46.567154404" lon="6.684749549">
      <ele>868.8</ele>
    </trkpt>
    <trkpt lat="46.567151311" lon="6.684751927">
      <ele>868.8</ele>
    </trkpt>
    <trkpt lat="46.567148174" lon="6.684754189">
      <ele>868.8</ele>
    </trkpt>
    <trkpt lat="46.567145009" lon="6.684756338">
      <ele>868.8</ele>
    </trkpt>
    <trkpt lat="46.567141830" lon="6.684758383">
      <ele>868.8</ele>
    </trkpt>
    <trkpt lat="46.567138641" lon="6.684760344">
      <ele>868.8</ele>
    </trkpt>
    <trkpt lat="46.567135457" lon="6.684762227">
      <ele>868.8</ele>
    </trkpt>
    <trkpt lat="46.567132281" lon="6.684764042">
      <ele>868.8</ele>
    </trkpt>
    <trkpt lat="46.567129112" lon="6.684765806">
      <ele>868.8</ele>
    </trkpt>
    <trkpt lat="46.567125936" lon="6.684767535">
      <ele>868.8</ele>
    </trkpt>
    <trkpt lat="46.567122744" lon="6.684769250">
      <ele>868.7</ele>
    </trkpt>
    <trkpt lat="46.567119524" lon="6.684770974">
      <ele>868.6</ele>
    </trkpt>
    <trkpt lat="46.567116270" lon="6.684772726">
      <ele>868.6</ele>
    </trkpt>
    <trkpt lat="46.567112975" lon="6.684774528">
      <ele>868.4</ele>
    </trkpt>
    <trkpt lat="46.567109649" lon="6.684776390">
      <ele>868.3</ele>
    </trkpt>
    <trkpt lat="46.567106307" lon="6.684778313">
      <ele>868.2</ele>
    </trkpt>
    <trkpt lat="46.567102965" lon="6.684780289">
      <ele>868.0</ele>
    </trkpt>
    <trkpt lat="46.567099647" lon="6.684782300">
      <ele>867.9</ele>
    </trkpt>
    <trkpt lat="46.567096371" lon="6.684784323">
      <ele>867.7</ele>
    </trkpt>
    <trkpt lat="46.567093142" lon="6.684786333">
      <ele>867.6</ele>
    </trkpt>
    <trkpt lat="46.567089960" lon="6.684788308">
      <ele>867.4</ele>
    </trkpt>
    <trkpt lat="46.567086813" lon="6.684790225">
      <ele>867.3</ele>
    </trkpt>
    <trkpt lat="46.567083684" lon="6.684792070">
      <ele>867.3</ele>
    </trkpt>
    <trkpt lat="46.567080548" lon="6.684793832">
      <ele>867.2</ele>
    </trkpt>
    <trkpt lat="46.567077381" lon="6.684795504">
      <ele>867.3</ele>
    </trkpt>
    <trkpt lat="46.567074168" lon="6.684797086">
      <ele>867.4</ele>
    </trkpt>
    <trkpt lat="46.567070894" lon="6.684798582">
      <ele>867.5</ele>
    </trkpt>
    <trkpt lat="46.567067555" lon="6.684800009">
      <ele>867.7</ele>
    </trkpt>
    <trkpt lat="46.567064147" lon="6.684801393">
      <ele>867.9</ele>
    </trkpt>
    <trkpt lat="46.567060686" lon="6.684802764">
      <ele>868.2</ele>
    </trkpt>
    <trkpt lat="46.567057196" lon="6.684804148">
      <ele>868.5</ele>
    </trkpt>
    <trkpt lat="46.567053690" lon="6.684805584">
      <ele>868.8</ele>
    </trkpt>
    <trkpt lat="46.567050197" lon="6.684807096">
      <ele>869.0</ele>
    </trkpt>
    <trkpt lat="46.567046738" lon="6.684808700">
      <ele>869.3</ele>
    </trkpt>
    <trkpt lat="46.567043333" lon="6.684810402">
      <ele>869.5</ele>
    </trkpt>
    <trkpt lat="46.567039985" lon="6.684812198">
      <ele>869.7</ele>
    </trkpt>
    <trkpt lat="46.567036689" lon="6.684814091">
      <ele>869.8</ele>
    </trkpt>
    <trkpt lat="46.567033440" lon="6.684816069">
      <ele>869.9</ele>
    </trkpt>
    <trkpt lat="46.567030228" lon="6.684818130">
      <ele>870.0</ele>
    </trkpt>
    <trkpt lat="46.567027039" lon="6.684820273">
      <ele>870.1</ele>
    </trkpt>
    <trkpt lat="46.567023872" lon="6.684822495">
      <ele>870.2</ele>
    </trkpt>
    <trkpt lat="46.567020735" lon="6.684824795">
      <ele>870.2</ele>
    </trkpt>
    <trkpt lat="46.567017625" lon="6.684827181">
      <ele>870.3</ele>
    </trkpt>
    <trkpt lat="46.567014556" lon="6.684829647">
      <ele>870.3</ele>
    </trkpt>
    <trkpt lat="46.567011533" lon="6.684832195">
      <ele>870.4</ele>
    </trkpt>
    <trkpt lat="46.567008558" lon="6.684834820">
      <ele>870.4</ele>
    </trkpt>
    <trkpt lat="46.567005630" lon="6.684837519">
      <ele>870.4</ele>
    </trkpt>
    <trkpt lat="46.567002747" lon="6.684840286">
      <ele>870.5</ele>
    </trkpt>
    <trkpt lat="46.566999907" lon="6.684843116">
      <ele>870.5</ele>
    </trkpt>
    <trkpt lat="46.566997100" lon="6.684846009">
      <ele>870.6</ele>
    </trkpt>
    <trkpt lat="46.566994331" lon="6.684848955">
      <ele>870.7</ele>
    </trkpt>
    <trkpt lat="46.566991602" lon="6.684851945">
      <ele>870.7</ele>
    </trkpt>
    <trkpt lat="46.566988912" lon="6.684854977">
      <ele>870.8</ele>
    </trkpt>
    <trkpt lat="46.566986267" lon="6.684858032">
      <ele>870.8</ele>
    </trkpt>
    <trkpt lat="46.566983658" lon="6.684861099">
      <ele>870.9</ele>
    </trkpt>
    <trkpt lat="46.566981074" lon="6.684864169">
      <ele>870.9</ele>
    </trkpt>
    <trkpt lat="46.566978495" lon="6.684867242">
      <ele>871.0</ele>
    </trkpt>
    <trkpt lat="46.566975899" lon="6.684870326">
      <ele>871.1</ele>
    </trkpt>
    <trkpt lat="46.566973259" lon="6.684873438">
      <ele>871.1</ele>
    </trkpt>
    <trkpt lat="46.566970563" lon="6.684876595">
      <ele>871.2</ele>
    </trkpt>
    <trkpt lat="46.566967814" lon="6.684879810">
      <ele>871.3</ele>
    </trkpt>
    <trkpt lat="46.566965028" lon="6.684883077">
      <ele>871.4</ele>
    </trkpt>
    <trkpt lat="46.566962232" lon="6.684886372">
      <ele>871.4</ele>
    </trkpt>
    <trkpt lat="46.566959457" lon="6.684889650">
      <ele>871.4</ele>
    </trkpt>
    <trkpt lat="46.566956721" lon="6.684892869">
      <ele>871.4</ele>
    </trkpt>
    <trkpt lat="46.566954029" lon="6.684895986">
      <ele>871.4</ele>
    </trkpt>
    <trkpt lat="46.566951374" lon="6.684898977">
      <ele>871.4</ele>
    </trkpt>
    <trkpt lat="46.566948738" lon="6.684901856">
      <ele>871.4</ele>
    </trkpt>
    <trkpt lat="46.566946097" lon="6.684904664">
      <ele>871.4</ele>
    </trkpt>
    <trkpt lat="46.566943440" lon="6.684907458">
      <ele>871.3</ele>
    </trkpt>
    <trkpt lat="46.566940767" lon="6.684910309">
      <ele>871.3</ele>
    </trkpt>
    <trkpt lat="46.566938092" lon="6.684913279">
      <ele>871.3</ele>
    </trkpt>
    <trkpt lat="46.566935428" lon="6.684916408">
      <ele>871.2</ele>
    </trkpt>
    <trkpt lat="46.566932803" lon="6.684919709">
      <ele>871.2</ele>
    </trkpt>
    <trkpt lat="46.566930238" lon="6.684923160">
      <ele>871.1</ele>
    </trkpt>
    <trkpt lat="46.566927733" lon="6.684926733">
      <ele>871.1</ele>
    </trkpt>
    <trkpt lat="46.566925291" lon="6.684930355">
      <ele>871.0</ele>
    </trkpt>
    <trkpt lat="46.566922898" lon="6.684933950">
      <ele>870.9</ele>
    </trkpt>
    <trkpt lat="46.566920534" lon="6.684937459">
      <ele>870.8</ele>
    </trkpt>
    <trkpt lat="46.566918175" lon="6.684940830">
      <ele>870.8</ele>
    </trkpt>
    <trkpt lat="46.566915794" lon="6.684944037">
      <ele>870.7</ele>
    </trkpt>
    <trkpt lat="46.566913373" lon="6.684947084">
      <ele>870.7</ele>
    </trkpt>
    <trkpt lat="46.566910901" lon="6.684950013">
      <ele>870.7</ele>
    </trkpt>
    <trkpt lat="46.566908380" lon="6.684952867">
      <ele>870.7</ele>
    </trkpt>
    <trkpt lat="46.566905821" lon="6.684955696">
      <ele>870.7</ele>
    </trkpt>
    <trkpt lat="46.566903237" lon="6.684958543">
      <ele>870.8</ele>
    </trkpt>
    <trkpt lat="46.566900655" lon="6.684961432">
      <ele>870.8</ele>
    </trkpt>
    <trkpt lat="46.566898088" lon="6.684964376">
      <ele>870.9</ele>
    </trkpt>
    <trkpt lat="46.566895539" lon="6.684967377">
      <ele>870.9</ele>
    </trkpt>
    <trkpt lat="46.566893004" lon="6.684970435">
      <ele>870.9</ele>
    </trkpt>
    <trkpt lat="46.566890472" lon="6.684973563">
      <ele>870.9</ele>
    </trkpt>
    <trkpt lat="46.566887927" lon="6.684976772">
      <ele>870.9</ele>
    </trkpt>
    <trkpt lat="46.566885364" lon="6.684980059">
      <ele>870.8</ele>
    </trkpt>
    <trkpt lat="46.566882778" lon="6.684983421">
      <ele>870.8</ele>
    </trkpt>
    <trkpt lat="46.566880177" lon="6.684986830">
      <ele>870.7</ele>
    </trkpt>
    <trkpt lat="46.566877565" lon="6.684990238">
      <ele>870.6</ele>
    </trkpt>
    <trkpt lat="46.566874950" lon="6.684993588">
      <ele>870.5</ele>
    </trkpt>
    <trkpt lat="46.566872336" lon="6.684996826">
      <ele>870.5</ele>
    </trkpt>
    <trkpt lat="46.566869710" lon="6.684999913">
      <ele>870.4</ele>
    </trkpt>
    <trkpt lat="46.566867062" lon="6.685002824">
      <ele>870.4</ele>
    </trkpt>
    <trkpt lat="46.566864377" lon="6.685005550">
      <ele>870.4</ele>
    </trkpt>
    <trkpt lat="46.566861637" lon="6.685008113">
      <ele>870.4</ele>
    </trkpt>
    <trkpt lat="46.566858835" lon="6.685010526">
      <ele>870.4</ele>
    </trkpt>
    <trkpt lat="46.566855969" lon="6.685012809">
      <ele>870.4</ele>
    </trkpt>
    <trkpt lat="46.566853042" lon="6.685014976">
      <ele>870.5</ele>
    </trkpt>
    <trkpt lat="46.566850068" lon="6.685017043">
      <ele>870.6</ele>
    </trkpt>
    <trkpt lat="46.566847056" lon="6.685019016">
      <ele>870.7</ele>
    </trkpt>
    <trkpt lat="46.566844025" lon="6.685020893">
      <ele>870.8</ele>
    </trkpt>
    <trkpt lat="46.566840993" lon="6.685022681">
      <ele>870.9</ele>
    </trkpt>
    <trkpt lat="46.566837963" lon="6.685024378">
      <ele>871.0</ele>
    </trkpt>
    <trkpt lat="46.566834941" lon="6.685025971">
      <ele>871.1</ele>
    </trkpt>
    <trkpt lat="46.566831913" lon="6.685027457">
      <ele>871.2</ele>
    </trkpt>
    <trkpt lat="46.566828867" lon="6.685028835">
      <ele>871.3</ele>
    </trkpt>
    <trkpt lat="46.566825785" lon="6.685030121">
      <ele>871.3</ele>
    </trkpt>
    <trkpt lat="46.566822651" lon="6.685031340">
      <ele>871.3</ele>
    </trkpt>
    <trkpt lat="46.566819454" lon="6.685032539">
      <ele>871.4</ele>
    </trkpt>
    <trkpt lat="46.566816198" lon="6.685033767">
      <ele>871.4</ele>
    </trkpt>
    <trkpt lat="46.566812897" lon="6.685035076">
      <ele>871.5</ele>
    </trkpt>
    <trkpt lat="46.566809577" lon="6.685036499">
      <ele>871.6</ele>
    </trkpt>
    <trkpt lat="46.566806265" lon="6.685038051">
      <ele>871.8</ele>
    </trkpt>
    <trkpt lat="46.566802986" lon="6.685039721">
      <ele>872.0</ele>
    </trkpt>
    <trkpt lat="46.566799754" lon="6.685041477">
      <ele>872.2</ele>
    </trkpt>
    <trkpt lat="46.566796574" lon="6.685043270">
      <ele>872.5</ele>
    </trkpt>
    <trkpt lat="46.566793438" lon="6.685045053">
      <ele>872.7</ele>
    </trkpt>
    <trkpt lat="46.566790327" lon="6.685046786">
      <ele>872.9</ele>
    </trkpt>
    <trkpt lat="46.566787224" lon="6.685048440">
      <ele>873.1</ele>
    </trkpt>
    <trkpt lat="46.566784112" lon="6.685050005">
      <ele>873.2</ele>
    </trkpt>
    <trkpt lat="46.566780978" lon="6.685051484">
      <ele>873.3</ele>
    </trkpt>
    <trkpt lat="46.566777821" lon="6.685052896">
      <ele>873.4</ele>
    </trkpt>
    <trkpt lat="46.566774643" lon="6.685054266">
      <ele>873.4</ele>
    </trkpt>
    <trkpt lat="46.566771447" lon="6.685055620">
      <ele>873.4</ele>
    </trkpt>
    <trkpt lat="46.566768239" lon="6.685056985">
      <ele>873.3</ele>
    </trkpt>
    <trkpt lat="46.566765013" lon="6.685058377">
      <ele>873.2</ele>
    </trkpt>
    <trkpt lat="46.566761771" lon="6.685059804">
      <ele>873.1</ele>
    </trkpt>
    <trkpt lat="46.566758513" lon="6.685061262">
      <ele>873.0</ele>
    </trkpt>
    <trkpt lat="46.566755241" lon="6.685062734">
      <ele>872.9</ele>
    </trkpt>
    <trkpt lat="46.566751952" lon="6.685064194">
      <ele>872.7</ele>
    </trkpt>
    <trkpt lat="46.566748643" lon="6.685065618">
      <ele>872.5</ele>
    </trkpt>
    <trkpt lat="46.566745311" lon="6.685066987">
      <ele>872.3</ele>
    </trkpt>
    <trkpt lat="46.566741944" lon="6.685068301">
      <ele>872.1</ele>
    </trkpt>
    <trkpt lat="46.566738534" lon="6.685069572">
      <ele>871.9</ele>
    </trkpt>
    <trkpt lat="46.566735070" lon="6.685070824">
      <ele>871.8</ele>
    </trkpt>
    <trkpt lat="46.566731543" lon="6.685072081">
      <ele>871.6</ele>
    </trkpt>
    <trkpt lat="46.566727968" lon="6.685073365">
      <ele>871.4</ele>
    </trkpt>
    <trkpt lat="46.566724371" lon="6.685074681">
      <ele>871.2</ele>
    </trkpt>
    <trkpt lat="46.566720785" lon="6.685076012">
      <ele>871.1</ele>
    </trkpt>
    <trkpt lat="46.566717249" lon="6.685077324">
      <ele>871.0</ele>
    </trkpt>
    <trkpt lat="46.566713789" lon="6.685078571">
      <ele>870.9</ele>
    </trkpt>
    <trkpt lat="46.566710417" lon="6.685079698">
      <ele>870.8</ele>
    </trkpt>
    <trkpt lat="46.566707124" lon="6.685080664">
      <ele>870.8</ele>
    </trkpt>
    <trkpt lat="46.566703884" lon="6.685081447">
      <ele>870.8</ele>
    </trkpt>
    <trkpt lat="46.566700664" lon="6.685082048">
      <ele>870.7</ele>
    </trkpt>
    <trkpt lat="46.566697432" lon="6.685082499">
      <ele>870.7</ele>
    </trkpt>
    <trkpt lat="46.566694168" lon="6.685082853">
      <ele>870.6</ele>
    </trkpt>
    <trkpt lat="46.566690869" lon="6.685083177">
      <ele>870.5</ele>
    </trkpt>
    <trkpt lat="46.566687546" lon="6.685083543">
      <ele>870.5</ele>
    </trkpt>
    <trkpt lat="46.566684218" lon="6.685084017">
      <ele>870.4</ele>
    </trkpt>
    <trkpt lat="46.566680910" lon="6.685084648">
      <ele>870.3</ele>
    </trkpt>
    <trkpt lat="46.566677635" lon="6.685085461">
      <ele>870.2</ele>
    </trkpt>
    <trkpt lat="46.566674404" lon="6.685086459">
      <ele>870.2</ele>
    </trkpt>
    <trkpt lat="46.566671209" lon="6.685087638">
      <ele>870.2</ele>
    </trkpt>
    <trkpt lat="46.566668047" lon="6.685088976">
      <ele>870.1</ele>
    </trkpt>
    <trkpt lat="46.566664907" lon="6.685090448">
      <ele>870.1</ele>
    </trkpt>
    <trkpt lat="46.566661777" lon="6.685092026">
      <ele>870.1</ele>
    </trkpt>
    <trkpt lat="46.566658645" lon="6.685093686">
      <ele>870.0</ele>
    </trkpt>
    <trkpt lat="46.566655506" lon="6.685095408">
      <ele>870.0</ele>
    </trkpt>
    <trkpt lat="46.566652358" lon="6.685097170">
      <ele>870.0</ele>
    </trkpt>
    <trkpt lat="46.566649200" lon="6.685098953">
      <ele>869.9</ele>
    </trkpt>
    <trkpt lat="46.566646025" lon="6.685100736">
      <ele>869.9</ele>
    </trkpt>
    <trkpt lat="46.566642831" lon="6.685102503">
      <ele>869.8</ele>
    </trkpt>
    <trkpt lat="46.566639620" lon="6.685104240">
      <ele>869.8</ele>
    </trkpt>
    <trkpt lat="46.566636386" lon="6.685105940">
      <ele>869.8</ele>
    </trkpt>
    <trkpt lat="46.566633132" lon="6.685107608">
      <ele>869.8</ele>
    </trkpt>
    <trkpt lat="46.566629859" lon="6.685109254">
      <ele>869.7</ele>
    </trkpt>
    <trkpt lat="46.566626569" lon="6.685110895">
      <ele>869.7</ele>
    </trkpt>
    <trkpt lat="46.566623274" lon="6.685112554">
      <ele>869.7</ele>
    </trkpt>
    <trkpt lat="46.566619982" lon="6.685114253">
      <ele>869.7</ele>
    </trkpt>
    <trkpt lat="46.566616701" lon="6.685116009">
      <ele>869.7</ele>
    </trkpt>
    <trkpt lat="46.566613440" lon="6.685117835">
      <ele>869.7</ele>
    </trkpt>
    <trkpt lat="46.566610209" lon="6.685119728">
      <ele>869.8</ele>
    </trkpt>
    <trkpt lat="46.566607009" lon="6.685121678">
      <ele>869.7</ele>
    </trkpt>
    <trkpt lat="46.566603842" lon="6.685123663">
      <ele>869.7</ele>
    </trkpt>
    <trkpt lat="46.566600700" lon="6.685125659">
      <ele>869.7</ele>
    </trkpt>
    <trkpt lat="46.566597579" lon="6.685127637">
      <ele>869.7</ele>
    </trkpt>
    <trkpt lat="46.566594465" lon="6.685129574">
      <ele>869.7</ele>
    </trkpt>
    <trkpt lat="46.566591352" lon="6.685131449">
      <ele>869.7</ele>
    </trkpt>
    <trkpt lat="46.566588226" lon="6.685133253">
      <ele>869.7</ele>
    </trkpt>
    <trkpt lat="46.566585078" lon="6.685134984">
      <ele>869.7</ele>
    </trkpt>
    <trkpt lat="46.566581901" lon="6.685136650">
      <ele>869.7</ele>
    </trkpt>
    <trkpt lat="46.566578697" lon="6.685138262">
      <ele>869.7</ele>
    </trkpt>
    <trkpt lat="46.566575463" lon="6.685139836">
      <ele>869.6</ele>
    </trkpt>
    <trkpt lat="46.566572203" lon="6.685141388">
      <ele>869.6</ele>
    </trkpt>
    <trkpt lat="46.566568920" lon="6.685142929">
      <ele>869.6</ele>
    </trkpt>
    <trkpt lat="46.566565618" lon="6.685144467">
      <ele>869.6</ele>
    </trkpt>
    <trkpt lat="46.566562299" lon="6.685146001">
      <ele>869.6</ele>
    </trkpt>
    <trkpt lat="46.566558961" lon="6.685147528">
      <ele>869.5</ele>
    </trkpt>
    <trkpt lat="46.566555604" lon="6.685149038">
      <ele>869.5</ele>
    </trkpt>
    <trkpt lat="46.566552227" lon="6.685150524">
      <ele>869.5</ele>
    </trkpt>
    <trkpt lat="46.566548829" lon="6.685151978">
      <ele>869.5</ele>
    </trkpt>
    <trkpt lat="46.566545416" lon="6.685153393">
      <ele>869.4</ele>
    </trkpt>
    <trkpt lat="46.566541991" lon="6.685154762">
      <ele>869.4</ele>
    </trkpt>
    <trkpt lat="46.566538561" lon="6.685156079">
      <ele>869.4</ele>
    </trkpt>
    <trkpt lat="46.566535135" lon="6.685157339">
      <ele>869.4</ele>
    </trkpt>
    <trkpt lat="46.566531721" lon="6.685158537">
      <ele>869.4</ele>
    </trkpt>
    <trkpt lat="46.566528321" lon="6.685159681">
      <ele>869.4</ele>
    </trkpt>
    <trkpt lat="46.566524947" lon="6.685160767">
      <ele>869.4</ele>
    </trkpt>
    <trkpt lat="46.566521599" lon="6.685161804">
      <ele>869.4</ele>
    </trkpt>
    <trkpt lat="46.566518287" lon="6.685162812">
      <ele>869.4</ele>
    </trkpt>
    <trkpt lat="46.566515010" lon="6.685163816">
      <ele>869.5</ele>
    </trkpt>
    <trkpt lat="46.566511773" lon="6.685164845">
      <ele>869.5</ele>
    </trkpt>
    <trkpt lat="46.566508571" lon="6.685165938">
      <ele>869.5</ele>
    </trkpt>
    <trkpt lat="46.566505396" lon="6.685167134">
      <ele>869.6</ele>
    </trkpt>
    <trkpt lat="46.566502239" lon="6.685168468">
      <ele>869.7</ele>
    </trkpt>
    <trkpt lat="46.566499088" lon="6.685169958">
      <ele>869.8</ele>
    </trkpt>
    <trkpt lat="46.566495926" lon="6.685171610">
      <ele>869.9</ele>
    </trkpt>
    <trkpt lat="46.566492748" lon="6.685173405">
      <ele>870.0</ele>
    </trkpt>
    <trkpt lat="46.566489546" lon="6.685175305">
      <ele>870.1</ele>
    </trkpt>
    <trkpt lat="46.566486318" lon="6.685177259">
      <ele>870.2</ele>
    </trkpt>
    <trkpt lat="46.566483065" lon="6.685179210">
      <ele>870.3</ele>
    </trkpt>
    <trkpt lat="46.566479790" lon="6.685181111">
      <ele>870.3</ele>
    </trkpt>
    <trkpt lat="46.566476491" lon="6.685182922">
      <ele>870.3</ele>
    </trkpt>
    <trkpt lat="46.566473170" lon="6.685184620">
      <ele>870.4</ele>
    </trkpt>
    <trkpt lat="46.566469825" lon="6.685186197">
      <ele>870.3</ele>
    </trkpt>
    <trkpt lat="46.566466458" lon="6.685187669">
      <ele>870.3</ele>
    </trkpt>
    <trkpt lat="46.566463066" lon="6.685189048">
      <ele>870.3</ele>
    </trkpt>
    <trkpt lat="46.566459655" lon="6.685190355">
      <ele>870.3</ele>
    </trkpt>
    <trkpt lat="46.566456231" lon="6.685191618">
      <ele>870.3</ele>
    </trkpt>
    <trkpt lat="46.566452797" lon="6.685192869">
      <ele>870.2</ele>
    </trkpt>
    <trkpt lat="46.566449354" lon="6.685194142">
      <ele>870.2</ele>
    </trkpt>
    <trkpt lat="46.566445901" lon="6.685195462">
      <ele>870.1</ele>
    </trkpt>
    <trkpt lat="46.566442431" lon="6.685196859">
      <ele>870.0</ele>
    </trkpt>
    <trkpt lat="46.566438943" lon="6.685198334">
      <ele>869.9</ele>
    </trkpt>
    <trkpt lat="46.566435428" lon="6.685199866">
      <ele>869.7</ele>
    </trkpt>
    <trkpt lat="46.566431888" lon="6.685201413">
      <ele>869.6</ele>
    </trkpt>
    <trkpt lat="46.566428325" lon="6.685202911">
      <ele>869.4</ele>
    </trkpt>
    <trkpt lat="46.566424747" lon="6.685204284">
      <ele>869.2</ele>
    </trkpt>
    <trkpt lat="46.566421165" lon="6.685205458">
      <ele>869.1</ele>
    </trkpt>
    <trkpt lat="46.566417587" lon="6.685206379">
      <ele>868.9</ele>
    </trkpt>
    <trkpt lat="46.566414016" lon="6.685207013">
      <ele>868.8</ele>
    </trkpt>
    <trkpt lat="46.566410455" lon="6.685207354">
      <ele>868.7</ele>
    </trkpt>
    <trkpt lat="46.566406898" lon="6.685207419">
      <ele>868.7</ele>
    </trkpt>
    <trkpt lat="46.566403342" lon="6.685207240">
      <ele>868.6</ele>
    </trkpt>
    <trkpt lat="46.566399783" lon="6.685206851">
      <ele>868.6</ele>
    </trkpt>
    <trkpt lat="46.566396216" lon="6.685206288">
      <ele>868.6</ele>
    </trkpt>
    <trkpt lat="46.566392639" lon="6.685205576">
      <ele>868.6</ele>
    </trkpt>
    <trkpt lat="46.566389057" lon="6.685204741">
      <ele>868.6</ele>
    </trkpt>
    <trkpt lat="46.566385470" lon="6.685203798">
      <ele>868.7</ele>
    </trkpt>
    <trkpt lat="46.566381883" lon="6.685202763">
      <ele>868.7</ele>
    </trkpt>
    <trkpt lat="46.566378302" lon="6.685201642">
      <ele>868.7</ele>
    </trkpt>
    <trkpt lat="46.566374733" lon="6.685200459">
      <ele>868.8</ele>
    </trkpt>
    <trkpt lat="46.566371184" lon="6.685199226">
      <ele>868.8</ele>
    </trkpt>
    <trkpt lat="46.566367659" lon="6.685197955">
      <ele>868.9</ele>
    </trkpt>
    <trkpt lat="46.566364163" lon="6.685196656">
      <ele>868.9</ele>
    </trkpt>
    <trkpt lat="46.566360698" lon="6.685195338">
      <ele>869.0</ele>
    </trkpt>
    <trkpt lat="46.566357260" lon="6.685194009">
      <ele>869.1</ele>
    </trkpt>
    <trkpt lat="46.566353843" lon="6.685192677">
      <ele>869.2</ele>
    </trkpt>
    <trkpt lat="46.566350438" lon="6.685191346">
      <ele>869.2</ele>
    </trkpt>
    <trkpt lat="46.566347037" lon="6.685190023">
      <ele>869.3</ele>
    </trkpt>
    <trkpt lat="46.566343635" lon="6.685188713">
      <ele>869.4</ele>
    </trkpt>
    <trkpt lat="46.566340229" lon="6.685187420">
      <ele>869.4</ele>
    </trkpt>
    <trkpt lat="46.566336816" lon="6.685186147">
      <ele>869.5</ele>
    </trkpt>
    <trkpt lat="46.566333400" lon="6.685184897">
      <ele>869.5</ele>
    </trkpt>
    <trkpt lat="46.566329978" lon="6.685183667">
      <ele>869.5</ele>
    </trkpt>
    <trkpt lat="46.566326553" lon="6.685182454">
      <ele>869.6</ele>
    </trkpt>
    <trkpt lat="46.566323121" lon="6.685181253">
      <ele>869.6</ele>
    </trkpt>
    <trkpt lat="46.566319680" lon="6.685180058">
      <ele>869.6</ele>
    </trkpt>
    <trkpt lat="46.566316228" lon="6.685178865">
      <ele>869.6</ele>
    </trkpt>
    <trkpt lat="46.566312764" lon="6.685177670">
      <ele>869.7</ele>
    </trkpt>
    <trkpt lat="46.566309287" lon="6.685176473">
      <ele>869.7</ele>
    </trkpt>
    <trkpt lat="46.566305802" lon="6.685175274">
      <ele>869.7</ele>
    </trkpt>
    <trkpt lat="46.566302312" lon="6.685174079">
      <ele>869.7</ele>
    </trkpt>
    <trkpt lat="46.566298823" lon="6.685172889">
      <ele>869.7</ele>
    </trkpt>
    <trkpt lat="46.566295337" lon="6.685171709">
      <ele>869.7</ele>
    </trkpt>
    <trkpt lat="46.566291859" lon="6.685170538">
      <ele>869.6</ele>
    </trkpt>
    <trkpt lat="46.566288389" lon="6.685169374">
      <ele>869.6</ele>
    </trkpt>
    <trkpt lat="46.566284926" lon="6.685168211">
      <ele>869.6</ele>
    </trkpt>
    <trkpt lat="46.566281469" lon="6.685167038">
      <ele>869.5</ele>
    </trkpt>
    <trkpt lat="46.566278017" lon="6.685165846">
      <ele>869.5</ele>
    </trkpt>
    <trkpt lat="46.566274570" lon="6.685164623">
      <ele>869.5</ele>
    </trkpt>
    <trkpt lat="46.566271128" lon="6.685163364">
      <ele>869.4</ele>
    </trkpt>
    <trkpt lat="46.566267691" lon="6.685162062">
      <ele>869.4</ele>
    </trkpt>
    <trkpt lat="46.566264258" lon="6.685160717">
      <ele>869.4</ele>
    </trkpt>
    <trkpt lat="46.566260832" lon="6.685159332">
      <ele>869.4</ele>
    </trkpt>
    <trkpt lat="46.566257414" lon="6.685157911">
      <ele>869.4</ele>
    </trkpt>
    <trkpt lat="46.566254004" lon="6.685156459">
      <ele>869.4</ele>
    </trkpt>
    <trkpt lat="46.566250602" lon="6.685154977">
      <ele>869.4</ele>
    </trkpt>
    <trkpt lat="46.566247209" lon="6.685153463">
      <ele>869.4</ele>
    </trkpt>
    <trkpt lat="46.566243824" lon="6.685151916">
      <ele>869.3</ele>
    </trkpt>
    <trkpt lat="46.566240449" lon="6.685150327">
      <ele>869.3</ele>
    </trkpt>
    <trkpt lat="46.566237080" lon="6.685148687">
      <ele>869.3</ele>
    </trkpt>
    <trkpt lat="46.566233720" lon="6.685146992">
      <ele>869.3</ele>
    </trkpt>
    <trkpt lat="46.566230370" lon="6.685145237">
      <ele>869.2</ele>
    </trkpt>
    <trkpt lat="46.566227032" lon="6.685143421">
      <ele>869.2</ele>
    </trkpt>
    <trkpt lat="46.566223709" lon="6.685141547">
      <ele>869.2</ele>
    </trkpt>
    <trkpt lat="46.566220402" lon="6.685139621">
      <ele>869.1</ele>
    </trkpt>
    <trkpt lat="46.566217114" lon="6.685137652">
      <ele>869.1</ele>
    </trkpt>
    <trkpt lat="46.566213847" lon="6.685135649">
      <ele>869.0</ele>
    </trkpt>
    <trkpt lat="46.566210603" lon="6.685133620">
      <ele>868.9</ele>
    </trkpt>
    <trkpt lat="46.566207378" lon="6.685131571">
      <ele>868.9</ele>
    </trkpt>
    <trkpt lat="46.566204172" lon="6.685129509">
      <ele>868.8</ele>
    </trkpt>
    <trkpt lat="46.566200981" lon="6.685127436">
      <ele>868.8</ele>
    </trkpt>
    <trkpt lat="46.566197798" lon="6.685125353">
      <ele>868.7</ele>
    </trkpt>
    <trkpt lat="46.566194620" lon="6.685123260">
      <ele>868.7</ele>
    </trkpt>
    <trkpt lat="46.566191440" lon="6.685121153">
      <ele>868.7</ele>
    </trkpt>
    <trkpt lat="46.566188254" lon="6.685119029">
      <ele>868.6</ele>
    </trkpt>
    <trkpt lat="46.566185060" lon="6.685116884">
      <ele>868.6</ele>
    </trkpt>
    <trkpt lat="46.566181858" lon="6.685114716">
      <ele>868.6</ele>
    </trkpt>
    <trkpt lat="46.566178645" lon="6.685112519">
      <ele>868.5</ele>
    </trkpt>
    <trkpt lat="46.566175421" lon="6.685110297">
      <ele>868.5</ele>
    </trkpt>
    <trkpt lat="46.566172188" lon="6.685108053">
      <ele>868.5</ele>
    </trkpt>
    <trkpt lat="46.566168943" lon="6.685105796">
      <ele>868.4</ele>
    </trkpt>
    <trkpt lat="46.566165687" lon="6.685103538">
      <ele>868.4</ele>
    </trkpt>
    <trkpt lat="46.566162421" lon="6.685101293">
      <ele>868.4</ele>
    </trkpt>
    <trkpt lat="46.566159145" lon="6.685099073">
      <ele>868.4</ele>
    </trkpt>
    <trkpt lat="46.566155867" lon="6.685096891">
      <ele>868.3</ele>
    </trkpt>
    <trkpt lat="46.566152593" lon="6.685094753">
      <ele>868.3</ele>
    </trkpt>
    <trkpt lat="46.566149335" lon="6.685092659">
      <ele>868.3</ele>
    </trkpt>
    <trkpt lat="46.566146098" lon="6.685090604">
      <ele>868.3</ele>
    </trkpt>
    <trkpt lat="46.566142892" lon="6.685088577">
      <ele>868.2</ele>
    </trkpt>
    <trkpt lat="46.566139721" lon="6.685086559">
      <ele>868.2</ele>
    </trkpt>
    <trkpt lat="46.566136580" lon="6.685084531">
      <ele>868.2</ele>
    </trkpt>
    <trkpt lat="46.566133465" lon="6.685082480">
      <ele>868.2</ele>
    </trkpt>
    <trkpt lat="46.566130367" lon="6.685080396">
      <ele>868.2</ele>
    </trkpt>
    <trkpt lat="46.566127277" lon="6.685078279">
      <ele>868.2</ele>
    </trkpt>
    <trkpt lat="46.566124186" lon="6.685076139">
      <ele>868.2</ele>
    </trkpt>
    <trkpt lat="46.566121091" lon="6.685073998">
      <ele>868.2</ele>
    </trkpt>
    <trkpt lat="46.566117992" lon="6.685071882">
      <ele>868.2</ele>
    </trkpt>
    <trkpt lat="46.566114893" lon="6.685069820">
      <ele>868.1</ele>
    </trkpt>
    <trkpt lat="46.566111799" lon="6.685067836">
      <ele>868.1</ele>
    </trkpt>
    <trkpt lat="46.566108712" lon="6.685065951">
      <ele>868.1</ele>
    </trkpt>
    <trkpt lat="46.566105634" lon="6.685064175">
      <ele>868.0</ele>
    </trkpt>
    <trkpt lat="46.566102558" lon="6.685062507">
      <ele>868.0</ele>
    </trkpt>
    <trkpt lat="46.566099478" lon="6.685060938">
      <ele>868.0</ele>
    </trkpt>
    <trkpt lat="46.566096379" lon="6.685059454">
      <ele>867.9</ele>
    </trkpt>
    <trkpt lat="46.566093250" lon="6.685058031">
      <ele>867.9</ele>
    </trkpt>
    <trkpt lat="46.566090082" lon="6.685056648">
      <ele>867.9</ele>
    </trkpt>
    <trkpt lat="46.566086870" lon="6.685055282">
      <ele>867.8</ele>
    </trkpt>
    <trkpt lat="46.566083613" lon="6.685053911">
      <ele>867.8</ele>
    </trkpt>
    <trkpt lat="46.566080318" lon="6.685052521">
      <ele>867.7</ele>
    </trkpt>
    <trkpt lat="46.566076995" lon="6.685051102">
      <ele>867.7</ele>
    </trkpt>
    <trkpt lat="46.566073654" lon="6.685049648">
      <ele>867.7</ele>
    </trkpt>
    <trkpt lat="46.566070305" lon="6.685048161">
      <ele>867.6</ele>
    </trkpt>
    <trkpt lat="46.566066959" lon="6.685046643">
      <ele>867.6</ele>
    </trkpt>
    <trkpt lat="46.566063620" lon="6.685045102">
      <ele>867.6</ele>
    </trkpt>
    <trkpt lat="46.566060289" lon="6.685043543">
      <ele>867.5</ele>
    </trkpt>
    <trkpt lat="46.566056962" lon="6.685041972">
      <ele>867.5</ele>
    </trkpt>
    <trkpt lat="46.566053635" lon="6.685040393">
      <ele>867.5</ele>
    </trkpt>
    <trkpt lat="46.566050300" lon="6.685038813">
      <ele>867.4</ele>
    </trkpt>
    <trkpt lat="46.566046954" lon="6.685037240">
      <ele>867.4</ele>
    </trkpt>
    <trkpt lat="46.566043593" lon="6.685035680">
      <ele>867.4</ele>
    </trkpt>
    <trkpt lat="46.566040221" lon="6.685034142">
      <ele>867.4</ele>
    </trkpt>
    <trkpt lat="46.566036840" lon="6.685032631">
      <ele>867.4</ele>
    </trkpt>
    <trkpt lat="46.566033453" lon="6.685031152">
      <ele>867.4</ele>
    </trkpt>
    <trkpt lat="46.566030066" lon="6.685029712">
      <ele>867.4</ele>
    </trkpt>
    <trkpt lat="46.566026678" lon="6.685028312">
      <ele>867.4</ele>
    </trkpt>
    <trkpt lat="46.566023289" lon="6.685026956">
      <ele>867.5</ele>
    </trkpt>
    <trkpt lat="46.566019897" lon="6.685025642">
      <ele>867.5</ele>
    </trkpt>
    <trkpt lat="46.566016498" lon="6.685024368">
      <ele>867.6</ele>
    </trkpt>
    <trkpt lat="46.566013088" lon="6.685023124">
      <ele>867.6</ele>
    </trkpt>
    <trkpt lat="46.566009667" lon="6.685021901">
      <ele>867.7</ele>
    </trkpt>
    <trkpt lat="46.566006234" lon="6.685020678">
      <ele>867.8</ele>
    </trkpt>
    <trkpt lat="46.566002792" lon="6.685019438">
      <ele>867.9</ele>
    </trkpt>
    <trkpt lat="46.565999346" lon="6.685018163">
      <ele>868.0</ele>
    </trkpt>
    <trkpt lat="46.565995896" lon="6.685016832">
      <ele>868.1</ele>
    </trkpt>
    <trkpt lat="46.565992451" lon="6.685015439">
      <ele>868.2</ele>
    </trkpt>
    <trkpt lat="46.565989018" lon="6.685013981">
      <ele>868.3</ele>
    </trkpt>
    <trkpt lat="46.565985596" lon="6.685012458">
      <ele>868.3</ele>
    </trkpt>
    <trkpt lat="46.565982190" lon="6.685010878">
      <ele>868.4</ele>
    </trkpt>
    <trkpt lat="46.565978804" lon="6.685009254">
      <ele>868.5</ele>
    </trkpt>
    <trkpt lat="46.565975433" lon="6.685007600">
      <ele>868.6</ele>
    </trkpt>
    <trkpt lat="46.565972081" lon="6.685005932">
      <ele>868.7</ele>
    </trkpt>
    <trkpt lat="46.565968745" lon="6.685004266">
      <ele>868.8</ele>
    </trkpt>
    <trkpt lat="46.565965426" lon="6.685002622">
      <ele>868.9</ele>
    </trkpt>
    <trkpt lat="46.565962127" lon="6.685001018">
      <ele>869.0</ele>
    </trkpt>
    <trkpt lat="46.565958854" lon="6.684999474">
      <ele>869.1</ele>
    </trkpt>
    <trkpt lat="46.565955606" lon="6.684998004">
      <ele>869.2</ele>
    </trkpt>
    <trkpt lat="46.565952386" lon="6.684996620">
      <ele>869.3</ele>
    </trkpt>
    <trkpt lat="46.565949190" lon="6.684995325">
      <ele>869.4</ele>
    </trkpt>
    <trkpt lat="46.565946012" lon="6.684994110">
      <ele>869.5</ele>
    </trkpt>
    <trkpt lat="46.565942838" lon="6.684992957">
      <ele>869.6</ele>
    </trkpt>
    <trkpt lat="46.565939659" lon="6.684991845">
      <ele>869.6</ele>
    </trkpt>
    <trkpt lat="46.565936468" lon="6.684990740">
      <ele>869.6</ele>
    </trkpt>
    <trkpt lat="46.565933261" lon="6.684989609">
      <ele>869.6</ele>
    </trkpt>
    <trkpt lat="46.565930042" lon="6.684988412">
      <ele>869.6</ele>
    </trkpt>
    <trkpt lat="46.565926827" lon="6.684987114">
      <ele>869.5</ele>
    </trkpt>
    <trkpt lat="46.565923631" lon="6.684985687">
      <ele>869.5</ele>
    </trkpt>
    <trkpt lat="46.565920478" lon="6.684984113">
      <ele>869.4</ele>
    </trkpt>
    <trkpt lat="46.565917381" lon="6.684982384">
      <ele>869.4</ele>
    </trkpt>
    <trkpt lat="46.565914353" lon="6.684980497">
      <ele>869.3</ele>
    </trkpt>
    <trkpt lat="46.565911387" lon="6.684978463">
      <ele>869.3</ele>
    </trkpt>
    <trkpt lat="46.565908477" lon="6.684976295">
      <ele>869.3</ele>
    </trkpt>
    <trkpt lat="46.565905612" lon="6.684974005">
      <ele>869.2</ele>
    </trkpt>
    <trkpt lat="46.565902770" lon="6.684971604">
      <ele>869.2</ele>
    </trkpt>
    <trkpt lat="46.565899942" lon="6.684969090">
      <ele>869.1</ele>
    </trkpt>
    <trkpt lat="46.565897128" lon="6.684966462">
      <ele>869.1</ele>
    </trkpt>
    <trkpt lat="46.565894330" lon="6.684963719">
      <ele>869.1</ele>
    </trkpt>
    <trkpt lat="46.565891558" lon="6.684960860">
      <ele>869.0</ele>
    </trkpt>
    <trkpt lat="46.565888821" lon="6.684957901">
      <ele>869.0</ele>
    </trkpt>
    <trkpt lat="46.565886123" lon="6.684954864">
      <ele>868.9</ele>
    </trkpt>
    <trkpt lat="46.565883465" lon="6.684951784">
      <ele>868.9</ele>
    </trkpt>
    <trkpt lat="46.565880835" lon="6.684948697">
      <ele>868.8</ele>
    </trkpt>
    <trkpt lat="46.565878220" lon="6.684945636">
      <ele>868.8</ele>
    </trkpt>
    <trkpt lat="46.565875605" lon="6.684942623">
      <ele>868.7</ele>
    </trkpt>
    <trkpt lat="46.565872979" lon="6.684939670">
      <ele>868.6</ele>
    </trkpt>
    <trkpt lat="46.565870340" lon="6.684936776">
      <ele>868.4</ele>
    </trkpt>
    <trkpt lat="46.565867686" lon="6.684933926">
      <ele>868.3</ele>
    </trkpt>
    <trkpt lat="46.565865028" lon="6.684931112">
      <ele>868.1</ele>
    </trkpt>
    <trkpt lat="46.565862368" lon="6.684928319">
      <ele>867.9</ele>
    </trkpt>
    <trkpt lat="46.565859725" lon="6.684925552">
      <ele>867.7</ele>
    </trkpt>
    <trkpt lat="46.565857108" lon="6.684922821">
      <ele>867.5</ele>
    </trkpt>
    <trkpt lat="46.565854527" lon="6.684920140">
      <ele>867.3</ele>
    </trkpt>
    <trkpt lat="46.565851985" lon="6.684917525">
      <ele>867.1</ele>
    </trkpt>
    <trkpt lat="46.565849480" lon="6.684914987">
      <ele>866.9</ele>
    </trkpt>
    <trkpt lat="46.565846997" lon="6.684912532">
      <ele>866.7</ele>
    </trkpt>
    <trkpt lat="46.565844515" lon="6.684910148">
      <ele>866.4</ele>
    </trkpt>
    <trkpt lat="46.565842001" lon="6.684907822">
      <ele>866.2</ele>
    </trkpt>
    <trkpt lat="46.565839429" lon="6.684905538">
      <ele>866.0</ele>
    </trkpt>
    <trkpt lat="46.565836774" lon="6.684903260">
      <ele>865.7</ele>
    </trkpt>
    <trkpt lat="46.565834021" lon="6.684900986">
      <ele>865.4</ele>
    </trkpt>
    <trkpt lat="46.565831174" lon="6.684898707">
      <ele>865.0</ele>
    </trkpt>
    <trkpt lat="46.565828251" lon="6.684896420">
      <ele>864.6</ele>
    </trkpt>
    <trkpt lat="46.565825284" lon="6.684894113">
      <ele>864.3</ele>
    </trkpt>
    <trkpt lat="46.565822306" lon="6.684891767">
      <ele>863.9</ele>
    </trkpt>
    <trkpt lat="46.565819351" lon="6.684889352">
      <ele>863.5</ele>
    </trkpt>
    <trkpt lat="46.565816445" lon="6.684886831">
      <ele>863.2</ele>
    </trkpt>
    <trkpt lat="46.565813607" lon="6.684884171">
      <ele>863.0</ele>
    </trkpt>
    <trkpt lat="46.565810840" lon="6.684881359">
      <ele>862.9</ele>
    </trkpt>
    <trkpt lat="46.565808137" lon="6.684878406">
      <ele>862.9</ele>
    </trkpt>
    <trkpt lat="46.565805475" lon="6.684875360">
      <ele>862.9</ele>
    </trkpt>
    <trkpt lat="46.565802821" lon="6.684872295">
      <ele>863.1</ele>
    </trkpt>
    <trkpt lat="46.565800150" lon="6.684869299">
      <ele>863.2</ele>
    </trkpt>
    <trkpt lat="46.565797433" lon="6.684866460">
      <ele>863.4</ele>
    </trkpt>
    <trkpt lat="46.565794650" lon="6.684863847">
      <ele>863.6</ele>
    </trkpt>
    <trkpt lat="46.565791789" lon="6.684861484">
      <ele>863.8</ele>
    </trkpt>
    <trkpt lat="46.565788850" lon="6.684859371">
      <ele>864.0</ele>
    </trkpt>
    <trkpt lat="46.565785837" lon="6.684857470">
      <ele>864.1</ele>
    </trkpt>
    <trkpt lat="46.565782762" lon="6.684855729">
      <ele>864.2</ele>
    </trkpt>
    <trkpt lat="46.565779622" lon="6.684854084">
      <ele>864.3</ele>
    </trkpt>
    <trkpt lat="46.565776425" lon="6.684852481">
      <ele>864.4</ele>
    </trkpt>
    <trkpt lat="46.565773171" lon="6.684850878">
      <ele>864.4</ele>
    </trkpt>
    <trkpt lat="46.565769854" lon="6.684849256">
      <ele>864.5</ele>
    </trkpt>
    <trkpt lat="46.565766478" lon="6.684847617">
      <ele>864.6</ele>
    </trkpt>
    <trkpt lat="46.565763050" lon="6.684845992">
      <ele>864.7</ele>
    </trkpt>
    <trkpt lat="46.565759577" lon="6.684844400">
      <ele>864.7</ele>
    </trkpt>
    <trkpt lat="46.565756072" lon="6.684842884">
      <ele>864.8</ele>
    </trkpt>
    <trkpt lat="46.565752548" lon="6.684841481">
      <ele>864.8</ele>
    </trkpt>
    <trkpt lat="46.565749018" lon="6.684840223">
      <ele>864.9</ele>
    </trkpt>
    <trkpt lat="46.565745498" lon="6.684839128">
      <ele>864.9</ele>
    </trkpt>
    <trkpt lat="46.565742004" lon="6.684838205">
      <ele>864.8</ele>
    </trkpt>
    <trkpt lat="46.565738554" lon="6.684837450">
      <ele>864.8</ele>
    </trkpt>
    <trkpt lat="46.565735162" lon="6.684836851">
      <ele>864.7</ele>
    </trkpt>
    <trkpt lat="46.565731843" lon="6.684836386">
      <ele>864.6</ele>
    </trkpt>
    <trkpt lat="46.565728604" lon="6.684836021">
      <ele>864.4</ele>
    </trkpt>
    <trkpt lat="46.565725446" lon="6.684835715">
      <ele>864.3</ele>
    </trkpt>
    <trkpt lat="46.565722367" lon="6.684835421">
      <ele>864.1</ele>
    </trkpt>
    <trkpt lat="46.565719350" lon="6.684835090">
      <ele>864.0</ele>
    </trkpt>
    <trkpt lat="46.565716378" lon="6.684834673">
      <ele>863.8</ele>
    </trkpt>
    <trkpt lat="46.565713442" lon="6.684834142">
      <ele>863.7</ele>
    </trkpt>
    <trkpt lat="46.565710528" lon="6.684833483">
      <ele>863.6</ele>
    </trkpt>
    <trkpt lat="46.565707626" lon="6.684832701">
      <ele>863.5</ele>
    </trkpt>
    <trkpt lat="46.565704724" lon="6.684831810">
      <ele>863.5</ele>
    </trkpt>
    <trkpt lat="46.565701807" lon="6.684830830">
      <ele>863.4</ele>
    </trkpt>
    <trkpt lat="46.565698860" lon="6.684829784">
      <ele>863.4</ele>
    </trkpt>
    <trkpt lat="46.565695849" lon="6.684828684">
      <ele>863.3</ele>
    </trkpt>
    <trkpt lat="46.565692739" lon="6.684827538">
      <ele>863.3</ele>
    </trkpt>
    <trkpt lat="46.565689512" lon="6.684826345">
      <ele>863.3</ele>
    </trkpt>
    <trkpt lat="46.565686144" lon="6.684825107">
      <ele>863.3</ele>
    </trkpt>
    <trkpt lat="46.565682630" lon="6.684823830">
      <ele>863.3</ele>
    </trkpt>
    <trkpt lat="46.565678985" lon="6.684822537">
      <ele>863.3</ele>
    </trkpt>
    <trkpt lat="46.565675229" lon="6.684821254">
      <ele>863.4</ele>
    </trkpt>
    <trkpt lat="46.565671397" lon="6.684820022">
      <ele>863.4</ele>
    </trkpt>
    <trkpt lat="46.565667530" lon="6.684818876">
      <ele>863.5</ele>
    </trkpt>
    <trkpt lat="46.565663659" lon="6.684817829">
      <ele>863.6</ele>
    </trkpt>
    <trkpt lat="46.565659819" lon="6.684816886">
      <ele>863.7</ele>
    </trkpt>
    <trkpt lat="46.565656036" lon="6.684816017">
      <ele>863.8</ele>
    </trkpt>
    <trkpt lat="46.565652334" lon="6.684815169">
      <ele>863.9</ele>
    </trkpt>
    <trkpt lat="46.565648729" lon="6.684814272">
      <ele>864.0</ele>
    </trkpt>
    <trkpt lat="46.565645242" lon="6.684813248">
      <ele>864.1</ele>
    </trkpt>
    <trkpt lat="46.565641880" lon="6.684812033">
      <ele>864.3</ele>
    </trkpt>
    <trkpt lat="46.565638638" lon="6.684810585">
      <ele>864.4</ele>
    </trkpt>
    <trkpt lat="46.565635513" lon="6.684808903">
      <ele>864.5</ele>
    </trkpt>
    <trkpt lat="46.565632489" lon="6.684807023">
      <ele>864.6</ele>
    </trkpt>
    <trkpt lat="46.565629541" lon="6.684805007">
      <ele>864.7</ele>
    </trkpt>
    <trkpt lat="46.565626646" lon="6.684802943">
      <ele>864.9</ele>
    </trkpt>
    <trkpt lat="46.565623780" lon="6.684800925">
      <ele>865.0</ele>
    </trkpt>
    <trkpt lat="46.565620924" lon="6.684799021">
      <ele>865.1</ele>
    </trkpt>
    <trkpt lat="46.565618060" lon="6.684797282">
      <ele>865.2</ele>
    </trkpt>
    <trkpt lat="46.565615178" lon="6.684795712">
      <ele>865.3</ele>
    </trkpt>
    <trkpt lat="46.565612277" lon="6.684794282">
      <ele>865.4</ele>
    </trkpt>
    <trkpt lat="46.565609354" lon="6.684792942">
      <ele>865.5</ele>
    </trkpt>
    <trkpt lat="46.565606409" lon="6.684791612">
      <ele>865.6</ele>
    </trkpt>
    <trkpt lat="46.565603450" lon="6.684790219">
      <ele>865.7</ele>
    </trkpt>
    <trkpt lat="46.565600485" lon="6.684788717">
      <ele>865.8</ele>
    </trkpt>
    <trkpt lat="46.565597507" lon="6.684787095">
      <ele>865.9</ele>
    </trkpt>
    <trkpt lat="46.565594516" lon="6.684785399">
      <ele>866.0</ele>
    </trkpt>
    <trkpt lat="46.565591499" lon="6.684783716">
      <ele>866.1</ele>
    </trkpt>
    <trkpt lat="46.565588438" lon="6.684782168">
      <ele>866.1</ele>
    </trkpt>
    <trkpt lat="46.565585325" lon="6.684780890">
      <ele>866.1</ele>
    </trkpt>
    <trkpt lat="46.565582156" lon="6.684779980">
      <ele>866.0</ele>
    </trkpt>
    <trkpt lat="46.565578932" lon="6.684779489">
      <ele>865.8</ele>
    </trkpt>
    <trkpt lat="46.565575675" lon="6.684779399">
      <ele>865.5</ele>
    </trkpt>
    <trkpt lat="46.565572403" lon="6.684779627">
      <ele>865.2</ele>
    </trkpt>
    <trkpt lat="46.565569135" lon="6.684780043">
      <ele>864.9</ele>
    </trkpt>
    <trkpt lat="46.565565888" lon="6.684780497">
      <ele>864.7</ele>
    </trkpt>
    <trkpt lat="46.565562671" lon="6.684780855">
      <ele>864.4</ele>
    </trkpt>
    <trkpt lat="46.565559475" lon="6.684781015">
      <ele>864.2</ele>
    </trkpt>
    <trkpt lat="46.565556286" lon="6.684780924">
      <ele>864.1</ele>
    </trkpt>
    <trkpt lat="46.565553083" lon="6.684780564">
      <ele>864.1</ele>
    </trkpt>
    <trkpt lat="46.565549850" lon="6.684779955">
      <ele>864.1</ele>
    </trkpt>
    <trkpt lat="46.565546577" lon="6.684779125">
      <ele>864.2</ele>
    </trkpt>
    <trkpt lat="46.565543259" lon="6.684778120">
      <ele>864.3</ele>
    </trkpt>
    <trkpt lat="46.565539902" lon="6.684776966">
      <ele>864.4</ele>
    </trkpt>
    <trkpt lat="46.565536519" lon="6.684775697">
      <ele>864.5</ele>
    </trkpt>
    <trkpt lat="46.565533124" lon="6.684774337">
      <ele>864.7</ele>
    </trkpt>
    <trkpt lat="46.565529735" lon="6.684772897">
      <ele>864.8</ele>
    </trkpt>
    <trkpt lat="46.565526361" lon="6.684771406">
      <ele>864.9</ele>
    </trkpt>
    <trkpt lat="46.565523015" lon="6.684769871">
      <ele>865.1</ele>
    </trkpt>
    <trkpt lat="46.565519703" lon="6.684768297">
      <ele>865.2</ele>
    </trkpt>
    <trkpt lat="46.565516430" lon="6.684766685">
      <ele>865.3</ele>
    </trkpt>
    <trkpt lat="46.565513190" lon="6.684765033">
      <ele>865.4</ele>
    </trkpt>
    <trkpt lat="46.565509970" lon="6.684763332">
      <ele>865.5</ele>
    </trkpt>
    <trkpt lat="46.565506764" lon="6.684761580">
      <ele>865.5</ele>
    </trkpt>
    <trkpt lat="46.565503562" lon="6.684759768">
      <ele>865.6</ele>
    </trkpt>
    <trkpt lat="46.565500352" lon="6.684757876">
      <ele>865.7</ele>
    </trkpt>
    <trkpt lat="46.565497132" lon="6.684755907">
      <ele>865.7</ele>
    </trkpt>
    <trkpt lat="46.565493902" lon="6.684753851">
      <ele>865.7</ele>
    </trkpt>
    <trkpt lat="46.565490676" lon="6.684751697">
      <ele>865.8</ele>
    </trkpt>
    <trkpt lat="46.565487471" lon="6.684749427">
      <ele>865.8</ele>
    </trkpt>
    <trkpt lat="46.565484307" lon="6.684747027">
      <ele>865.9</ele>
    </trkpt>
    <trkpt lat="46.565481205" lon="6.684744471">
      <ele>866.0</ele>
    </trkpt>
    <trkpt lat="46.565478189" lon="6.684741733">
      <ele>866.1</ele>
    </trkpt>
    <trkpt lat="46.565475267" lon="6.684738826">
      <ele>866.3</ele>
    </trkpt>
    <trkpt lat="46.565472437" lon="6.684735798">
      <ele>866.6</ele>
    </trkpt>
    <trkpt lat="46.565469690" lon="6.684732722">
      <ele>866.8</ele>
    </trkpt>
    <trkpt lat="46.565466999" lon="6.684729696">
      <ele>867.1</ele>
    </trkpt>
    <trkpt lat="46.565464337" lon="6.684726850">
      <ele>867.4</ele>
    </trkpt>
    <trkpt lat="46.565461670" lon="6.684724293">
      <ele>867.6</ele>
    </trkpt>
    <trkpt lat="46.565458965" lon="6.684722097">
      <ele>867.9</ele>
    </trkpt>
    <trkpt lat="46.565456198" lon="6.684720273">
      <ele>868.1</ele>
    </trkpt>
    <trkpt lat="46.565453360" lon="6.684718774">
      <ele>868.2</ele>
    </trkpt>
    <trkpt lat="46.565450443" lon="6.684717498">
      <ele>868.4</ele>
    </trkpt>
    <trkpt lat="46.565447457" lon="6.684716320">
      <ele>868.5</ele>
    </trkpt>
    <trkpt lat="46.565444414" lon="6.684715109">
      <ele>868.7</ele>
    </trkpt>
    <trkpt lat="46.565441332" lon="6.684713763">
      <ele>868.8</ele>
    </trkpt>
    <trkpt lat="46.565438227" lon="6.684712213">
      <ele>869.0</ele>
    </trkpt>
    <trkpt lat="46.565435119" lon="6.684710438">
      <ele>869.2</ele>
    </trkpt>
    <trkpt lat="46.565432013" lon="6.684708450">
      <ele>869.4</ele>
    </trkpt>
    <trkpt lat="46.565428918" lon="6.684706292">
      <ele>869.7</ele>
    </trkpt>
    <trkpt lat="46.565425838" lon="6.684704029">
      <ele>869.9</ele>
    </trkpt>
    <trkpt lat="46.565422766" lon="6.684701698">
      <ele>870.0</ele>
    </trkpt>
    <trkpt lat="46.565419699" lon="6.684699351">
      <ele>870.1</ele>
    </trkpt>
    <trkpt lat="46.565416630" lon="6.684697026">
      <ele>870.2</ele>
    </trkpt>
    <trkpt lat="46.565413553" lon="6.684694751">
      <ele>870.3</ele>
    </trkpt>
    <trkpt lat="46.565410465" lon="6.684692544">
      <ele>870.3</ele>
    </trkpt>
    <trkpt lat="46.565407348" lon="6.684690434">
      <ele>870.4</ele>
    </trkpt>
    <trkpt lat="46.565404195" lon="6.684688448">
      <ele>870.3</ele>
    </trkpt>
    <trkpt lat="46.565400994" lon="6.684686599">
      <ele>870.3</ele>
    </trkpt>
    <trkpt lat="46.565397733" lon="6.684684900">
      <ele>870.3</ele>
    </trkpt>
    <trkpt lat="46.565394398" lon="6.684683363">
      <ele>870.2</ele>
    </trkpt>
    <trkpt lat="46.565390988" lon="6.684681985">
      <ele>870.2</ele>
    </trkpt>
    <trkpt lat="46.565387504" lon="6.684680730">
      <ele>870.1</ele>
    </trkpt>
    <trkpt lat="46.565383953" lon="6.684679564">
      <ele>870.0</ele>
    </trkpt>
    <trkpt lat="46.565380360" lon="6.684678448">
      <ele>870.0</ele>
    </trkpt>
    <trkpt lat="46.565376749" lon="6.684677326">
      <ele>869.9</ele>
    </trkpt>
    <trkpt lat="46.565373136" lon="6.684676167">
      <ele>869.9</ele>
    </trkpt>
    <trkpt lat="46.565369536" lon="6.684674961">
      <ele>869.9</ele>
    </trkpt>
    <trkpt lat="46.565365957" lon="6.684673690">
      <ele>869.9</ele>
    </trkpt>
    <trkpt lat="46.565362401" lon="6.684672355">
      <ele>869.9</ele>
    </trkpt>
    <trkpt lat="46.565358863" lon="6.684670958">
      <ele>869.9</ele>
    </trkpt>
    <trkpt lat="46.565355341" lon="6.684669507">
      <ele>869.8</ele>
    </trkpt>
    <trkpt lat="46.565351828" lon="6.684668010">
      <ele>869.8</ele>
    </trkpt>
    <trkpt lat="46.565348321" lon="6.684666476">
      <ele>869.6</ele>
    </trkpt>
    <trkpt lat="46.565344823" lon="6.684664921">
      <ele>869.5</ele>
    </trkpt>
    <trkpt lat="46.565341335" lon="6.684663370">
      <ele>869.3</ele>
    </trkpt>
    <trkpt lat="46.565337863" lon="6.684661848">
      <ele>869.2</ele>
    </trkpt>
    <trkpt lat="46.565334399" lon="6.684660376">
      <ele>869.0</ele>
    </trkpt>
    <trkpt lat="46.565330949" lon="6.684658967">
      <ele>868.8</ele>
    </trkpt>
    <trkpt lat="46.565327509" lon="6.684657616">
      <ele>868.5</ele>
    </trkpt>
    <trkpt lat="46.565324079" lon="6.684656300">
      <ele>868.3</ele>
    </trkpt>
    <trkpt lat="46.565320662" lon="6.684654982">
      <ele>868.1</ele>
    </trkpt>
    <trkpt lat="46.565317257" lon="6.684653618">
      <ele>867.9</ele>
    </trkpt>
    <trkpt lat="46.565313867" lon="6.684652175">
      <ele>867.8</ele>
    </trkpt>
    <trkpt lat="46.565310494" lon="6.684650634">
      <ele>867.6</ele>
    </trkpt>
    <trkpt lat="46.565307138" lon="6.684648993">
      <ele>867.5</ele>
    </trkpt>
    <trkpt lat="46.565303797" lon="6.684647267">
      <ele>867.4</ele>
    </trkpt>
    <trkpt lat="46.565300469" lon="6.684645482">
      <ele>867.3</ele>
    </trkpt>
    <trkpt lat="46.565297153" lon="6.684643665">
      <ele>867.2</ele>
    </trkpt>
    <trkpt lat="46.565293838" lon="6.684641847">
      <ele>867.2</ele>
    </trkpt>
    <trkpt lat="46.565290518" lon="6.684640055">
      <ele>867.1</ele>
    </trkpt>
    <trkpt lat="46.565287191" lon="6.684638287">
      <ele>867.1</ele>
    </trkpt>
    <trkpt lat="46.565283853" lon="6.684636541">
      <ele>867.0</ele>
    </trkpt>
    <trkpt lat="46.565280499" lon="6.684634822">
      <ele>867.0</ele>
    </trkpt>
    <trkpt lat="46.565277130" lon="6.684633121">
      <ele>866.9</ele>
    </trkpt>
    <trkpt lat="46.565273750" lon="6.684631425">
      <ele>866.9</ele>
    </trkpt>
    <trkpt lat="46.565270365" lon="6.684629725">
      <ele>866.8</ele>
    </trkpt>
    <trkpt lat="46.565266982" lon="6.684628014">
      <ele>866.8</ele>
    </trkpt>
    <trkpt lat="46.565263607" lon="6.684626284">
      <ele>866.7</ele>
    </trkpt>
    <trkpt lat="46.565260245" lon="6.684624534">
      <ele>866.7</ele>
    </trkpt>
    <trkpt lat="46.565256902" lon="6.684622761">
      <ele>866.6</ele>
    </trkpt>
    <trkpt lat="46.565253580" lon="6.684620966">
      <ele>866.6</ele>
    </trkpt>
    <trkpt lat="46.565250279" lon="6.684619150">
      <ele>866.6</ele>
    </trkpt>
    <trkpt lat="46.565246993" lon="6.684617310">
      <ele>866.6</ele>
    </trkpt>
    <trkpt lat="46.565243715" lon="6.684615445">
      <ele>866.5</ele>
    </trkpt>
    <trkpt lat="46.565240443" lon="6.684613556">
      <ele>866.5</ele>
    </trkpt>
    <trkpt lat="46.565237160" lon="6.684611648">
      <ele>866.5</ele>
    </trkpt>
    <trkpt lat="46.565233865" lon="6.684609726">
      <ele>866.5</ele>
    </trkpt>
    <trkpt lat="46.565230553" lon="6.684607786">
      <ele>866.5</ele>
    </trkpt>
    <trkpt lat="46.565227223" lon="6.684605848">
      <ele>866.5</ele>
    </trkpt>
    <trkpt lat="46.565223873" lon="6.684603923">
      <ele>866.5</ele>
    </trkpt>
    <trkpt lat="46.565220509" lon="6.684602024">
      <ele>866.5</ele>
    </trkpt>
    <trkpt lat="46.565217134" lon="6.684600164">
      <ele>866.5</ele>
    </trkpt>
    <trkpt lat="46.565213750" lon="6.684598350">
      <ele>866.5</ele>
    </trkpt>
    <trkpt lat="46.565210357" lon="6.684596574">
      <ele>866.6</ele>
    </trkpt>
    <trkpt lat="46.565206962" lon="6.684594812">
      <ele>866.6</ele>
    </trkpt>
    <trkpt lat="46.565203568" lon="6.684593048">
      <ele>866.6</ele>
    </trkpt>
    <trkpt lat="46.565200180" lon="6.684591259">
      <ele>866.6</ele>
    </trkpt>
    <trkpt lat="46.565196805" lon="6.684589429">
      <ele>866.7</ele>
    </trkpt>
    <trkpt lat="46.565193451" lon="6.684587557">
      <ele>866.7</ele>
    </trkpt>
    <trkpt lat="46.565190125" lon="6.684585650">
      <ele>866.7</ele>
    </trkpt>
    <trkpt lat="46.565186829" lon="6.684583725">
      <ele>866.7</ele>
    </trkpt>
    <trkpt lat="46.565183567" lon="6.684581795">
      <ele>866.6</ele>
    </trkpt>
    <trkpt lat="46.565180340" lon="6.684579870">
      <ele>866.6</ele>
    </trkpt>
    <trkpt lat="46.565177145" lon="6.684577944">
      <ele>866.5</ele>
    </trkpt>
    <trkpt lat="46.565173985" lon="6.684576006">
      <ele>866.5</ele>
    </trkpt>
    <trkpt lat="46.565170859" lon="6.684574040">
      <ele>866.4</ele>
    </trkpt>
    <trkpt lat="46.565167768" lon="6.684572042">
      <ele>866.3</ele>
    </trkpt>
    <trkpt lat="46.565164710" lon="6.684570014">
      <ele>866.2</ele>
    </trkpt>
    <trkpt lat="46.565161674" lon="6.684567973">
      <ele>866.2</ele>
    </trkpt>
    <trkpt lat="46.565158642" lon="6.684565943">
      <ele>866.1</ele>
    </trkpt>
    <trkpt lat="46.565155596" lon="6.684563946">
      <ele>866.1</ele>
    </trkpt>
    <trkpt lat="46.565152512" lon="6.684561989">
      <ele>866.1</ele>
    </trkpt>
    <trkpt lat="46.565149370" lon="6.684560078">
      <ele>866.2</ele>
    </trkpt>
    <trkpt lat="46.565146166" lon="6.684558188">
      <ele>866.2</ele>
    </trkpt>
    <trkpt lat="46.565142901" lon="6.684556291">
      <ele>866.2</ele>
    </trkpt>
    <trkpt lat="46.565139588" lon="6.684554349">
      <ele>866.2</ele>
    </trkpt>
    <trkpt lat="46.565136246" lon="6.684552327">
      <ele>866.3</ele>
    </trkpt>
    <trkpt lat="46.565132902" lon="6.684550196">
      <ele>866.3</ele>
    </trkpt>
    <trkpt lat="46.565129581" lon="6.684547948">
      <ele>866.3</ele>
    </trkpt>
    <trkpt lat="46.565126293" lon="6.684545595">
      <ele>866.3</ele>
    </trkpt>
    <trkpt lat="46.565123051" lon="6.684543153">
      <ele>866.3</ele>
    </trkpt>
    <trkpt lat="46.565119852" lon="6.684540663">
      <ele>866.3</ele>
    </trkpt>
    <trkpt lat="46.565116689" lon="6.684538180">
      <ele>866.3</ele>
    </trkpt>
    <trkpt lat="46.565113548" lon="6.684535761">
      <ele>866.4</ele>
    </trkpt>
    <trkpt lat="46.565110410" lon="6.684533454">
      <ele>866.4</ele>
    </trkpt>
    <trkpt lat="46.565107248" lon="6.684531287">
      <ele>866.4</ele>
    </trkpt>
    <trkpt lat="46.565104050" lon="6.684529272">
      <ele>866.4</ele>
    </trkpt>
    <trkpt lat="46.565100805" lon="6.684527388">
      <ele>866.4</ele>
    </trkpt>
    <trkpt lat="46.565097508" lon="6.684525598">
      <ele>866.4</ele>
    </trkpt>
    <trkpt lat="46.565094166" lon="6.684523844">
      <ele>866.3</ele>
    </trkpt>
    <trkpt lat="46.565090800" lon="6.684522070">
      <ele>866.3</ele>
    </trkpt>
    <trkpt lat="46.565087427" lon="6.684520225">
      <ele>866.3</ele>
    </trkpt>
    <trkpt lat="46.565084072" lon="6.684518273">
      <ele>866.2</ele>
    </trkpt>
    <trkpt lat="46.565080748" lon="6.684516194">
      <ele>866.2</ele>
    </trkpt>
    <trkpt lat="46.565077473" lon="6.684513989">
      <ele>866.1</ele>
    </trkpt>
    <trkpt lat="46.565074248" lon="6.684511671">
      <ele>866.0</ele>
    </trkpt>
    <trkpt lat="46.565071079" lon="6.684509267">
      <ele>865.9</ele>
    </trkpt>
    <trkpt lat="46.565067960" lon="6.684506797">
      <ele>865.8</ele>
    </trkpt>
    <trkpt lat="46.565064883" lon="6.684504287">
      <ele>865.6</ele>
    </trkpt>
    <trkpt lat="46.565061840" lon="6.684501762">
      <ele>865.5</ele>
    </trkpt>
    <trkpt lat="46.565058815" lon="6.684499240">
      <ele>865.4</ele>
    </trkpt>
    <trkpt lat="46.565055796" lon="6.684496732">
      <ele>865.4</ele>
    </trkpt>
    <trkpt lat="46.565052763" lon="6.684494240">
      <ele>865.3</ele>
    </trkpt>
    <trkpt lat="46.565049709" lon="6.684491765">
      <ele>865.2</ele>
    </trkpt>
    <trkpt lat="46.565046630" lon="6.684489302">
      <ele>865.2</ele>
    </trkpt>
    <trkpt lat="46.565043524" lon="6.684486839">
      <ele>865.1</ele>
    </trkpt>
    <trkpt lat="46.565040396" lon="6.684484358">
      <ele>865.1</ele>
    </trkpt>
    <trkpt lat="46.565037253" lon="6.684481848">
      <ele>865.1</ele>
    </trkpt>
    <trkpt lat="46.565034105" lon="6.684479284">
      <ele>865.0</ele>
    </trkpt>
    <trkpt lat="46.565030966" lon="6.684476662">
      <ele>865.0</ele>
    </trkpt>
    <trkpt lat="46.565027849" lon="6.684473971">
      <ele>864.9</ele>
    </trkpt>
    <trkpt lat="46.565024769" lon="6.684471201">
      <ele>864.9</ele>
    </trkpt>
    <trkpt lat="46.565021756" lon="6.684468342">
      <ele>864.9</ele>
    </trkpt>
    <trkpt lat="46.565018836" lon="6.684465372">
      <ele>865.0</ele>
    </trkpt>
    <trkpt lat="46.565016031" lon="6.684462263">
      <ele>865.2</ele>
    </trkpt>
    <trkpt lat="46.565013359" lon="6.684458977">
      <ele>865.4</ele>
    </trkpt>
    <trkpt lat="46.565010828" lon="6.684455486">
      <ele>865.7</ele>
    </trkpt>
    <trkpt lat="46.565008425" lon="6.684451771">
      <ele>866.1</ele>
    </trkpt>
    <trkpt lat="46.565006136" lon="6.684447839">
      <ele>866.6</ele>
    </trkpt>
    <trkpt lat="46.565003932" lon="6.684443712">
      <ele>867.2</ele>
    </trkpt>
    <trkpt lat="46.565001788" lon="6.684439436">
      <ele>867.8</ele>
    </trkpt>
    <trkpt lat="46.564999683" lon="6.684435076">
      <ele>868.4</ele>
    </trkpt>
    <trkpt lat="46.564997604" lon="6.684430696">
      <ele>868.9</ele>
    </trkpt>
    <trkpt lat="46.564995543" lon="6.684426357">
      <ele>869.3</ele>
    </trkpt>
    <trkpt lat="46.564993495" lon="6.684422112">
      <ele>869.6</ele>
    </trkpt>
    <trkpt lat="46.564991454" lon="6.684418006">
      <ele>869.8</ele>
    </trkpt>
    <trkpt lat="46.564989410" lon="6.684414080">
      <ele>869.9</ele>
    </trkpt>
    <trkpt lat="46.564987350" lon="6.684410372">
      <ele>870.0</ele>
    </trkpt>
    <trkpt lat="46.564985249" lon="6.684406904">
      <ele>869.9</ele>
    </trkpt>
    <trkpt lat="46.564983087" lon="6.684403695">
      <ele>869.8</ele>
    </trkpt>
    <trkpt lat="46.564980845" lon="6.684400741">
      <ele>869.7</ele>
    </trkpt>
    <trkpt lat="46.564978513" lon="6.684398027">
      <ele>869.6</ele>
    </trkpt>
    <trkpt lat="46.564976083" lon="6.684395507">
      <ele>869.4</ele>
    </trkpt>
    <trkpt lat="46.564973558" lon="6.684393137">
      <ele>869.3</ele>
    </trkpt>
    <trkpt lat="46.564970949" lon="6.684390852">
      <ele>869.1</ele>
    </trkpt>
    <trkpt lat="46.564968274" lon="6.684388602">
      <ele>869.0</ele>
    </trkpt>
    <trkpt lat="46.564965548" lon="6.684386339">
      <ele>868.8</ele>
    </trkpt>
    <trkpt lat="46.564962783" lon="6.684384033">
      <ele>868.7</ele>
    </trkpt>
    <trkpt lat="46.564959992" lon="6.684381666">
      <ele>868.6</ele>
    </trkpt>
    <trkpt lat="46.564957183" lon="6.684379235">
      <ele>868.5</ele>
    </trkpt>
    <trkpt lat="46.564954354" lon="6.684376747">
      <ele>868.5</ele>
    </trkpt>
    <trkpt lat="46.564951509" lon="6.684374210">
      <ele>868.4</ele>
    </trkpt>
    <trkpt lat="46.564948645" lon="6.684371643">
      <ele>868.4</ele>
    </trkpt>
    <trkpt lat="46.564945760" lon="6.684369063">
      <ele>868.3</ele>
    </trkpt>
    <trkpt lat="46.564942852" lon="6.684366485">
      <ele>868.2</ele>
    </trkpt>
    <trkpt lat="46.564939923" lon="6.684363917">
      <ele>868.2</ele>
    </trkpt>
    <trkpt lat="46.564936971" lon="6.684361361">
      <ele>868.1</ele>
    </trkpt>
    <trkpt lat="46.564933996" lon="6.684358814">
      <ele>868.0</ele>
    </trkpt>
    <trkpt lat="46.564930996" lon="6.684356273">
      <ele>867.9</ele>
    </trkpt>
    <trkpt lat="46.564927968" lon="6.684353735">
      <ele>867.7</ele>
    </trkpt>
    <trkpt lat="46.564924912" lon="6.684351204">
      <ele>867.6</ele>
    </trkpt>
    <trkpt lat="46.564921830" lon="6.684348683">
      <ele>867.4</ele>
    </trkpt>
    <trkpt lat="46.564918728" lon="6.684346181">
      <ele>867.3</ele>
    </trkpt>
    <trkpt lat="46.564915610" lon="6.684343705">
      <ele>867.1</ele>
    </trkpt>
    <trkpt lat="46.564912485" lon="6.684341259">
      <ele>867.0</ele>
    </trkpt>
    <trkpt lat="46.564909361" lon="6.684338850">
      <ele>866.8</ele>
    </trkpt>
    <trkpt lat="46.564906238" lon="6.684336477">
      <ele>866.7</ele>
    </trkpt>
    <trkpt lat="46.564903121" lon="6.684334146">
      <ele>866.6</ele>
    </trkpt>
    <trkpt lat="46.564900010" lon="6.684331859">
      <ele>866.5</ele>
    </trkpt>
    <trkpt lat="46.564896898" lon="6.684329626">
      <ele>866.4</ele>
    </trkpt>
    <trkpt lat="46.564893772" lon="6.684327467">
      <ele>866.3</ele>
    </trkpt>
    <trkpt lat="46.564890627" lon="6.684325403">
      <ele>866.2</ele>
    </trkpt>
    <trkpt lat="46.564887442" lon="6.684323452">
      <ele>866.1</ele>
    </trkpt>
    <trkpt lat="46.564884207" lon="6.684321639">
      <ele>866.1</ele>
    </trkpt>
    <trkpt lat="46.564880899" lon="6.684319987">
      <ele>866.0</ele>
    </trkpt>
    <trkpt lat="46.564877507" lon="6.684318517">
      <ele>865.9</ele>
    </trkpt>
    <trkpt lat="46.564874021" lon="6.684317235">
      <ele>865.7</ele>
    </trkpt>
    <trkpt lat="46.564870438" lon="6.684316132">
      <ele>865.6</ele>
    </trkpt>
    <trkpt lat="46.564866770" lon="6.684315178">
      <ele>865.3</ele>
    </trkpt>
    <trkpt lat="46.564863040" lon="6.684314318">
      <ele>865.0</ele>
    </trkpt>
    <trkpt lat="46.564859280" lon="6.684313478">
      <ele>864.7</ele>
    </trkpt>
    <trkpt lat="46.564855530" lon="6.684312572">
      <ele>864.3</ele>
    </trkpt>
    <trkpt lat="46.564851829" lon="6.684311515">
      <ele>863.8</ele>
    </trkpt>
    <trkpt lat="46.564848214" lon="6.684310242">
      <ele>863.4</ele>
    </trkpt>
    <trkpt lat="46.564844712" lon="6.684308720">
      <ele>863.0</ele>
    </trkpt>
    <trkpt lat="46.564841331" lon="6.684306947">
      <ele>862.7</ele>
    </trkpt>
    <trkpt lat="46.564838063" lon="6.684304950">
      <ele>862.4</ele>
    </trkpt>
    <trkpt lat="46.564834891" lon="6.684302779">
      <ele>862.2</ele>
    </trkpt>
    <trkpt lat="46.564831791" lon="6.684300490">
      <ele>862.0</ele>
    </trkpt>
    <trkpt lat="46.564828733" lon="6.684298133">
      <ele>861.9</ele>
    </trkpt>
    <trkpt lat="46.564825694" lon="6.684295746">
      <ele>861.8</ele>
    </trkpt>
    <trkpt lat="46.564822656" lon="6.684293354">
      <ele>861.8</ele>
    </trkpt>
    <trkpt lat="46.564819604" lon="6.684290973">
      <ele>861.8</ele>
    </trkpt>
    <trkpt lat="46.564816534" lon="6.684288612">
      <ele>861.7</ele>
    </trkpt>
    <trkpt lat="46.564813444" lon="6.684286267">
      <ele>861.7</ele>
    </trkpt>
    <trkpt lat="46.564810337" lon="6.684283926">
      <ele>861.7</ele>
    </trkpt>
    <trkpt lat="46.564807214" lon="6.684281588">
      <ele>861.6</ele>
    </trkpt>
    <trkpt lat="46.564804080" lon="6.684279242">
      <ele>861.6</ele>
    </trkpt>
    <trkpt lat="46.564800941" lon="6.684276875">
      <ele>861.5</ele>
    </trkpt>
    <trkpt lat="46.564797802" lon="6.684274470">
      <ele>861.5</ele>
    </trkpt>
    <trkpt lat="46.564794666" lon="6.684272021">
      <ele>861.5</ele>
    </trkpt>
    <trkpt lat="46.564791534" lon="6.684269527">
      <ele>861.4</ele>
    </trkpt>
    <trkpt lat="46.564788406" lon="6.684266992">
      <ele>861.4</ele>
    </trkpt>
    <trkpt lat="46.564785281" lon="6.684264420">
      <ele>861.4</ele>
    </trkpt>
    <trkpt lat="46.564782159" lon="6.684261822">
      <ele>861.3</ele>
    </trkpt>
    <trkpt lat="46.564779044" lon="6.684259210">
      <ele>861.3</ele>
    </trkpt>
    <trkpt lat="46.564775943" lon="6.684256596">
      <ele>861.3</ele>
    </trkpt>
    <trkpt lat="46.564772868" lon="6.684253995">
      <ele>861.3</ele>
    </trkpt>
    <trkpt lat="46.564769821" lon="6.684251418">
      <ele>861.2</ele>
    </trkpt>
    <trkpt lat="46.564766807" lon="6.684248872">
      <ele>861.2</ele>
    </trkpt>
    <trkpt lat="46.564763824" lon="6.684246371">
      <ele>861.2</ele>
    </trkpt>
    <trkpt lat="46.564760861" lon="6.684243922">
      <ele>861.2</ele>
    </trkpt>
    <trkpt lat="46.564757904" lon="6.684241522">
      <ele>861.2</ele>
    </trkpt>
    <trkpt lat="46.564754940" lon="6.684239158">
      <ele>861.2</ele>
    </trkpt>
    <trkpt lat="46.564751962" lon="6.684236811">
      <ele>861.2</ele>
    </trkpt>
    <trkpt lat="46.564748972" lon="6.684234451">
      <ele>861.2</ele>
    </trkpt>
    <trkpt lat="46.564745974" lon="6.684232041">
      <ele>861.2</ele>
    </trkpt>
    <trkpt lat="46.564742984" lon="6.684229546">
      <ele>861.2</ele>
    </trkpt>
    <trkpt lat="46.564740011" lon="6.684226942">
      <ele>861.2</ele>
    </trkpt>
    <trkpt lat="46.564737068" lon="6.684224223">
      <ele>861.3</ele>
    </trkpt>
    <trkpt lat="46.564734154" lon="6.684221393">
      <ele>861.3</ele>
    </trkpt>
    <trkpt lat="46.564731259" lon="6.684218481">
      <ele>861.4</ele>
    </trkpt>
    <trkpt lat="46.564728368" lon="6.684215524">
      <ele>861.4</ele>
    </trkpt>
    <trkpt lat="46.564725462" lon="6.684212562">
      <ele>861.4</ele>
    </trkpt>
    <trkpt lat="46.564722522" lon="6.684209630">
      <ele>861.5</ele>
    </trkpt>
    <trkpt lat="46.564719539" lon="6.684206752">
      <ele>861.5</ele>
    </trkpt>
    <trkpt lat="46.564716506" lon="6.684203941">
      <ele>861.5</ele>
    </trkpt>
    <trkpt lat="46.564713430" lon="6.684201207">
      <ele>861.6</ele>
    </trkpt>
    <trkpt lat="46.564710316" lon="6.684198543">
      <ele>861.6</ele>
    </trkpt>
    <trkpt lat="46.564707175" lon="6.684195940">
      <ele>861.6</ele>
    </trkpt>
    <trkpt lat="46.564704017" lon="6.684193379">
      <ele>861.6</ele>
    </trkpt>
    <trkpt lat="46.564700849" lon="6.684190845">
      <ele>861.6</ele>
    </trkpt>
    <trkpt lat="46.564697680" lon="6.684188313">
      <ele>861.5</ele>
    </trkpt>
    <trkpt lat="46.564694514" lon="6.684185756">
      <ele>861.5</ele>
    </trkpt>
    <trkpt lat="46.564691358" lon="6.684183149">
      <ele>861.5</ele>
    </trkpt>
    <trkpt lat="46.564688226" lon="6.684180472">
      <ele>861.5</ele>
    </trkpt>
    <trkpt lat="46.564685129" lon="6.684177718">
      <ele>861.5</ele>
    </trkpt>
    <trkpt lat="46.564682076" lon="6.684174888">
      <ele>861.6</ele>
    </trkpt>
    <trkpt lat="46.564679076" lon="6.684171998">
      <ele>861.6</ele>
    </trkpt>
    <trkpt lat="46.564676129" lon="6.684169066">
      <ele>861.6</ele>
    </trkpt>
    <trkpt lat="46.564673229" lon="6.684166110">
      <ele>861.7</ele>
    </trkpt>
    <trkpt lat="46.564670367" lon="6.684163145">
      <ele>861.7</ele>
    </trkpt>
    <trkpt lat="46.564667529" lon="6.684160178">
      <ele>861.8</ele>
    </trkpt>
    <trkpt lat="46.564664703" lon="6.684157205">
      <ele>861.9</ele>
    </trkpt>
    <trkpt lat="46.564661878" lon="6.684154224">
      <ele>862.0</ele>
    </trkpt>
    <trkpt lat="46.564659050" lon="6.684151229">
      <ele>862.1</ele>
    </trkpt>
    <trkpt lat="46.564656218" lon="6.684148213">
      <ele>862.2</ele>
    </trkpt>
    <trkpt lat="46.564653386" lon="6.684145177">
      <ele>862.3</ele>
    </trkpt>
    <trkpt lat="46.564650557" lon="6.684142127">
      <ele>862.4</ele>
    </trkpt>
    <trkpt lat="46.564647729" lon="6.684139066">
      <ele>862.4</ele>
    </trkpt>
    <trkpt lat="46.564644907" lon="6.684136000">
      <ele>862.4</ele>
    </trkpt>
    <trkpt lat="46.564642092" lon="6.684132937">
      <ele>862.4</ele>
    </trkpt>
    <trkpt lat="46.564639287" lon="6.684129875">
      <ele>862.4</ele>
    </trkpt>
    <trkpt lat="46.564636499" lon="6.684126826">
      <ele>862.4</ele>
    </trkpt>
    <trkpt lat="46.564633727" lon="6.684123778">
      <ele>862.4</ele>
    </trkpt>
    <trkpt lat="46.564630972" lon="6.684120735">
      <ele>862.4</ele>
    </trkpt>
    <trkpt lat="46.564628227" lon="6.684117681">
      <ele>862.4</ele>
    </trkpt>
    <trkpt lat="46.564625488" lon="6.684114595">
      <ele>862.4</ele>
    </trkpt>
    <trkpt lat="46.564622755" lon="6.684111450">
      <ele>862.5</ele>
    </trkpt>
    <trkpt lat="46.564620029" lon="6.684108209">
      <ele>862.5</ele>
    </trkpt>
    <trkpt lat="46.564617321" lon="6.684104833">
      <ele>862.6</ele>
    </trkpt>
    <trkpt lat="46.564614651" lon="6.684101288">
      <ele>862.8</ele>
    </trkpt>
    <trkpt lat="46.564612048" lon="6.684097554">
      <ele>863.0</ele>
    </trkpt>
    <trkpt lat="46.564609535" lon="6.684093627">
      <ele>863.2</ele>
    </trkpt>
    <trkpt lat="46.564607129" lon="6.684089524">
      <ele>863.5</ele>
    </trkpt>
    <trkpt lat="46.564604831" lon="6.684085280">
      <ele>863.8</ele>
    </trkpt>
    <trkpt lat="46.564602627" lon="6.684080942">
      <ele>864.1</ele>
    </trkpt>
    <trkpt lat="46.564600485" lon="6.684076569">
      <ele>864.5</ele>
    </trkpt>
    <trkpt lat="46.564598371" lon="6.684072217">
      <ele>864.8</ele>
    </trkpt>
    <trkpt lat="46.564596243" lon="6.684067933">
      <ele>865.0</ele>
    </trkpt>
    <trkpt lat="46.564594073" lon="6.684063755">
      <ele>865.3</ele>
    </trkpt>
    <trkpt lat="46.564591837" lon="6.684059705">
      <ele>865.4</ele>
    </trkpt>
    <trkpt lat="46.564589524" lon="6.684055784">
      <ele>865.6</ele>
    </trkpt>
    <trkpt lat="46.564587137" lon="6.684051985">
      <ele>865.7</ele>
    </trkpt>
    <trkpt lat="46.564584688" lon="6.684048287">
      <ele>865.7</ele>
    </trkpt>
    <trkpt lat="46.564582187" lon="6.684044665">
      <ele>865.8</ele>
    </trkpt>
    <trkpt lat="46.564579649" lon="6.684041097">
      <ele>865.8</ele>
    </trkpt>
    <trkpt lat="46.564577087" lon="6.684037564">
      <ele>865.8</ele>
    </trkpt>
    <trkpt lat="46.564574507" lon="6.684034056">
      <ele>865.7</ele>
    </trkpt>
    <trkpt lat="46.564571906" lon="6.684030583">
      <ele>865.7</ele>
    </trkpt>
    <trkpt lat="46.564569282" lon="6.684027142">
      <ele>865.7</ele>
    </trkpt>
    <trkpt lat="46.564566629" lon="6.684023750">
      <ele>865.6</ele>
    </trkpt>
    <trkpt lat="46.564563926" lon="6.684020423">
      <ele>865.6</ele>
    </trkpt>
    <trkpt lat="46.564561157" lon="6.684017175">
      <ele>865.5</ele>
    </trkpt>
    <trkpt lat="46.564558305" lon="6.684014031">
      <ele>865.4</ele>
    </trkpt>
    <trkpt lat="46.564555351" lon="6.684011009">
      <ele>865.3</ele>
    </trkpt>
    <trkpt lat="46.564552289" lon="6.684008138">
      <ele>865.2</ele>
    </trkpt>
    <trkpt lat="46.564549118" lon="6.684005446">
      <ele>865.0</ele>
    </trkpt>
    <trkpt lat="46.564545849" lon="6.684002953">
      <ele>864.8</ele>
    </trkpt>
    <trkpt lat="46.564542508" lon="6.684000666">
      <ele>864.6</ele>
    </trkpt>
    <trkpt lat="46.564539130" lon="6.683998584">
      <ele>864.3</ele>
    </trkpt>
    <trkpt lat="46.564535750" lon="6.683996685">
      <ele>864.1</ele>
    </trkpt>
    <trkpt lat="46.564532399" lon="6.683994935">
      <ele>863.8</ele>
    </trkpt>
    <trkpt lat="46.564529098" lon="6.683993294">
      <ele>863.6</ele>
    </trkpt>
    <trkpt lat="46.564525851" lon="6.683991726">
      <ele>863.4</ele>
    </trkpt>
    <trkpt lat="46.564522646" lon="6.683990207">
      <ele>863.3</ele>
    </trkpt>
    <trkpt lat="46.564519465" lon="6.683988730">
      <ele>863.2</ele>
    </trkpt>
    <trkpt lat="46.564516287" lon="6.683987316">
      <ele>863.2</ele>
    </trkpt>
    <trkpt lat="46.564513093" lon="6.683986000">
      <ele>863.2</ele>
    </trkpt>
    <trkpt lat="46.564509874" lon="6.683984838">
      <ele>863.3</ele>
    </trkpt>
    <trkpt lat="46.564506630" lon="6.683983894">
      <ele>863.3</ele>
    </trkpt>
    <trkpt lat="46.564503367" lon="6.683983231">
      <ele>863.4</ele>
    </trkpt>
    <trkpt lat="46.564500102" lon="6.683982905">
      <ele>863.5</ele>
    </trkpt>
    <trkpt lat="46.564496848" lon="6.683982953">
      <ele>863.6</ele>
    </trkpt>
    <trkpt lat="46.564493624" lon="6.683983398">
      <ele>863.6</ele>
    </trkpt>
    <trkpt lat="46.564490436" lon="6.683984237">
      <ele>863.7</ele>
    </trkpt>
    <trkpt lat="46.564487295" lon="6.683985456">
      <ele>863.7</ele>
    </trkpt>
    <trkpt lat="46.564484205" lon="6.683987028">
      <ele>863.7</ele>
    </trkpt>
    <trkpt lat="46.564481167" lon="6.683988919">
      <ele>863.8</ele>
    </trkpt>
    <trkpt lat="46.564478180" lon="6.683991096">
      <ele>863.8</ele>
    </trkpt>
    <trkpt lat="46.564475241" lon="6.683993530">
      <ele>863.8</ele>
    </trkpt>
    <trkpt lat="46.564472348" lon="6.683996194">
      <ele>863.8</ele>
    </trkpt>
    <trkpt lat="46.564469500" lon="6.683999064">
      <ele>863.8</ele>
    </trkpt>
    <trkpt lat="46.564466700" lon="6.684002121">
      <ele>863.8</ele>
    </trkpt>
    <trkpt lat="46.564463955" lon="6.684005345">
      <ele>863.8</ele>
    </trkpt>
    <trkpt lat="46.564461270" lon="6.684008708">
      <ele>863.8</ele>
    </trkpt>
    <trkpt lat="46.564458653" lon="6.684012185">
      <ele>863.8</ele>
    </trkpt>
    <trkpt lat="46.564456104" lon="6.684015759">
      <ele>863.7</ele>
    </trkpt>
    <trkpt lat="46.564453626" lon="6.684019410">
      <ele>863.7</ele>
    </trkpt>
    <trkpt lat="46.564451217" lon="6.684023125">
      <ele>863.7</ele>
    </trkpt>
    <trkpt lat="46.564448872" lon="6.684026893">
      <ele>863.6</ele>
    </trkpt>
    <trkpt lat="46.564446584" lon="6.684030713">
      <ele>863.6</ele>
    </trkpt>
    <trkpt lat="46.564444348" lon="6.684034578">
      <ele>863.6</ele>
    </trkpt>
    <trkpt lat="46.564442155" lon="6.684038483">
      <ele>863.6</ele>
    </trkpt>
    <trkpt lat="46.564439996" lon="6.684042425">
      <ele>863.6</ele>
    </trkpt>
    <trkpt lat="46.564437861" lon="6.684046396">
      <ele>863.6</ele>
    </trkpt>
    <trkpt lat="46.564435741" lon="6.684050388">
      <ele>863.6</ele>
    </trkpt>
    <trkpt lat="46.564433622" lon="6.684054401">
      <ele>863.6</ele>
    </trkpt>
    <trkpt lat="46.564431497" lon="6.684058430">
      <ele>863.6</ele>
    </trkpt>
    <trkpt lat="46.564429361" lon="6.684062480">
      <ele>863.6</ele>
    </trkpt>
    <trkpt lat="46.564427213" lon="6.684066554">
      <ele>863.6</ele>
    </trkpt>
    <trkpt lat="46.564425057" lon="6.684070652">
      <ele>863.6</ele>
    </trkpt>
    <trkpt lat="46.564422903" lon="6.684074772">
      <ele>863.6</ele>
    </trkpt>
    <trkpt lat="46.564420759" lon="6.684078908">
      <ele>863.6</ele>
    </trkpt>
    <trkpt lat="46.564418631" lon="6.684083052">
      <ele>863.7</ele>
    </trkpt>
    <trkpt lat="46.564416529" lon="6.684087195">
      <ele>863.7</ele>
    </trkpt>
    <trkpt lat="46.564414452" lon="6.684091330">
      <ele>863.7</ele>
    </trkpt>
    <trkpt lat="46.564412400" lon="6.684095456">
      <ele>863.7</ele>
    </trkpt>
    <trkpt lat="46.564410369" lon="6.684099575">
      <ele>863.7</ele>
    </trkpt>
    <trkpt lat="46.564408353" lon="6.684103692">
      <ele>863.7</ele>
    </trkpt>
    <trkpt lat="46.564406345" lon="6.684107815">
      <ele>863.6</ele>
    </trkpt>
    <trkpt lat="46.564404336" lon="6.684111947">
      <ele>863.6</ele>
    </trkpt>
    <trkpt lat="46.564402319" lon="6.684116086">
      <ele>863.6</ele>
    </trkpt>
    <trkpt lat="46.564400287" lon="6.684120229">
      <ele>863.6</ele>
    </trkpt>
    <trkpt lat="46.564398234" lon="6.684124368">
      <ele>863.6</ele>
    </trkpt>
    <trkpt lat="46.564396155" lon="6.684128494">
      <ele>863.6</ele>
    </trkpt>
    <trkpt lat="46.564394053" lon="6.684132597">
      <ele>863.6</ele>
    </trkpt>
    <trkpt lat="46.564391929" lon="6.684136670">
      <ele>863.6</ele>
    </trkpt>
    <trkpt lat="46.564389784" lon="6.684140704">
      <ele>863.6</ele>
    </trkpt>
    <trkpt lat="46.564387622" lon="6.684144691">
      <ele>863.6</ele>
    </trkpt>
    <trkpt lat="46.564385444" lon="6.684148618">
      <ele>863.6</ele>
    </trkpt>
    <trkpt lat="46.564383250" lon="6.684152481">
      <ele>863.7</ele>
    </trkpt>
    <trkpt lat="46.564381040" lon="6.684156264">
      <ele>863.7</ele>
    </trkpt>
    <trkpt lat="46.564378817" lon="6.684159958">
      <ele>863.8</ele>
    </trkpt>
    <trkpt lat="46.564376583" lon="6.684163561">
      <ele>863.8</ele>
    </trkpt>
    <trkpt lat="46.564374342" lon="6.684167078">
      <ele>863.8</ele>
    </trkpt>
    <trkpt lat="46.564372103" lon="6.684170517">
      <ele>863.9</ele>
    </trkpt>
    <trkpt lat="46.564369871" lon="6.684173900">
      <ele>863.9</ele>
    </trkpt>
    <trkpt lat="46.564367647" lon="6.684177257">
      <ele>864.0</ele>
    </trkpt>
    <trkpt lat="46.564365428" lon="6.684180620">
      <ele>864.0</ele>
    </trkpt>
    <trkpt lat="46.564363208" lon="6.684184017">
      <ele>864.0</ele>
    </trkpt>
    <trkpt lat="46.564360982" lon="6.684187467">
      <ele>864.0</ele>
    </trkpt>
    <trkpt lat="46.564358745" lon="6.684190984">
      <ele>864.0</ele>
    </trkpt>
    <trkpt lat="46.564356492" lon="6.684194567">
      <ele>864.0</ele>
    </trkpt>
    <trkpt lat="46.564354222" lon="6.684198211">
      <ele>864.0</ele>
    </trkpt>
    <trkpt lat="46.564351940" lon="6.684201904">
      <ele>864.0</ele>
    </trkpt>
    <trkpt lat="46.564349647" lon="6.684205639">
      <ele>864.0</ele>
    </trkpt>
    <trkpt lat="46.564347345" lon="6.684209411">
      <ele>864.0</ele>
    </trkpt>
    <trkpt lat="46.564345035" lon="6.684213221">
      <ele>864.0</ele>
    </trkpt>
    <trkpt lat="46.564342718" lon="6.684217069">
      <ele>864.0</ele>
    </trkpt>
    <trkpt lat="46.564340398" lon="6.684220957">
      <ele>864.0</ele>
    </trkpt>
    <trkpt lat="46.564338072" lon="6.684224887">
      <ele>863.9</ele>
    </trkpt>
    <trkpt lat="46.564335751" lon="6.684228851">
      <ele>863.9</ele>
    </trkpt>
    <trkpt lat="46.564333445" lon="6.684232841">
      <ele>863.9</ele>
    </trkpt>
    <trkpt lat="46.564331167" lon="6.684236844">
      <ele>863.8</ele>
    </trkpt>
    <trkpt lat="46.564328926" lon="6.684240855">
      <ele>863.8</ele>
    </trkpt>
    <trkpt lat="46.564326738" lon="6.684244868">
      <ele>863.8</ele>
    </trkpt>
    <trkpt lat="46.564324610" lon="6.684248888">
      <ele>863.8</ele>
    </trkpt>
    <trkpt lat="46.564322553" lon="6.684252921">
      <ele>863.8</ele>
    </trkpt>
    <trkpt lat="46.564320574" lon="6.684256975">
      <ele>863.8</ele>
    </trkpt>
    <trkpt lat="46.564318680" lon="6.684261063">
      <ele>863.8</ele>
    </trkpt>
    <trkpt lat="46.564316871" lon="6.684265202">
      <ele>863.8</ele>
    </trkpt>
    <trkpt lat="46.564315150" lon="6.684269398">
      <ele>863.9</ele>
    </trkpt>
    <trkpt lat="46.564313519" lon="6.684273658">
      <ele>863.9</ele>
    </trkpt>
    <trkpt lat="46.564311977" lon="6.684277990">
      <ele>863.9</ele>
    </trkpt>
    <trkpt lat="46.564310520" lon="6.684282400">
      <ele>863.9</ele>
    </trkpt>
    <trkpt lat="46.564309148" lon="6.684286885">
      <ele>863.9</ele>
    </trkpt>
    <trkpt lat="46.564307858" lon="6.684291449">
      <ele>863.9</ele>
    </trkpt>
    <trkpt lat="46.564306649" lon="6.684296090">
      <ele>863.8</ele>
    </trkpt>
    <trkpt lat="46.564305516" lon="6.684300808">
      <ele>863.8</ele>
    </trkpt>
    <trkpt lat="46.564304456" lon="6.684305600">
      <ele>863.8</ele>
    </trkpt>
    <trkpt lat="46.564303463" lon="6.684310466">
      <ele>863.8</ele>
    </trkpt>
    <trkpt lat="46.564302532" lon="6.684315403">
      <ele>863.7</ele>
    </trkpt>
    <trkpt lat="46.564301653" lon="6.684320407">
      <ele>863.7</ele>
    </trkpt>
    <trkpt lat="46.564300821" lon="6.684325469">
      <ele>863.6</ele>
    </trkpt>
    <trkpt lat="46.564300029" lon="6.684330580">
      <ele>863.5</ele>
    </trkpt>
    <trkpt lat="46.564299271" lon="6.684335727">
      <ele>863.5</ele>
    </trkpt>
    <trkpt lat="46.564298540" lon="6.684340900">
      <ele>863.4</ele>
    </trkpt>
    <trkpt lat="46.564297835" lon="6.684346084">
      <ele>863.4</ele>
    </trkpt>
    <trkpt lat="46.564297150" lon="6.684351273">
      <ele>863.4</ele>
    </trkpt>
    <trkpt lat="46.564296485" lon="6.684356455">
      <ele>863.3</ele>
    </trkpt>
    <trkpt lat="46.564295835" lon="6.684361626">
      <ele>863.3</ele>
    </trkpt>
    <trkpt lat="46.564295199" lon="6.684366785">
      <ele>863.3</ele>
    </trkpt>
    <trkpt lat="46.564294575" lon="6.684371930">
      <ele>863.3</ele>
    </trkpt>
    <trkpt lat="46.564293963" lon="6.684377063">
      <ele>863.3</ele>
    </trkpt>
    <trkpt lat="46.564293360" lon="6.684382185">
      <ele>863.3</ele>
    </trkpt>
    <trkpt lat="46.564292764" lon="6.684387296">
      <ele>863.3</ele>
    </trkpt>
    <trkpt lat="46.564292174" lon="6.684392400">
      <ele>863.4</ele>
    </trkpt>
    <trkpt lat="46.564291586" lon="6.684397492">
      <ele>863.4</ele>
    </trkpt>
    <trkpt lat="46.564290997" lon="6.684402572">
      <ele>863.4</ele>
    </trkpt>
    <trkpt lat="46.564290404" lon="6.684407640">
      <ele>863.4</ele>
    </trkpt>
    <trkpt lat="46.564289803" lon="6.684412695">
      <ele>863.4</ele>
    </trkpt>
    <trkpt lat="46.564289194" lon="6.684417733">
      <ele>863.5</ele>
    </trkpt>
    <trkpt lat="46.564288574" lon="6.684422762">
      <ele>863.5</ele>
    </trkpt>
    <trkpt lat="46.564287942" lon="6.684427782">
      <ele>863.5</ele>
    </trkpt>
    <trkpt lat="46.564287297" lon="6.684432801">
      <ele>863.5</ele>
    </trkpt>
    <trkpt lat="46.564286640" lon="6.684437825">
      <ele>863.6</ele>
    </trkpt>
    <trkpt lat="46.564285971" lon="6.684442858">
      <ele>863.6</ele>
    </trkpt>
    <trkpt lat="46.564285291" lon="6.684447911">
      <ele>863.6</ele>
    </trkpt>
    <trkpt lat="46.564284603" lon="6.684452984">
      <ele>863.6</ele>
    </trkpt>
    <trkpt lat="46.564283913" lon="6.684458079">
      <ele>863.7</ele>
    </trkpt>
    <trkpt lat="46.564283224" lon="6.684463190">
      <ele>863.7</ele>
    </trkpt>
    <trkpt lat="46.564282541" lon="6.684468315">
      <ele>863.7</ele>
    </trkpt>
    <trkpt lat="46.564281868" lon="6.684473444">
      <ele>863.7</ele>
    </trkpt>
    <trkpt lat="46.564281208" lon="6.684478569">
      <ele>863.8</ele>
    </trkpt>
    <trkpt lat="46.564280560" lon="6.684483683">
      <ele>863.8</ele>
    </trkpt>
    <trkpt lat="46.564279923" lon="6.684488780">
      <ele>863.8</ele>
    </trkpt>
    <trkpt lat="46.564279292" lon="6.684493859">
      <ele>863.8</ele>
    </trkpt>
    <trkpt lat="46.564278664" lon="6.684498920">
      <ele>863.8</ele>
    </trkpt>
    <trkpt lat="46.564278037" lon="6.684503968">
      <ele>863.9</ele>
    </trkpt>
    <trkpt lat="46.564277409" lon="6.684509011">
      <ele>863.9</ele>
    </trkpt>
    <trkpt lat="46.564276781" lon="6.684514055">
      <ele>863.9</ele>
    </trkpt>
    <trkpt lat="46.564276154" lon="6.684519103">
      <ele>863.9</ele>
    </trkpt>
    <trkpt lat="46.564275529" lon="6.684524158">
      <ele>864.0</ele>
    </trkpt>
    <trkpt lat="46.564274909" lon="6.684529216">
      <ele>864.0</ele>
    </trkpt>
    <trkpt lat="46.564274292" lon="6.684534276">
      <ele>864.0</ele>
    </trkpt>
    <trkpt lat="46.564273679" lon="6.684539332">
      <ele>864.0</ele>
    </trkpt>
    <trkpt lat="46.564273065" lon="6.684544380">
      <ele>864.1</ele>
    </trkpt>
    <trkpt lat="46.564272448" lon="6.684549420">
      <ele>864.1</ele>
    </trkpt>
    <trkpt lat="46.564271823" lon="6.684554458">
      <ele>864.1</ele>
    </trkpt>
    <trkpt lat="46.564271185" lon="6.684559499">
      <ele>864.2</ele>
    </trkpt>
    <trkpt lat="46.564270533" lon="6.684564552">
      <ele>864.2</ele>
    </trkpt>
    <trkpt lat="46.564269866" lon="6.684569626">
      <ele>864.2</ele>
    </trkpt>
    <trkpt lat="46.564269186" lon="6.684574724">
      <ele>864.3</ele>
    </trkpt>
    <trkpt lat="46.564268499" lon="6.684579847">
      <ele>864.3</ele>
    </trkpt>
    <trkpt lat="46.564267811" lon="6.684584996">
      <ele>864.4</ele>
    </trkpt>
    <trkpt lat="46.564267128" lon="6.684590165">
      <ele>864.4</ele>
    </trkpt>
    <trkpt lat="46.564266458" lon="6.684595347">
      <ele>864.4</ele>
    </trkpt>
    <trkpt lat="46.564265814" lon="6.684600540">
      <ele>864.5</ele>
    </trkpt>
    <trkpt lat="46.564265200" lon="6.684605736">
      <ele>864.5</ele>
    </trkpt>
    <trkpt lat="46.564264626" lon="6.684610931">
      <ele>864.5</ele>
    </trkpt>
    <trkpt lat="46.564264100" lon="6.684616121">
      <ele>864.5</ele>
    </trkpt>
    <trkpt lat="46.564263638" lon="6.684621303">
      <ele>864.5</ele>
    </trkpt>
    <trkpt lat="46.564263258" lon="6.684626473">
      <ele>864.5</ele>
    </trkpt>
    <trkpt lat="46.564262981" lon="6.684631630">
      <ele>864.6</ele>
    </trkpt>
    <trkpt lat="46.564262827" lon="6.684636768">
      <ele>864.6</ele>
    </trkpt>
    <trkpt lat="46.564262809" lon="6.684641889">
      <ele>864.7</ele>
    </trkpt>
    <trkpt lat="46.564262929" lon="6.684646996">
      <ele>864.7</ele>
    </trkpt>
    <trkpt lat="46.564263175" lon="6.684652087">
      <ele>864.8</ele>
    </trkpt>
    <trkpt lat="46.564263516" lon="6.684657167">
      <ele>864.9</ele>
    </trkpt>
    <trkpt lat="46.564263912" lon="6.684662237">
      <ele>865.0</ele>
    </trkpt>
    <trkpt lat="46.564264316" lon="6.684667299">
      <ele>865.0</ele>
    </trkpt>
    <trkpt lat="46.564264681" lon="6.684672352">
      <ele>865.1</ele>
    </trkpt>
    <trkpt lat="46.564264977" lon="6.684677394">
      <ele>865.2</ele>
    </trkpt>
    <trkpt lat="46.564265187" lon="6.684682422">
      <ele>865.2</ele>
    </trkpt>
    <trkpt lat="46.564265308" lon="6.684687437">
      <ele>865.2</ele>
    </trkpt>
    <trkpt lat="46.564265347" lon="6.684692443">
      <ele>865.2</ele>
    </trkpt>
    <trkpt lat="46.564265314" lon="6.684697446">
      <ele>865.2</ele>
    </trkpt>
    <trkpt lat="46.564265221" lon="6.684702456">
      <ele>865.1</ele>
    </trkpt>
    <trkpt lat="46.564265075" lon="6.684707490">
      <ele>865.0</ele>
    </trkpt>
    <trkpt lat="46.564264887" lon="6.684712555">
      <ele>864.9</ele>
    </trkpt>
    <trkpt lat="46.564264671" lon="6.684717659">
      <ele>864.8</ele>
    </trkpt>
    <trkpt lat="46.564264453" lon="6.684722802">
      <ele>864.7</ele>
    </trkpt>
    <trkpt lat="46.564264264" lon="6.684727972">
      <ele>864.5</ele>
    </trkpt>
    <trkpt lat="46.564264153" lon="6.684733151">
      <ele>864.4</ele>
    </trkpt>
    <trkpt lat="46.564264173" lon="6.684738315">
      <ele>864.2</ele>
    </trkpt>
    <trkpt lat="46.564264369" lon="6.684743437">
      <ele>864.1</ele>
    </trkpt>
    <trkpt lat="46.564264782" lon="6.684748491">
      <ele>864.0</ele>
    </trkpt>
    <trkpt lat="46.564265433" lon="6.684753457">
      <ele>864.0</ele>
    </trkpt>
    <trkpt lat="46.564266332" lon="6.684758322">
      <ele>864.0</ele>
    </trkpt>
    <trkpt lat="46.564267469" lon="6.684763076">
      <ele>863.9</ele>
    </trkpt>
    <trkpt lat="46.564268822" lon="6.684767722">
      <ele>864.0</ele>
    </trkpt>
    <trkpt lat="46.564270364" lon="6.684772268">
      <ele>864.0</ele>
    </trkpt>
    <trkpt lat="46.564272061" lon="6.684776722">
      <ele>864.0</ele>
    </trkpt>
    <trkpt lat="46.564273881" lon="6.684781099">
      <ele>864.0</ele>
    </trkpt>
    <trkpt lat="46.564275794" lon="6.684785411">
      <ele>864.0</ele>
    </trkpt>
    <trkpt lat="46.564277775" lon="6.684789677">
      <ele>864.1</ele>
    </trkpt>
    <trkpt lat="46.564279807" lon="6.684793907">
      <ele>864.1</ele>
    </trkpt>
    <trkpt lat="46.564281868" lon="6.684798119">
      <ele>864.1</ele>
    </trkpt>
    <trkpt lat="46.564283946" lon="6.684802324">
      <ele>864.2</ele>
    </trkpt>
    <trkpt lat="46.564286028" lon="6.684806536">
      <ele>864.2</ele>
    </trkpt>
    <trkpt lat="46.564288104" lon="6.684810761">
      <ele>864.2</ele>
    </trkpt>
    <trkpt lat="46.564290165" lon="6.684815005">
      <ele>864.3</ele>
    </trkpt>
    <trkpt lat="46.564292199" lon="6.684819274">
      <ele>864.3</ele>
    </trkpt>
    <trkpt lat="46.564294197" lon="6.684823565">
      <ele>864.3</ele>
    </trkpt>
    <trkpt lat="46.564296149" lon="6.684827878">
      <ele>864.3</ele>
    </trkpt>
    <trkpt lat="46.564298049" lon="6.684832209">
      <ele>864.4</ele>
    </trkpt>
    <trkpt lat="46.564299895" lon="6.684836558">
      <ele>864.4</ele>
    </trkpt>
    <trkpt lat="46.564301690" lon="6.684840920">
      <ele>864.4</ele>
    </trkpt>
    <trkpt lat="46.564303446" lon="6.684845294">
      <ele>864.4</ele>
    </trkpt>
    <trkpt lat="46.564305182" lon="6.684849674">
      <ele>864.4</ele>
    </trkpt>
    <trkpt lat="46.564306915" lon="6.684854056">
      <ele>864.5</ele>
    </trkpt>
    <trkpt lat="46.564308663" lon="6.684858436">
      <ele>864.5</ele>
    </trkpt>
    <trkpt lat="46.564310446" lon="6.684862807">
      <ele>864.5</ele>
    </trkpt>
    <trkpt lat="46.564312275" lon="6.684867164">
      <ele>864.5</ele>
    </trkpt>
    <trkpt lat="46.564314162" lon="6.684871498">
      <ele>864.5</ele>
    </trkpt>
    <trkpt lat="46.564316111" lon="6.684875802">
      <ele>864.6</ele>
    </trkpt>
    <trkpt lat="46.564318123" lon="6.684880073">
      <ele>864.7</ele>
    </trkpt>
    <trkpt lat="46.564320196" lon="6.684884310">
      <ele>864.8</ele>
    </trkpt>
    <trkpt lat="46.564322314" lon="6.684888525">
      <ele>864.9</ele>
    </trkpt>
    <trkpt lat="46.564324457" lon="6.684892732">
      <ele>865.1</ele>
    </trkpt>
    <trkpt lat="46.564326601" lon="6.684896951">
      <ele>865.3</ele>
    </trkpt>
    <trkpt lat="46.564328701" lon="6.684901216">
      <ele>865.5</ele>
    </trkpt>
    <trkpt lat="46.564330709" lon="6.684905550">
      <ele>865.7</ele>
    </trkpt>
    <trkpt lat="46.564332584" lon="6.684909974">
      <ele>865.9</ele>
    </trkpt>
    <trkpt lat="46.564334298" lon="6.684914491">
      <ele>866.0</ele>
    </trkpt>
    <trkpt lat="46.564335839" lon="6.684919097">
      <ele>866.1</ele>
    </trkpt>
    <trkpt lat="46.564337220" lon="6.684923763">
      <ele>866.1</ele>
    </trkpt>
    <trkpt lat="46.564338478" lon="6.684928456">
      <ele>866.2</ele>
    </trkpt>
    <trkpt lat="46.564339666" lon="6.684933142">
      <ele>866.2</ele>
    </trkpt>
    <trkpt lat="46.564340834" lon="6.684937786">
      <ele>866.1</ele>
    </trkpt>
    <trkpt lat="46.564342032" lon="6.684942377">
      <ele>866.1</ele>
    </trkpt>
    <trkpt lat="46.564343282" lon="6.684946914">
      <ele>866.1</ele>
    </trkpt>
    <trkpt lat="46.564344589" lon="6.684951412">
      <ele>866.1</ele>
    </trkpt>
    <trkpt lat="46.564345932" lon="6.684955896">
      <ele>866.1</ele>
    </trkpt>
    <trkpt lat="46.564347268" lon="6.684960397">
      <ele>866.1</ele>
    </trkpt>
    <trkpt lat="46.564348553" lon="6.684964940">
      <ele>866.2</ele>
    </trkpt>
    <trkpt lat="46.564349744" lon="6.684969541">
      <ele>866.2</ele>
    </trkpt>
    <trkpt lat="46.564350797" lon="6.684974208">
      <ele>866.2</ele>
    </trkpt>
    <trkpt lat="46.564351689" lon="6.684978941">
      <ele>866.2</ele>
    </trkpt>
    <trkpt lat="46.564352415" lon="6.684983725">
      <ele>866.2</ele>
    </trkpt>
    <trkpt lat="46.564352991" lon="6.684988536">
      <ele>866.2</ele>
    </trkpt>
    <trkpt lat="46.564353450" lon="6.684993350">
      <ele>866.2</ele>
    </trkpt>
    <trkpt lat="46.564353843" lon="6.684998139">
      <ele>866.1</ele>
    </trkpt>
    <trkpt lat="46.564354230" lon="6.685002876">
      <ele>866.0</ele>
    </trkpt>
    <trkpt lat="46.564354666" lon="6.685007550">
      <ele>866.0</ele>
    </trkpt>
    <trkpt lat="46.564355193" lon="6.685012159">
      <ele>865.9</ele>
    </trkpt>
    <trkpt lat="46.564355849" lon="6.685016712">
      <ele>865.8</ele>
    </trkpt>
    <trkpt lat="46.564356646" lon="6.685021230">
      <ele>865.7</ele>
    </trkpt>
    <trkpt lat="46.564357576" lon="6.685025742">
      <ele>865.7</ele>
    </trkpt>
    <trkpt lat="46.564358620" lon="6.685030273">
      <ele>865.6</ele>
    </trkpt>
    <trkpt lat="46.564359754" lon="6.685034835">
      <ele>865.5</ele>
    </trkpt>
    <trkpt lat="46.564360961" lon="6.685039443">
      <ele>865.5</ele>
    </trkpt>
    <trkpt lat="46.564362224" lon="6.685044086">
      <ele>865.4</ele>
    </trkpt>
    <trkpt lat="46.564363535" lon="6.685048759">
      <ele>865.4</ele>
    </trkpt>
    <trkpt lat="46.564364892" lon="6.685053451">
      <ele>865.3</ele>
    </trkpt>
    <trkpt lat="46.564366291" lon="6.685058154">
      <ele>865.3</ele>
    </trkpt>
    <trkpt lat="46.564367729" lon="6.685062865">
      <ele>865.3</ele>
    </trkpt>
    <trkpt lat="46.564369197" lon="6.685067583">
      <ele>865.2</ele>
    </trkpt>
    <trkpt lat="46.564370688" lon="6.685072307">
      <ele>865.2</ele>
    </trkpt>
    <trkpt lat="46.564372198" lon="6.685077026">
      <ele>865.2</ele>
    </trkpt>
    <trkpt lat="46.564373729" lon="6.685081729">
      <ele>865.2</ele>
    </trkpt>
    <trkpt lat="46.564375284" lon="6.685086391">
      <ele>865.2</ele>
    </trkpt>
    <trkpt lat="46.564376880" lon="6.685090987">
      <ele>865.1</ele>
    </trkpt>
    <trkpt lat="46.564378535" lon="6.685095488">
      <ele>865.2</ele>
    </trkpt>
    <trkpt lat="46.564380269" lon="6.685099880">
      <ele>865.2</ele>
    </trkpt>
    <trkpt lat="46.564382097" lon="6.685104146">
      <ele>865.3</ele>
    </trkpt>
    <trkpt lat="46.564384032" lon="6.685108288">
      <ele>865.4</ele>
    </trkpt>
    <trkpt lat="46.564386077" lon="6.685112315">
      <ele>865.5</ele>
    </trkpt>
    <trkpt lat="46.564388230" lon="6.685116241">
      <ele>865.7</ele>
    </trkpt>
    <trkpt lat="46.564390483" lon="6.685120087">
      <ele>865.9</ele>
    </trkpt>
    <trkpt lat="46.564392823" lon="6.685123870">
      <ele>866.1</ele>
    </trkpt>
    <trkpt lat="46.564395237" lon="6.685127601">
      <ele>866.3</ele>
    </trkpt>
    <trkpt lat="46.564397713" lon="6.685131290">
      <ele>866.5</ele>
    </trkpt>
    <trkpt lat="46.564400244" lon="6.685134930">
      <ele>866.7</ele>
    </trkpt>
    <trkpt lat="46.564402826" lon="6.685138511">
      <ele>866.9</ele>
    </trkpt>
    <trkpt lat="46.564405456" lon="6.685142012">
      <ele>867.1</ele>
    </trkpt>
    <trkpt lat="46.564408134" lon="6.685145406">
      <ele>867.3</ele>
    </trkpt>
    <trkpt lat="46.564410863" lon="6.685148660">
      <ele>867.4</ele>
    </trkpt>
    <trkpt lat="46.564413647" lon="6.685151744">
      <ele>867.6</ele>
    </trkpt>
    <trkpt lat="46.564416488" lon="6.685154636">
      <ele>867.6</ele>
    </trkpt>
    <trkpt lat="46.564419391" lon="6.685157321">
      <ele>867.7</ele>
    </trkpt>
    <trkpt lat="46.564422355" lon="6.685159802">
      <ele>867.8</ele>
    </trkpt>
    <trkpt lat="46.564425376" lon="6.685162097">
      <ele>867.8</ele>
    </trkpt>
    <trkpt lat="46.564428453" lon="6.685164233">
      <ele>867.8</ele>
    </trkpt>
    <trkpt lat="46.564431573" lon="6.685166247">
      <ele>867.8</ele>
    </trkpt>
    <trkpt lat="46.564434730" lon="6.685168174">
      <ele>867.8</ele>
    </trkpt>
    <trkpt lat="46.564437919" lon="6.685170047">
      <ele>867.8</ele>
    </trkpt>
    <trkpt lat="46.564441129" lon="6.685171890">
      <ele>867.9</ele>
    </trkpt>
    <trkpt lat="46.564444358" lon="6.685173719">
      <ele>867.9</ele>
    </trkpt>
    <trkpt lat="46.564447607" lon="6.685175539">
      <ele>867.9</ele>
    </trkpt>
    <trkpt lat="46.564450878" lon="6.685177351">
      <ele>867.9</ele>
    </trkpt>
    <trkpt lat="46.564454180" lon="6.685179136">
      <ele>867.9</ele>
    </trkpt>
    <trkpt lat="46.564457514" lon="6.685180877">
      <ele>868.0</ele>
    </trkpt>
    <trkpt lat="46.564460884" lon="6.685182556">
      <ele>868.0</ele>
    </trkpt>
    <trkpt lat="46.564464288" lon="6.685184152">
      <ele>868.1</ele>
    </trkpt>
    <trkpt lat="46.564467720" lon="6.685185655">
      <ele>868.1</ele>
    </trkpt>
    <trkpt lat="46.564471169" lon="6.685187065">
      <ele>868.2</ele>
    </trkpt>
    <trkpt lat="46.564474623" lon="6.685188397">
      <ele>868.3</ele>
    </trkpt>
    <trkpt lat="46.564478072" lon="6.685189674">
      <ele>868.5</ele>
    </trkpt>
    <trkpt lat="46.564481505" lon="6.685190928">
      <ele>868.6</ele>
    </trkpt>
    <trkpt lat="46.564484920" lon="6.685192189">
      <ele>868.8</ele>
    </trkpt>
    <trkpt lat="46.564488321" lon="6.685193480">
      <ele>868.9</ele>
    </trkpt>
    <trkpt lat="46.564491717" lon="6.685194817">
      <ele>869.0</ele>
    </trkpt>
    <trkpt lat="46.564495115" lon="6.685196206">
      <ele>869.1</ele>
    </trkpt>
    <trkpt lat="46.564498527" lon="6.685197647">
      <ele>869.2</ele>
    </trkpt>
    <trkpt lat="46.564501954" lon="6.685199138">
      <ele>869.2</ele>
    </trkpt>
    <trkpt lat="46.564505400" lon="6.685200677">
      <ele>869.2</ele>
    </trkpt>
    <trkpt lat="46.564508862" lon="6.685202265">
      <ele>869.3</ele>
    </trkpt>
    <trkpt lat="46.564512329" lon="6.685203900">
      <ele>869.3</ele>
    </trkpt>
    <trkpt lat="46.564515796" lon="6.685205586">
      <ele>869.2</ele>
    </trkpt>
    <trkpt lat="46.564519252" lon="6.685207319">
      <ele>869.2</ele>
    </trkpt>
    <trkpt lat="46.564522689" lon="6.685209099">
      <ele>869.2</ele>
    </trkpt>
    <trkpt lat="46.564526106" lon="6.685210919">
      <ele>869.1</ele>
    </trkpt>
    <trkpt lat="46.564529500" lon="6.685212769">
      <ele>869.1</ele>
    </trkpt>
    <trkpt lat="46.564532870" lon="6.685214642">
      <ele>869.0</ele>
    </trkpt>
    <trkpt lat="46.564536221" lon="6.685216527">
      <ele>869.0</ele>
    </trkpt>
    <trkpt lat="46.564539550" lon="6.685218421">
      <ele>868.9</ele>
    </trkpt>
    <trkpt lat="46.564542867" lon="6.685220315">
      <ele>868.9</ele>
    </trkpt>
    <trkpt lat="46.564546173" lon="6.685222203">
      <ele>868.9</ele>
    </trkpt>
    <trkpt lat="46.564549473" lon="6.685224082">
      <ele>868.9</ele>
    </trkpt>
    <trkpt lat="46.564552770" lon="6.685225945">
      <ele>868.8</ele>
    </trkpt>
    <trkpt lat="46.564556070" lon="6.685227791">
      <ele>868.8</ele>
    </trkpt>
    <trkpt lat="46.564559377" lon="6.685229616">
      <ele>868.8</ele>
    </trkpt>
    <trkpt lat="46.564562694" lon="6.685231418">
      <ele>868.8</ele>
    </trkpt>
    <trkpt lat="46.564566027" lon="6.685233197">
      <ele>868.8</ele>
    </trkpt>
    <trkpt lat="46.564569376" lon="6.685234957">
      <ele>868.8</ele>
    </trkpt>
    <trkpt lat="46.564572738" lon="6.685236701">
      <ele>868.8</ele>
    </trkpt>
    <trkpt lat="46.564576111" lon="6.685238436">
      <ele>868.8</ele>
    </trkpt>
    <trkpt lat="46.564579494" lon="6.685240168">
      <ele>868.9</ele>
    </trkpt>
    <trkpt lat="46.564582878" lon="6.685241903">
      <ele>868.9</ele>
    </trkpt>
    <trkpt lat="46.564586262" lon="6.685243644">
      <ele>868.9</ele>
    </trkpt>
    <trkpt lat="46.564589642" lon="6.685245392">
      <ele>868.9</ele>
    </trkpt>
    <trkpt lat="46.564593018" lon="6.685247147">
      <ele>868.9</ele>
    </trkpt>
    <trkpt lat="46.564596390" lon="6.685248905">
      <ele>869.0</ele>
    </trkpt>
    <trkpt lat="46.564599758" lon="6.685250664">
      <ele>869.0</ele>
    </trkpt>
    <trkpt lat="46.564603121" lon="6.685252420">
      <ele>869.0</ele>
    </trkpt>
    <trkpt lat="46.564606479" lon="6.685254166">
      <ele>869.1</ele>
    </trkpt>
    <trkpt lat="46.564609834" lon="6.685255900">
      <ele>869.1</ele>
    </trkpt>
    <trkpt lat="46.564613185" lon="6.685257620">
      <ele>869.1</ele>
    </trkpt>
    <trkpt lat="46.564616531" lon="6.685259325">
      <ele>869.2</ele>
    </trkpt>
    <trkpt lat="46.564619878" lon="6.685261018">
      <ele>869.2</ele>
    </trkpt>
    <trkpt lat="46.564623223" lon="6.685262703">
      <ele>869.3</ele>
    </trkpt>
    <trkpt lat="46.564626571" lon="6.685264388">
      <ele>869.3</ele>
    </trkpt>
    <trkpt lat="46.564629922" lon="6.685266081">
      <ele>869.4</ele>
    </trkpt>
    <trkpt lat="46.564633281" lon="6.685267791">
      <ele>869.4</ele>
    </trkpt>
    <trkpt lat="46.564636648" lon="6.685269524">
      <ele>869.5</ele>
    </trkpt>
    <trkpt lat="46.564640025" lon="6.685271286">
      <ele>869.6</ele>
    </trkpt>
    <trkpt lat="46.564643411" lon="6.685273078">
      <ele>869.6</ele>
    </trkpt>
    <trkpt lat="46.564646805" lon="6.685274899">
      <ele>869.6</ele>
    </trkpt>
    <trkpt lat="46.564650203" lon="6.685276748">
      <ele>869.7</ele>
    </trkpt>
    <trkpt lat="46.564653601" lon="6.685278620">
      <ele>869.7</ele>
    </trkpt>
    <trkpt lat="46.564656992" lon="6.685280513">
      <ele>869.7</ele>
    </trkpt>
    <trkpt lat="46.564660372" lon="6.685282420">
      <ele>869.7</ele>
    </trkpt>
    <trkpt lat="46.564663736" lon="6.685284338">
      <ele>869.8</ele>
    </trkpt>
    <trkpt lat="46.564667082" lon="6.685286267">
      <ele>869.8</ele>
    </trkpt>
    <trkpt lat="46.564670408" lon="6.685288207">
      <ele>869.8</ele>
    </trkpt>
    <trkpt lat="46.564673714" lon="6.685290162">
      <ele>869.8</ele>
    </trkpt>
    <trkpt lat="46.564676999" lon="6.685292138">
      <ele>869.8</ele>
    </trkpt>
    <trkpt lat="46.564680267" lon="6.685294144">
      <ele>869.8</ele>
    </trkpt>
    <trkpt lat="46.564683515" lon="6.685296187">
      <ele>869.8</ele>
    </trkpt>
    <trkpt lat="46.564686747" lon="6.685298272">
      <ele>869.8</ele>
    </trkpt>
    <trkpt lat="46.564689960" lon="6.685300397">
      <ele>869.8</ele>
    </trkpt>
    <trkpt lat="46.564693156" lon="6.685302560">
      <ele>869.8</ele>
    </trkpt>
    <trkpt lat="46.564696336" lon="6.685304757">
      <ele>869.9</ele>
    </trkpt>
    <trkpt lat="46.564699498" lon="6.685306980">
      <ele>869.9</ele>
    </trkpt>
    <trkpt lat="46.564702640" lon="6.685309228">
      <ele>869.9</ele>
    </trkpt>
    <trkpt lat="46.564705764" lon="6.685311501">
      <ele>869.9</ele>
    </trkpt>
    <trkpt lat="46.564708869" lon="6.685313799">
      <ele>869.9</ele>
    </trkpt>
    <trkpt lat="46.564711958" lon="6.685316122">
      <ele>869.9</ele>
    </trkpt>
    <trkpt lat="46.564715035" lon="6.685318466">
      <ele>869.9</ele>
    </trkpt>
    <trkpt lat="46.564718107" lon="6.685320819">
      <ele>869.9</ele>
    </trkpt>
    <trkpt lat="46.564721181" lon="6.685323159">
      <ele>869.9</ele>
    </trkpt>
    <trkpt lat="46.564724262" lon="6.685325456">
      <ele>869.9</ele>
    </trkpt>
    <trkpt lat="46.564727356" lon="6.685327685">
      <ele>869.8</ele>
    </trkpt>
    <trkpt lat="46.564730459" lon="6.685329818">
      <ele>869.8</ele>
    </trkpt>
    <trkpt lat="46.564733563" lon="6.685331842">
      <ele>869.8</ele>
    </trkpt>
    <trkpt lat="46.564736665" lon="6.685333757">
      <ele>869.8</ele>
    </trkpt>
    <trkpt lat="46.564739753" lon="6.685335581">
      <ele>869.8</ele>
    </trkpt>
    <trkpt lat="46.564742824" lon="6.685337342">
      <ele>869.8</ele>
    </trkpt>
    <trkpt lat="46.564745877" lon="6.685339072">
      <ele>869.8</ele>
    </trkpt>
    <trkpt lat="46.564748918" lon="6.685340803">
      <ele>869.8</ele>
    </trkpt>
    <trkpt lat="46.564751954" lon="6.685342557">
      <ele>869.7</ele>
    </trkpt>
    <trkpt lat="46.564754995" lon="6.685344342">
      <ele>869.7</ele>
    </trkpt>
    <trkpt lat="46.564758054" lon="6.685346155">
      <ele>869.7</ele>
    </trkpt>
    <trkpt lat="46.564761138" lon="6.685347982">
      <ele>869.7</ele>
    </trkpt>
    <trkpt lat="46.564764250" lon="6.685349802">
      <ele>869.6</ele>
    </trkpt>
    <trkpt lat="46.564767387" lon="6.685351600">
      <ele>869.6</ele>
    </trkpt>
    <trkpt lat="46.564770543" lon="6.685353367">
      <ele>869.5</ele>
    </trkpt>
    <trkpt lat="46.564773707" lon="6.685355102">
      <ele>869.5</ele>
    </trkpt>
    <trkpt lat="46.564776873" lon="6.685356818">
      <ele>869.4</ele>
    </trkpt>
    <trkpt lat="46.564780025" lon="6.685358528">
      <ele>869.4</ele>
    </trkpt>
    <trkpt lat="46.564783151" lon="6.685360254">
      <ele>869.3</ele>
    </trkpt>
    <trkpt lat="46.564786245" lon="6.685362012">
      <ele>869.2</ele>
    </trkpt>
    <trkpt lat="46.564789311" lon="6.685363812">
      <ele>869.2</ele>
    </trkpt>
    <trkpt lat="46.564792351" lon="6.685365654">
      <ele>869.1</ele>
    </trkpt>
    <trkpt lat="46.564795379" lon="6.685367526">
      <ele>869.1</ele>
    </trkpt>
    <trkpt lat="46.564798404" lon="6.685369419">
      <ele>869.0</ele>
    </trkpt>
    <trkpt lat="46.564801438" lon="6.685371307">
      <ele>869.0</ele>
    </trkpt>
    <trkpt lat="46.564804489" lon="6.685373169">
      <ele>868.9</ele>
    </trkpt>
    <trkpt lat="46.564807562" lon="6.685374989">
      <ele>868.9</ele>
    </trkpt>
    <trkpt lat="46.564810658" lon="6.685376756">
      <ele>868.8</ele>
    </trkpt>
    <trkpt lat="46.564813775" lon="6.685378469">
      <ele>868.8</ele>
    </trkpt>
    <trkpt lat="46.564816916" lon="6.685380136">
      <ele>868.7</ele>
    </trkpt>
    <trkpt lat="46.564820082" lon="6.685381768">
      <ele>868.7</ele>
    </trkpt>
    <trkpt lat="46.564823274" lon="6.685383379">
      <ele>868.7</ele>
    </trkpt>
    <trkpt lat="46.564826498" lon="6.685384970">
      <ele>868.6</ele>
    </trkpt>
    <trkpt lat="46.564829755" lon="6.685386543">
      <ele>868.6</ele>
    </trkpt>
    <trkpt lat="46.564833044" lon="6.685388098">
      <ele>868.6</ele>
    </trkpt>
    <trkpt lat="46.564836363" lon="6.685389607">
      <ele>868.6</ele>
    </trkpt>
    <trkpt lat="46.564839712" lon="6.685391045">
      <ele>868.5</ele>
    </trkpt>
    <trkpt lat="46.564843095" lon="6.685392383">
      <ele>868.5</ele>
    </trkpt>
    <trkpt lat="46.564846517" lon="6.685393590">
      <ele>868.5</ele>
    </trkpt>
    <trkpt lat="46.564849978" lon="6.685394652">
      <ele>868.4</ele>
    </trkpt>
    <trkpt lat="46.564853479" lon="6.685395569">
      <ele>868.4</ele>
    </trkpt>
    <trkpt lat="46.564857016" lon="6.685396355">
      <ele>868.3</ele>
    </trkpt>
    <trkpt lat="46.564860585" lon="6.685397033">
      <ele>868.2</ele>
    </trkpt>
    <trkpt lat="46.564864173" lon="6.685397627">
      <ele>868.1</ele>
    </trkpt>
    <trkpt lat="46.564867774" lon="6.685398157">
      <ele>868.0</ele>
    </trkpt>
    <trkpt lat="46.564871375" lon="6.685398632">
      <ele>867.9</ele>
    </trkpt>
    <trkpt lat="46.564874973" lon="6.685399050">
      <ele>867.8</ele>
    </trkpt>
    <trkpt lat="46.564878564" lon="6.685399403">
      <ele>867.7</ele>
    </trkpt>
    <trkpt lat="46.564882148" lon="6.685399688">
      <ele>867.6</ele>
    </trkpt>
    <trkpt lat="46.564885719" lon="6.685399920">
      <ele>867.5</ele>
    </trkpt>
    <trkpt lat="46.564889266" lon="6.685400135">
      <ele>867.3</ele>
    </trkpt>
    <trkpt lat="46.564892776" lon="6.685400391">
      <ele>867.2</ele>
    </trkpt>
    <trkpt lat="46.564896234" lon="6.685400743">
      <ele>867.1</ele>
    </trkpt>
    <trkpt lat="46.564899627" lon="6.685401247">
      <ele>866.9</ele>
    </trkpt>
    <trkpt lat="46.564902957" lon="6.685401940">
      <ele>866.9</ele>
    </trkpt>
    <trkpt lat="46.564906226" lon="6.685402850">
      <ele>866.8</ele>
    </trkpt>
    <trkpt lat="46.564909448" lon="6.685403984">
      <ele>866.8</ele>
    </trkpt>
    <trkpt lat="46.564912635" lon="6.685405335">
      <ele>866.8</ele>
    </trkpt>
    <trkpt lat="46.564915810" lon="6.685406868">
      <ele>866.9</ele>
    </trkpt>
    <trkpt lat="46.564918989" lon="6.685408538">
      <ele>867.0</ele>
    </trkpt>
    <trkpt lat="46.564922183" lon="6.685410297">
      <ele>867.1</ele>
    </trkpt>
    <trkpt lat="46.564925400" lon="6.685412086">
      <ele>867.2</ele>
    </trkpt>
    <trkpt lat="46.564928646" lon="6.685413833">
      <ele>867.2</ele>
    </trkpt>
    <trkpt lat="46.564931924" lon="6.685415483">
      <ele>867.3</ele>
    </trkpt>
    <trkpt lat="46.564935234" lon="6.685417001">
      <ele>867.3</ele>
    </trkpt>
    <trkpt lat="46.564938575" lon="6.685418395">
      <ele>867.3</ele>
    </trkpt>
    <trkpt lat="46.564941942" lon="6.685419709">
      <ele>867.3</ele>
    </trkpt>
    <trkpt lat="46.564945322" lon="6.685421019">
      <ele>867.2</ele>
    </trkpt>
    <trkpt lat="46.564948700" lon="6.685422411">
      <ele>867.2</ele>
    </trkpt>
    <trkpt lat="46.564952063" lon="6.685423963">
      <ele>867.2</ele>
    </trkpt>
    <trkpt lat="46.564955402" lon="6.685425719">
      <ele>867.2</ele>
    </trkpt>
    <trkpt lat="46.564958709" lon="6.685427681">
      <ele>867.2</ele>
    </trkpt>
    <trkpt lat="46.564961983" lon="6.685429809">
      <ele>867.3</ele>
    </trkpt>
    <trkpt lat="46.564965232" lon="6.685432034">
      <ele>867.4</ele>
    </trkpt>
    <trkpt lat="46.564968469" lon="6.685434274">
      <ele>867.5</ele>
    </trkpt>
    <trkpt lat="46.564971705" lon="6.685436454">
      <ele>867.6</ele>
    </trkpt>
    <trkpt lat="46.564974946" lon="6.685438514">
      <ele>867.6</ele>
    </trkpt>
    <trkpt lat="46.564978199" lon="6.685440437">
      <ele>867.7</ele>
    </trkpt>
    <trkpt lat="46.564981463" lon="6.685442222">
      <ele>867.7</ele>
    </trkpt>
    <trkpt lat="46.564984728" lon="6.685443893">
      <ele>867.7</ele>
    </trkpt>
    <trkpt lat="46.564987996" lon="6.685445480">
      <ele>867.7</ele>
    </trkpt>
    <trkpt lat="46.564991255" lon="6.685447021">
      <ele>867.7</ele>
    </trkpt>
    <trkpt lat="46.564994506" lon="6.685448551">
      <ele>867.6</ele>
    </trkpt>
    <trkpt lat="46.564997744" lon="6.685450097">
      <ele>867.6</ele>
    </trkpt>
    <trkpt lat="46.565000971" lon="6.685451673">
      <ele>867.5</ele>
    </trkpt>
    <trkpt lat="46.565004196" lon="6.685453284">
      <ele>867.5</ele>
    </trkpt>
    <trkpt lat="46.565007421" lon="6.685454917">
      <ele>867.4</ele>
    </trkpt>
    <trkpt lat="46.565010652" lon="6.685456566">
      <ele>867.4</ele>
    </trkpt>
    <trkpt lat="46.565013892" lon="6.685458209">
      <ele>867.3</ele>
    </trkpt>
    <trkpt lat="46.565017148" lon="6.685459828">
      <ele>867.3</ele>
    </trkpt>
    <trkpt lat="46.565020418" lon="6.685461403">
      <ele>867.3</ele>
    </trkpt>
    <trkpt lat="46.565023700" lon="6.685462922">
      <ele>867.3</ele>
    </trkpt>
    <trkpt lat="46.565026993" lon="6.685464377">
      <ele>867.3</ele>
    </trkpt>
    <trkpt lat="46.565030298" lon="6.685465765">
      <ele>867.4</ele>
    </trkpt>
    <trkpt lat="46.565033609" lon="6.685467083">
      <ele>867.4</ele>
    </trkpt>
    <trkpt lat="46.565036927" lon="6.685468331">
      <ele>867.5</ele>
    </trkpt>
    <trkpt lat="46.565040256" lon="6.685469513">
      <ele>867.5</ele>
    </trkpt>
    <trkpt lat="46.565043592" lon="6.685470632">
      <ele>867.6</ele>
    </trkpt>
    <trkpt lat="46.565046941" lon="6.685471696">
      <ele>867.6</ele>
    </trkpt>
    <trkpt lat="46.565050299" lon="6.685472710">
      <ele>867.7</ele>
    </trkpt>
    <trkpt lat="46.565053670" lon="6.685473685">
      <ele>867.7</ele>
    </trkpt>
    <trkpt lat="46.565057055" lon="6.685474634">
      <ele>867.8</ele>
    </trkpt>
    <trkpt lat="46.565060451" lon="6.685475567">
      <ele>867.8</ele>
    </trkpt>
    <trkpt lat="46.565063859" lon="6.685476497">
      <ele>867.8</ele>
    </trkpt>
    <trkpt lat="46.565067279" lon="6.685477434">
      <ele>867.9</ele>
    </trkpt>
    <trkpt lat="46.565070707" lon="6.685478388">
      <ele>867.9</ele>
    </trkpt>
    <trkpt lat="46.565074141" lon="6.685479370">
      <ele>868.0</ele>
    </trkpt>
    <trkpt lat="46.565077577" lon="6.685480389">
      <ele>868.1</ele>
    </trkpt>
    <trkpt lat="46.565081011" lon="6.685481451">
      <ele>868.2</ele>
    </trkpt>
    <trkpt lat="46.565084441" lon="6.685482563">
      <ele>868.3</ele>
    </trkpt>
    <trkpt lat="46.565087863" lon="6.685483725">
      <ele>868.4</ele>
    </trkpt>
    <trkpt lat="46.565091275" lon="6.685484940">
      <ele>868.6</ele>
    </trkpt>
    <trkpt lat="46.565094677" lon="6.685486202">
      <ele>868.7</ele>
    </trkpt>
    <trkpt lat="46.565098073" lon="6.685487509">
      <ele>868.8</ele>
    </trkpt>
    <trkpt lat="46.565101462" lon="6.685488853">
      <ele>869.0</ele>
    </trkpt>
    <trkpt lat="46.565104848" lon="6.685490229">
      <ele>869.1</ele>
    </trkpt>
    <trkpt lat="46.565108232" lon="6.685491631">
      <ele>869.2</ele>
    </trkpt>
    <trkpt lat="46.565111618" lon="6.685493052">
      <ele>869.4</ele>
    </trkpt>
    <trkpt lat="46.565115006" lon="6.685494485">
      <ele>869.5</ele>
    </trkpt>
    <trkpt lat="46.565118400" lon="6.685495923">
      <ele>869.6</ele>
    </trkpt>
    <trkpt lat="46.565121803" lon="6.685497359">
      <ele>869.7</ele>
    </trkpt>
    <trkpt lat="46.565125215" lon="6.685498785">
      <ele>869.7</ele>
    </trkpt>
    <trkpt lat="46.565128640" lon="6.685500192">
      <ele>869.8</ele>
    </trkpt>
    <trkpt lat="46.565132076" lon="6.685501575">
      <ele>869.9</ele>
    </trkpt>
    <trkpt lat="46.565135522" lon="6.685502929">
      <ele>870.0</ele>
    </trkpt>
    <trkpt lat="46.565138976" lon="6.685504259">
      <ele>870.1</ele>
    </trkpt>
    <trkpt lat="46.565142429" lon="6.685505567">
      <ele>870.2</ele>
    </trkpt>
    <trkpt lat="46.565145878" lon="6.685506867">
      <ele>870.3</ele>
    </trkpt>
    <trkpt lat="46.565149317" lon="6.685508171">
      <ele>870.4</ele>
    </trkpt>
    <trkpt lat="46.565152742" lon="6.685509492">
      <ele>870.5</ele>
    </trkpt>
    <trkpt lat="46.565156153" lon="6.685510840">
      <ele>870.7</ele>
    </trkpt>
    <trkpt lat="46.565159550" lon="6.685512222">
      <ele>870.8</ele>
    </trkpt>
    <trkpt lat="46.565162938" lon="6.685513645">
      <ele>870.9</ele>
    </trkpt>
    <trkpt lat="46.565166318" lon="6.685515105">
      <ele>871.0</ele>
    </trkpt>
    <trkpt lat="46.565169692" lon="6.685516599">
      <ele>871.1</ele>
    </trkpt>
    <trkpt lat="46.565173059" lon="6.685518125">
      <ele>871.3</ele>
    </trkpt>
    <trkpt lat="46.565176418" lon="6.685519678">
      <ele>871.4</ele>
    </trkpt>
    <trkpt lat="46.565179765" lon="6.685521258">
      <ele>871.6</ele>
    </trkpt>
    <trkpt lat="46.565183094" lon="6.685522864">
      <ele>871.7</ele>
    </trkpt>
    <trkpt lat="46.565186407" lon="6.685524503">
      <ele>871.9</ele>
    </trkpt>
    <trkpt lat="46.565189708" lon="6.685526179">
      <ele>872.0</ele>
    </trkpt>
    <trkpt lat="46.565192998" lon="6.685527901">
      <ele>872.1</ele>
    </trkpt>
    <trkpt lat="46.565196281" lon="6.685529678">
      <ele>872.2</ele>
    </trkpt>
    <trkpt lat="46.565199558" lon="6.685531518">
      <ele>872.4</ele>
    </trkpt>
    <trkpt lat="46.565202831" lon="6.685533431">
      <ele>872.4</ele>
    </trkpt>
    <trkpt lat="46.565206093" lon="6.685535418">
      <ele>872.5</ele>
    </trkpt>
    <trkpt lat="46.565209339" lon="6.685537484">
      <ele>872.6</ele>
    </trkpt>
    <trkpt lat="46.565212564" lon="6.685539627">
      <ele>872.6</ele>
    </trkpt>
    <trkpt lat="46.565215761" lon="6.685541848">
      <ele>872.6</ele>
    </trkpt>
    <trkpt lat="46.565218931" lon="6.685544145">
      <ele>872.6</ele>
    </trkpt>
    <trkpt lat="46.565222076" lon="6.685546517">
      <ele>872.6</ele>
    </trkpt>
    <trkpt lat="46.565225198" lon="6.685548965">
      <ele>872.6</ele>
    </trkpt>
    <trkpt lat="46.565228298" lon="6.685551489">
      <ele>872.6</ele>
    </trkpt>
    <trkpt lat="46.565231376" lon="6.685554094">
      <ele>872.6</ele>
    </trkpt>
    <trkpt lat="46.565234432" lon="6.685556785">
      <ele>872.6</ele>
    </trkpt>
    <trkpt lat="46.565237456" lon="6.685559562">
      <ele>872.5</ele>
    </trkpt>
    <trkpt lat="46.565240444" lon="6.685562425">
      <ele>872.6</ele>
    </trkpt>
    <trkpt lat="46.565243393" lon="6.685565377">
      <ele>872.6</ele>
    </trkpt>
    <trkpt lat="46.565246304" lon="6.685568421">
      <ele>872.6</ele>
    </trkpt>
    <trkpt lat="46.565249180" lon="6.685571556">
      <ele>872.7</ele>
    </trkpt>
    <trkpt lat="46.565252027" lon="6.685574783">
      <ele>872.8</ele>
    </trkpt>
    <trkpt lat="46.565254855" lon="6.685578107">
      <ele>872.9</ele>
    </trkpt>
    <trkpt lat="46.565257668" lon="6.685581520">
      <ele>873.0</ele>
    </trkpt>
    <trkpt lat="46.565260466" lon="6.685585012">
      <ele>873.1</ele>
    </trkpt>
    <trkpt lat="46.565263242" lon="6.685588565">
      <ele>873.3</ele>
    </trkpt>
    <trkpt lat="46.565265984" lon="6.685592153">
      <ele>873.4</ele>
    </trkpt>
    <trkpt lat="46.565268684" lon="6.685595751">
      <ele>873.6</ele>
    </trkpt>
    <trkpt lat="46.565271336" lon="6.685599335">
      <ele>873.7</ele>
    </trkpt>
    <trkpt lat="46.565273941" lon="6.685602895">
      <ele>873.7</ele>
    </trkpt>
    <trkpt lat="46.565276505" lon="6.685606426">
      <ele>873.8</ele>
    </trkpt>
    <trkpt lat="46.565279040" lon="6.685609936">
      <ele>873.7</ele>
    </trkpt>
    <trkpt lat="46.565281557" lon="6.685613445">
      <ele>873.6</ele>
    </trkpt>
    <trkpt lat="46.565284063" lon="6.685616968">
      <ele>873.5</ele>
    </trkpt>
    <trkpt lat="46.565286556" lon="6.685620525">
      <ele>873.3</ele>
    </trkpt>
    <trkpt lat="46.565289029" lon="6.685624125">
      <ele>873.1</ele>
    </trkpt>
    <trkpt lat="46.565291468" lon="6.685627780">
      <ele>872.8</ele>
    </trkpt>
    <trkpt lat="46.565293848" lon="6.685631499">
      <ele>872.5</ele>
    </trkpt>
    <trkpt lat="46.565296152" lon="6.685635293">
      <ele>872.2</ele>
    </trkpt>
    <trkpt lat="46.565298367" lon="6.685639166">
      <ele>871.8</ele>
    </trkpt>
    <trkpt lat="46.565300491" lon="6.685643113">
      <ele>871.3</ele>
    </trkpt>
    <trkpt lat="46.565302545" lon="6.685647119">
      <ele>870.8</ele>
    </trkpt>
    <trkpt lat="46.565304562" lon="6.685651147">
      <ele>870.3</ele>
    </trkpt>
    <trkpt lat="46.565306590" lon="6.685655143">
      <ele>869.9</ele>
    </trkpt>
    <trkpt lat="46.565308685" lon="6.685659052">
      <ele>869.6</ele>
    </trkpt>
    <trkpt lat="46.565310895" lon="6.685662821">
      <ele>869.4</ele>
    </trkpt>
    <trkpt lat="46.565313253" lon="6.685666418">
      <ele>869.4</ele>
    </trkpt>
    <trkpt lat="46.565315763" lon="6.685669836">
      <ele>869.5</ele>
    </trkpt>
    <trkpt lat="46.565318410" lon="6.685673113">
      <ele>869.8</ele>
    </trkpt>
    <trkpt lat="46.565321154" lon="6.685676294">
      <ele>870.1</ele>
    </trkpt>
    <trkpt lat="46.565323943" lon="6.685679444">
      <ele>870.5</ele>
    </trkpt>
    <trkpt lat="46.565326729" lon="6.685682619">
      <ele>870.8</ele>
    </trkpt>
    <trkpt lat="46.565329472" lon="6.685685862">
      <ele>871.1</ele>
    </trkpt>
    <trkpt lat="46.565332154" lon="6.685689195">
      <ele>871.3</ele>
    </trkpt>
    <trkpt lat="46.565334765" lon="6.685692618">
      <ele>871.5</ele>
    </trkpt>
    <trkpt lat="46.565337314" lon="6.685696121">
      <ele>871.6</ele>
    </trkpt>
    <trkpt lat="46.565339814" lon="6.685699684">
      <ele>871.6</ele>
    </trkpt>
    <trkpt lat="46.565342280" lon="6.685703286">
      <ele>871.6</ele>
    </trkpt>
    <trkpt lat="46.565344720" lon="6.685706910">
      <ele>871.6</ele>
    </trkpt>
    <trkpt lat="46.565347138" lon="6.685710537">
      <ele>871.5</ele>
    </trkpt>
    <trkpt lat="46.565349523" lon="6.685714174">
      <ele>871.4</ele>
    </trkpt>
    <trkpt lat="46.565351866" lon="6.685717817">
      <ele>871.3</ele>
    </trkpt>
    <trkpt lat="46.565354157" lon="6.685721488">
      <ele>871.0</ele>
    </trkpt>
    <trkpt lat="46.565356372" lon="6.685725224">
      <ele>870.8</ele>
    </trkpt>
    <trkpt lat="46.565358485" lon="6.685729069">
      <ele>870.4</ele>
    </trkpt>
    <trkpt lat="46.565360469" lon="6.685733076">
      <ele>870.0</ele>
    </trkpt>
    <trkpt lat="46.565362303" lon="6.685737297">
      <ele>869.4</ele>
    </trkpt>
    <trkpt lat="46.565363968" lon="6.685741763">
      <ele>868.9</ele>
    </trkpt>
    <trkpt lat="46.565365463" lon="6.685746470">
      <ele>868.4</ele>
    </trkpt>
    <trkpt lat="46.565366810" lon="6.685751387">
      <ele>868.0</ele>
    </trkpt>
    <trkpt lat="46.565368053" lon="6.685756455">
      <ele>867.7</ele>
    </trkpt>
    <trkpt lat="46.565369250" lon="6.685761591">
      <ele>867.5</ele>
    </trkpt>
    <trkpt lat="46.565370472" lon="6.685766710">
      <ele>867.5</ele>
    </trkpt>
    <trkpt lat="46.565371784" lon="6.685771736">
      <ele>867.5</ele>
    </trkpt>
    <trkpt lat="46.565373238" lon="6.685776617">
      <ele>867.7</ele>
    </trkpt>
    <trkpt lat="46.565374861" lon="6.685781326">
      <ele>867.9</ele>
    </trkpt>
    <trkpt lat="46.565376656" lon="6.685785866">
      <ele>868.1</ele>
    </trkpt>
    <trkpt lat="46.565378606" lon="6.685790253">
      <ele>868.3</ele>
    </trkpt>
    <trkpt lat="46.565380680" lon="6.685794512">
      <ele>868.5</ele>
    </trkpt>
    <trkpt lat="46.565382849" lon="6.685798671">
      <ele>868.7</ele>
    </trkpt>
    <trkpt lat="46.565385086" lon="6.685802751">
      <ele>868.8</ele>
    </trkpt>
    <trkpt lat="46.565387373" lon="6.685806769">
      <ele>868.9</ele>
    </trkpt>
    <trkpt lat="46.565389696" lon="6.685810736">
      <ele>869.0</ele>
    </trkpt>
    <trkpt lat="46.565392047" lon="6.685814664">
      <ele>869.1</ele>
    </trkpt>
    <trkpt lat="46.565394419" lon="6.685818559">
      <ele>869.2</ele>
    </trkpt>
    <trkpt lat="46.565396806" lon="6.685822421">
      <ele>869.2</ele>
    </trkpt>
    <trkpt lat="46.565399188" lon="6.685826256">
      <ele>869.2</ele>
    </trkpt>
    <trkpt lat="46.565401555" lon="6.685830064">
      <ele>869.2</ele>
    </trkpt>
    <trkpt lat="46.565403893" lon="6.685833849">
      <ele>869.2</ele>
    </trkpt>
    <trkpt lat="46.565406195" lon="6.685837617">
      <ele>869.1</ele>
    </trkpt>
    <trkpt lat="46.565408454" lon="6.685841377">
      <ele>869.1</ele>
    </trkpt>
    <trkpt lat="46.565410669" lon="6.685845134">
      <ele>869.0</ele>
    </trkpt>
    <trkpt lat="46.565412850" lon="6.685848906">
      <ele>869.0</ele>
    </trkpt>
    <trkpt lat="46.565415008" lon="6.685852712">
      <ele>868.9</ele>
    </trkpt>
    <trkpt lat="46.565417158" lon="6.685856552">
      <ele>868.8</ele>
    </trkpt>
    <trkpt lat="46.565419314" lon="6.685860426">
      <ele>868.7</ele>
    </trkpt>
    <trkpt lat="46.565421487" lon="6.685864329">
      <ele>868.6</ele>
    </trkpt>
    <trkpt lat="46.565423681" lon="6.685868251">
      <ele>868.5</ele>
    </trkpt>
    <trkpt lat="46.565425892" lon="6.685872178">
      <ele>868.4</ele>
    </trkpt>
    <trkpt lat="46.565428112" lon="6.685876102">
      <ele>868.3</ele>
    </trkpt>
    <trkpt lat="46.565430325" lon="6.685880013">
      <ele>868.2</ele>
    </trkpt>
    <trkpt lat="46.565432525" lon="6.685883903">
      <ele>868.1</ele>
    </trkpt>
    <trkpt lat="46.565434694" lon="6.685887770">
      <ele>868.0</ele>
    </trkpt>
    <trkpt lat="46.565436830" lon="6.685891613">
      <ele>867.9</ele>
    </trkpt>
    <trkpt lat="46.565438937" lon="6.685895429">
      <ele>867.8</ele>
    </trkpt>
    <trkpt lat="46.565441027" lon="6.685899204">
      <ele>867.7</ele>
    </trkpt>
    <trkpt lat="46.565443118" lon="6.685902923">
      <ele>867.5</ele>
    </trkpt>
    <trkpt lat="46.565445234" lon="6.685906563">
      <ele>867.2</ele>
    </trkpt>
    <trkpt lat="46.565447396" lon="6.685910104">
      <ele>866.9</ele>
    </trkpt>
    <trkpt lat="46.565449621" lon="6.685913535">
      <ele>866.5</ele>
    </trkpt>
    <trkpt lat="46.565451908" lon="6.685916854">
      <ele>866.0</ele>
    </trkpt>
    <trkpt lat="46.565454245" lon="6.685920080">
      <ele>865.5</ele>
    </trkpt>
    <trkpt lat="46.565456592" lon="6.685923246">
      <ele>864.9</ele>
    </trkpt>
    <trkpt lat="46.565458896" lon="6.685926410">
      <ele>864.3</ele>
    </trkpt>
    <trkpt lat="46.565461098" lon="6.685929636">
      <ele>863.7</ele>
    </trkpt>
    <trkpt lat="46.565463141" lon="6.685932988">
      <ele>863.2</ele>
    </trkpt>
    <trkpt lat="46.565464983" lon="6.685936518">
      <ele>862.7</ele>
    </trkpt>
    <trkpt lat="46.565466600" lon="6.685940257">
      <ele>862.4</ele>
    </trkpt>
    <trkpt lat="46.565467986" lon="6.685944214">
      <ele>862.1</ele>
    </trkpt>
    <trkpt lat="46.565469158" lon="6.685948379">
      <ele>862.0</ele>
    </trkpt>
    <trkpt lat="46.565470142" lon="6.685952732">
      <ele>862.0</ele>
    </trkpt>
    <trkpt lat="46.565470969" lon="6.685957239">
      <ele>862.0</ele>
    </trkpt>
    <trkpt lat="46.565471666" lon="6.685961874">
      <ele>862.1</ele>
    </trkpt>
    <trkpt lat="46.565472261" lon="6.685966613">
      <ele>862.2</ele>
    </trkpt>
    <trkpt lat="46.565472775" lon="6.685971445">
      <ele>862.4</ele>
    </trkpt>
    <trkpt lat="46.565473227" lon="6.685976370">
      <ele>862.6</ele>
    </trkpt>
    <trkpt lat="46.565473628" lon="6.685981385">
      <ele>862.9</ele>
    </trkpt>
    <trkpt lat="46.565473995" lon="6.685986484">
      <ele>863.3</ele>
    </trkpt>
    <trkpt lat="46.565474331" lon="6.685991659">
      <ele>863.8</ele>
    </trkpt>
    <trkpt lat="46.565474624" lon="6.685996896">
      <ele>864.4</ele>
    </trkpt>
    <trkpt lat="46.565474847" lon="6.686002171">
      <ele>865.1</ele>
    </trkpt>
    <trkpt lat="46.565474969" lon="6.686007456">
      <ele>865.8</ele>
    </trkpt>
    <trkpt lat="46.565474947" lon="6.686012723">
      <ele>866.5</ele>
    </trkpt>
    <trkpt lat="46.565474740" lon="6.686017938">
      <ele>867.2</ele>
    </trkpt>
    <trkpt lat="46.565474311" lon="6.686023072">
      <ele>867.8</ele>
    </trkpt>
    <trkpt lat="46.565473638" lon="6.686028101">
      <ele>868.3</ele>
    </trkpt>
    <trkpt lat="46.565472715" lon="6.686033014">
      <ele>868.6</ele>
    </trkpt>
    <trkpt lat="46.565471565" lon="6.686037803">
      <ele>868.8</ele>
    </trkpt>
    <trkpt lat="46.565470224" lon="6.686042477">
      <ele>868.9</ele>
    </trkpt>
    <trkpt lat="46.565468747" lon="6.686047058">
      <ele>868.8</ele>
    </trkpt>
    <trkpt lat="46.565467201" lon="6.686051574">
      <ele>868.7</ele>
    </trkpt>
    <trkpt lat="46.565465651" lon="6.686056063">
      <ele>868.5</ele>
    </trkpt>
    <trkpt lat="46.565464161" lon="6.686060562">
      <ele>868.4</ele>
    </trkpt>
    <trkpt lat="46.565462779" lon="6.686065090">
      <ele>868.4</ele>
    </trkpt>
    <trkpt lat="46.565461536" lon="6.686069659">
      <ele>868.4</ele>
    </trkpt>
    <trkpt lat="46.565460436" lon="6.686074267">
      <ele>868.5</ele>
    </trkpt>
    <trkpt lat="46.565459471" lon="6.686078903">
      <ele>868.6</ele>
    </trkpt>
    <trkpt lat="46.565458620" lon="6.686083551">
      <ele>868.7</ele>
    </trkpt>
    <trkpt lat="46.565457854" lon="6.686088201">
      <ele>868.9</ele>
    </trkpt>
    <trkpt lat="46.565457148" lon="6.686092840">
      <ele>869.0</ele>
    </trkpt>
    <trkpt lat="46.565456472" lon="6.686097473">
      <ele>869.0</ele>
    </trkpt>
    <trkpt lat="46.565455798" lon="6.686102096">
      <ele>869.0</ele>
    </trkpt>
    <trkpt lat="46.565455103" lon="6.686106704">
      <ele>869.0</ele>
    </trkpt>
    <trkpt lat="46.565454350" lon="6.686111287">
      <ele>868.9</ele>
    </trkpt>
    <trkpt lat="46.565453499" lon="6.686115827">
      <ele>868.8</ele>
    </trkpt>
    <trkpt lat="46.565452521" lon="6.686120316">
      <ele>868.7</ele>
    </trkpt>
    <trkpt lat="46.565451363" lon="6.686124731">
      <ele>868.5</ele>
    </trkpt>
    <trkpt lat="46.565449987" lon="6.686129073">
      <ele>868.4</ele>
    </trkpt>
    <trkpt lat="46.565448388" lon="6.686133354">
      <ele>868.2</ele>
    </trkpt>
    <trkpt lat="46.565446588" lon="6.686137611">
      <ele>868.1</ele>
    </trkpt>
    <trkpt lat="46.565444642" lon="6.686141884">
      <ele>868.0</ele>
    </trkpt>
    <trkpt lat="46.565442634" lon="6.686146220">
      <ele>867.8</ele>
    </trkpt>
    <trkpt lat="46.565440664" lon="6.686150668">
      <ele>867.7</ele>
    </trkpt>
    <trkpt lat="46.565438826" lon="6.686155255">
      <ele>867.6</ele>
    </trkpt>
    <trkpt lat="46.565437191" lon="6.686159994">
      <ele>867.6</ele>
    </trkpt>
    <trkpt lat="46.565435791" lon="6.686164867">
      <ele>867.5</ele>
    </trkpt>
    <trkpt lat="46.565434612" lon="6.686169835">
      <ele>867.5</ele>
    </trkpt>
    <trkpt lat="46.565433605" lon="6.686174850">
      <ele>867.6</ele>
    </trkpt>
    <trkpt lat="46.565432706" lon="6.686179860">
      <ele>867.6</ele>
    </trkpt>
    <trkpt lat="46.565431852" lon="6.686184812">
      <ele>867.7</ele>
    </trkpt>
    <trkpt lat="46.565431009" lon="6.686189666">
      <ele>867.7</ele>
    </trkpt>
    <trkpt lat="46.565430160" lon="6.686194398">
      <ele>867.7</ele>
    </trkpt>
    <trkpt lat="46.565429316" lon="6.686198998">
      <ele>867.7</ele>
    </trkpt>
    <trkpt lat="46.565428502" lon="6.686203470">
      <ele>867.7</ele>
    </trkpt>
    <trkpt lat="46.565427750" lon="6.686207834">
      <ele>867.6</ele>
    </trkpt>
    <trkpt lat="46.565427097" lon="6.686212127">
      <ele>867.5</ele>
    </trkpt>
    <trkpt lat="46.565426565" lon="6.686216400">
      <ele>867.4</ele>
    </trkpt>
    <trkpt lat="46.565426169" lon="6.686220706">
      <ele>867.2</ele>
    </trkpt>
    <trkpt lat="46.565425917" lon="6.686225102">
      <ele>867.1</ele>
    </trkpt>
    <trkpt lat="46.565425807" lon="6.686229627">
      <ele>866.9</ele>
    </trkpt>
    <trkpt lat="46.565425816" lon="6.686234302">
      <ele>866.7</ele>
    </trkpt>
    <trkpt lat="46.565425926" lon="6.686239133">
      <ele>866.6</ele>
    </trkpt>
    <trkpt lat="46.565426099" lon="6.686244100">
      <ele>866.4</ele>
    </trkpt>
    <trkpt lat="46.565426284" lon="6.686249165">
      <ele>866.3</ele>
    </trkpt>
    <trkpt lat="46.565426438" lon="6.686254294">
      <ele>866.1</ele>
    </trkpt>
    <trkpt lat="46.565426527" lon="6.686259459">
      <ele>866.0</ele>
    </trkpt>
    <trkpt lat="46.565426531" lon="6.686264637">
      <ele>865.9</ele>
    </trkpt>
    <trkpt lat="46.565426445" lon="6.686269815">
      <ele>865.9</ele>
    </trkpt>
    <trkpt lat="46.565426278" lon="6.686274986">
      <ele>865.8</ele>
    </trkpt>
    <trkpt lat="46.565426048" lon="6.686280141">
      <ele>865.8</ele>
    </trkpt>
    <trkpt lat="46.565425781" lon="6.686285272">
      <ele>865.8</ele>
    </trkpt>
    <trkpt lat="46.565425506" lon="6.686290364">
      <ele>865.8</ele>
    </trkpt>
    <trkpt lat="46.565425251" lon="6.686295394">
      <ele>865.8</ele>
    </trkpt>
    <trkpt lat="46.565425040" lon="6.686300358">
      <ele>865.8</ele>
    </trkpt>
    <trkpt lat="46.565424893" lon="6.686305249">
      <ele>865.8</ele>
    </trkpt>
    <trkpt lat="46.565424822" lon="6.686310072">
      <ele>865.8</ele>
    </trkpt>
    <trkpt lat="46.565424840" lon="6.686314848">
      <ele>865.8</ele>
    </trkpt>
    <trkpt lat="46.565424949" lon="6.686319603">
      <ele>865.8</ele>
    </trkpt>
    <trkpt lat="46.565425148" lon="6.686324370">
      <ele>865.8</ele>
    </trkpt>
    <trkpt lat="46.565425433" lon="6.686329172">
      <ele>865.8</ele>
    </trkpt>
    <trkpt lat="46.565425791" lon="6.686334034">
      <ele>865.9</ele>
    </trkpt>
    <trkpt lat="46.565426212" lon="6.686338965">
      <ele>865.9</ele>
    </trkpt>
    <trkpt lat="46.565426683" lon="6.686343961">
      <ele>865.9</ele>
    </trkpt>
    <trkpt lat="46.565427187" lon="6.686349007">
      <ele>865.9</ele>
    </trkpt>
    <trkpt lat="46.565427712" lon="6.686354091">
      <ele>866.0</ele>
    </trkpt>
    <trkpt lat="46.565428236" lon="6.686359200">
      <ele>866.1</ele>
    </trkpt>
    <trkpt lat="46.565428741" lon="6.686364321">
      <ele>866.2</ele>
    </trkpt>
    <trkpt lat="46.565429222" lon="6.686369444">
      <ele>866.3</ele>
    </trkpt>
    <trkpt lat="46.565429684" lon="6.686374557">
      <ele>866.4</ele>
    </trkpt>
    <trkpt lat="46.565430154" lon="6.686379634">
      <ele>866.5</ele>
    </trkpt>
    <trkpt lat="46.565430678" lon="6.686384645">
      <ele>866.6</ele>
    </trkpt>
    <trkpt lat="46.565431319" lon="6.686389550">
      <ele>866.7</ele>
    </trkpt>
    <trkpt lat="46.565432142" lon="6.686394303">
      <ele>866.8</ele>
    </trkpt>
    <trkpt lat="46.565433205" lon="6.686398877">
      <ele>866.8</ele>
    </trkpt>
    <trkpt lat="46.565434543" lon="6.686403259">
      <ele>866.8</ele>
    </trkpt>
    <trkpt lat="46.565436152" lon="6.686407456">
      <ele>866.8</ele>
    </trkpt>
    <trkpt lat="46.565437996" lon="6.686411517">
      <ele>866.8</ele>
    </trkpt>
    <trkpt lat="46.565440013" lon="6.686415484">
      <ele>866.7</ele>
    </trkpt>
    <trkpt lat="46.565442138" lon="6.686419407">
      <ele>866.7</ele>
    </trkpt>
    <trkpt lat="46.565444292" lon="6.686423338">
      <ele>866.6</ele>
    </trkpt>
    <trkpt lat="46.565446418" lon="6.686427328">
      <ele>866.6</ele>
    </trkpt>
    <trkpt lat="46.565448472" lon="6.686431404">
      <ele>866.6</ele>
    </trkpt>
    <trkpt lat="46.565450436" lon="6.686435580">
      <ele>866.7</ele>
    </trkpt>
    <trkpt lat="46.565452305" lon="6.686439861">
      <ele>866.7</ele>
    </trkpt>
    <trkpt lat="46.565454092" lon="6.686444245">
      <ele>866.8</ele>
    </trkpt>
    <trkpt lat="46.565455818" lon="6.686448713">
      <ele>866.9</ele>
    </trkpt>
    <trkpt lat="46.565457507" lon="6.686453247">
      <ele>867.0</ele>
    </trkpt>
    <trkpt lat="46.565459187" lon="6.686457821">
      <ele>867.1</ele>
    </trkpt>
    <trkpt lat="46.565460885" lon="6.686462407">
      <ele>867.3</ele>
    </trkpt>
    <trkpt lat="46.565462617" lon="6.686466981">
      <ele>867.4</ele>
    </trkpt>
    <trkpt lat="46.565464406" lon="6.686471520">
      <ele>867.5</ele>
    </trkpt>
    <trkpt lat="46.565466258" lon="6.686476012">
      <ele>867.6</ele>
    </trkpt>
    <trkpt lat="46.565468180" lon="6.686480446">
      <ele>867.7</ele>
    </trkpt>
    <trkpt lat="46.565470180" lon="6.686484817">
      <ele>867.8</ele>
    </trkpt>
    <trkpt lat="46.565472260" lon="6.686489112">
      <ele>867.8</ele>
    </trkpt>
    <trkpt lat="46.565474427" lon="6.686493323">
      <ele>867.9</ele>
    </trkpt>
    <trkpt lat="46.565476684" lon="6.686497444">
      <ele>867.9</ele>
    </trkpt>
    <trkpt lat="46.565479026" lon="6.686501469">
      <ele>867.9</ele>
    </trkpt>
    <trkpt lat="46.565481451" lon="6.686505393">
      <ele>867.9</ele>
    </trkpt>
    <trkpt lat="46.565483938" lon="6.686509209">
      <ele>867.9</ele>
    </trkpt>
    <trkpt lat="46.565486470" lon="6.686512911">
      <ele>867.9</ele>
    </trkpt>
    <trkpt lat="46.565489027" lon="6.686516480">
      <ele>867.9</ele>
    </trkpt>
    <trkpt lat="46.565491599" lon="6.686519911">
      <ele>867.8</ele>
    </trkpt>
    <trkpt lat="46.565494177" lon="6.686523189">
      <ele>867.8</ele>
    </trkpt>
    <trkpt lat="46.565496780" lon="6.686526299">
      <ele>867.7</ele>
    </trkpt>
    <trkpt lat="46.565499421" lon="6.686529225">
      <ele>867.7</ele>
    </trkpt>
    <trkpt lat="46.565502123" lon="6.686531980">
      <ele>867.5</ele>
    </trkpt>
    <trkpt lat="46.565504898" lon="6.686534583">
      <ele>867.4</ele>
    </trkpt>
    <trkpt lat="46.565507751" lon="6.686537059">
      <ele>867.2</ele>
    </trkpt>
    <trkpt lat="46.565510669" lon="6.686539449">
      <ele>867.0</ele>
    </trkpt>
    <trkpt lat="46.565513624" lon="6.686541802">
      <ele>866.8</ele>
    </trkpt>
    <trkpt lat="46.565516575" lon="6.686544170">
      <ele>866.6</ele>
    </trkpt>
    <trkpt lat="46.565519477" lon="6.686546604">
      <ele>866.4</ele>
    </trkpt>
    <trkpt lat="46.565522289" lon="6.686549148">
      <ele>866.3</ele>
    </trkpt>
    <trkpt lat="46.565524981" lon="6.686551841">
      <ele>866.1</ele>
    </trkpt>
    <trkpt lat="46.565527542" lon="6.686554705">
      <ele>866.0</ele>
    </trkpt>
    <trkpt lat="46.565529971" lon="6.686557750">
      <ele>866.0</ele>
    </trkpt>
    <trkpt lat="46.565532283" lon="6.686560970">
      <ele>866.0</ele>
    </trkpt>
    <trkpt lat="46.565534501" lon="6.686564353">
      <ele>866.0</ele>
    </trkpt>
    <trkpt lat="46.565536654" lon="6.686567881">
      <ele>866.0</ele>
    </trkpt>
    <trkpt lat="46.565538770" lon="6.686571529">
      <ele>866.1</ele>
    </trkpt>
    <trkpt lat="46.565540873" lon="6.686575273">
      <ele>866.1</ele>
    </trkpt>
    <trkpt lat="46.565542980" lon="6.686579090">
      <ele>866.2</ele>
    </trkpt>
    <trkpt lat="46.565545099" lon="6.686582960">
      <ele>866.2</ele>
    </trkpt>
    <trkpt lat="46.565547246" lon="6.686586869">
      <ele>866.2</ele>
    </trkpt>
    <trkpt lat="46.565549419" lon="6.686590807">
      <ele>866.3</ele>
    </trkpt>
    <trkpt lat="46.565551619" lon="6.686594768">
      <ele>866.3</ele>
    </trkpt>
    <trkpt lat="46.565553839" lon="6.686598743">
      <ele>866.2</ele>
    </trkpt>
    <trkpt lat="46.565556075" lon="6.686602729">
      <ele>866.2</ele>
    </trkpt>
    <trkpt lat="46.565558323" lon="6.686606727">
      <ele>866.2</ele>
    </trkpt>
    <trkpt lat="46.565560576" lon="6.686610733">
      <ele>866.1</ele>
    </trkpt>
    <trkpt lat="46.565562830" lon="6.686614747">
      <ele>866.1</ele>
    </trkpt>
    <trkpt lat="46.565565083" lon="6.686618768">
      <ele>866.0</ele>
    </trkpt>
    <trkpt lat="46.565567330" lon="6.686622798">
      <ele>866.0</ele>
    </trkpt>
    <trkpt lat="46.565569570" lon="6.686626833">
      <ele>866.0</ele>
    </trkpt>
    <trkpt lat="46.565571804" lon="6.686630875">
      <ele>865.9</ele>
    </trkpt>
    <trkpt lat="46.565574030" lon="6.686634916">
      <ele>865.9</ele>
    </trkpt>
    <trkpt lat="46.565576247" lon="6.686638946">
      <ele>865.9</ele>
    </trkpt>
    <trkpt lat="46.565578456" lon="6.686642958">
      <ele>865.9</ele>
    </trkpt>
    <trkpt lat="46.565580652" lon="6.686646932">
      <ele>865.9</ele>
    </trkpt>
    <trkpt lat="46.565582837" lon="6.686650856">
      <ele>866.0</ele>
    </trkpt>
    <trkpt lat="46.565585016" lon="6.686654722">
      <ele>866.0</ele>
    </trkpt>
    <trkpt lat="46.565587195" lon="6.686658520">
      <ele>866.0</ele>
    </trkpt>
    <trkpt lat="46.565589382" lon="6.686662262">
      <ele>866.0</ele>
    </trkpt>
    <trkpt lat="46.565591585" lon="6.686665952">
      <ele>866.0</ele>
    </trkpt>
    <trkpt lat="46.565593812" lon="6.686669606">
      <ele>866.0</ele>
    </trkpt>
    <trkpt lat="46.565596066" lon="6.686673245">
      <ele>866.0</ele>
    </trkpt>
    <trkpt lat="46.565598341" lon="6.686676893">
      <ele>865.9</ele>
    </trkpt>
    <trkpt lat="46.565600624" lon="6.686680581">
      <ele>865.8</ele>
    </trkpt>
    <trkpt lat="46.565602897" lon="6.686684332">
      <ele>865.7</ele>
    </trkpt>
    <trkpt lat="46.565605141" lon="6.686688173">
      <ele>865.5</ele>
    </trkpt>
    <trkpt lat="46.565607339" lon="6.686692122">
      <ele>865.2</ele>
    </trkpt>
    <trkpt lat="46.565609483" lon="6.686696184">
      <ele>864.8</ele>
    </trkpt>
    <trkpt lat="46.565611576" lon="6.686700344">
      <ele>864.4</ele>
    </trkpt>
    <trkpt lat="46.565613633" lon="6.686704570">
      <ele>863.9</ele>
    </trkpt>
    <trkpt lat="46.565615684" lon="6.686708821">
      <ele>863.4</ele>
    </trkpt>
    <trkpt lat="46.565617756" lon="6.686713041">
      <ele>863.0</ele>
    </trkpt>
    <trkpt lat="46.565619882" lon="6.686717178">
      <ele>862.6</ele>
    </trkpt>
    <trkpt lat="46.565622092" lon="6.686721193">
      <ele>862.2</ele>
    </trkpt>
    <trkpt lat="46.565624407" lon="6.686725063">
      <ele>862.0</ele>
    </trkpt>
    <trkpt lat="46.565626837" lon="6.686728771">
      <ele>861.9</ele>
    </trkpt>
    <trkpt lat="46.565629389" lon="6.686732320">
      <ele>861.9</ele>
    </trkpt>
    <trkpt lat="46.565632059" lon="6.686735717">
      <ele>862.1</ele>
    </trkpt>
    <trkpt lat="46.565634826" lon="6.686738973">
      <ele>862.3</ele>
    </trkpt>
    <trkpt lat="46.565637669" lon="6.686742115">
      <ele>862.6</ele>
    </trkpt>
    <trkpt lat="46.565640552" lon="6.686745158">
      <ele>863.0</ele>
    </trkpt>
    <trkpt lat="46.565643434" lon="6.686748132">
      <ele>863.4</ele>
    </trkpt>
    <trkpt lat="46.565646278" lon="6.686751075">
      <ele>863.8</ele>
    </trkpt>
    <trkpt lat="46.565649048" lon="6.686754025">
      <ele>864.1</ele>
    </trkpt>
    <trkpt lat="46.565651722" lon="6.686757041">
      <ele>864.4</ele>
    </trkpt>
    <trkpt lat="46.565654291" lon="6.686760165">
      <ele>864.6</ele>
    </trkpt>
    <trkpt lat="46.565656757" lon="6.686763441">
      <ele>864.6</ele>
    </trkpt>
    <trkpt lat="46.565659139" lon="6.686766893">
      <ele>864.5</ele>
    </trkpt>
    <trkpt lat="46.565661458" lon="6.686770527">
      <ele>864.2</ele>
    </trkpt>
    <trkpt lat="46.565663744" lon="6.686774328">
      <ele>863.9</ele>
    </trkpt>
    <trkpt lat="46.565666022" lon="6.686778259">
      <ele>863.5</ele>
    </trkpt>
    <trkpt lat="46.565668315" lon="6.686782264">
      <ele>863.0</ele>
    </trkpt>
    <trkpt lat="46.565670647" lon="6.686786289">
      <ele>862.6</ele>
    </trkpt>
    <trkpt lat="46.565673025" lon="6.686790281">
      <ele>862.1</ele>
    </trkpt>
    <trkpt lat="46.565675457" lon="6.686794201">
      <ele>861.8</ele>
    </trkpt>
    <trkpt lat="46.565677934" lon="6.686798024">
      <ele>861.5</ele>
    </trkpt>
    <trkpt lat="46.565680455" lon="6.686801746">
      <ele>861.3</ele>
    </trkpt>
    <trkpt lat="46.565682998" lon="6.686805367">
      <ele>861.1</ele>
    </trkpt>
    <trkpt lat="46.565685549" lon="6.686808892">
      <ele>861.1</ele>
    </trkpt>
    <trkpt lat="46.565688090" lon="6.686812328">
      <ele>861.0</ele>
    </trkpt>
    <trkpt lat="46.565690609" lon="6.686815687">
      <ele>861.0</ele>
    </trkpt>
    <trkpt lat="46.565693095" lon="6.686818983">
      <ele>861.1</ele>
    </trkpt>
    <trkpt lat="46.565695542" lon="6.686822229">
      <ele>861.2</ele>
    </trkpt>
    <trkpt lat="46.565697952" lon="6.686825456">
      <ele>861.3</ele>
    </trkpt>
    <trkpt lat="46.565700324" lon="6.686828688">
      <ele>861.4</ele>
    </trkpt>
    <trkpt lat="46.565702668" lon="6.686831968">
      <ele>861.5</ele>
    </trkpt>
    <trkpt lat="46.565704991" lon="6.686835322">
      <ele>861.7</ele>
    </trkpt>
    <trkpt lat="46.565707302" lon="6.686838774">
      <ele>861.9</ele>
    </trkpt>
    <trkpt lat="46.565709612" lon="6.686842338">
      <ele>862.1</ele>
    </trkpt>
    <trkpt lat="46.565711928" lon="6.686846023">
      <ele>862.3</ele>
    </trkpt>
    <trkpt lat="46.565714256" lon="6.686849826">
      <ele>862.5</ele>
    </trkpt>
    <trkpt lat="46.565716593" lon="6.686853745">
      <ele>862.7</ele>
    </trkpt>
    <trkpt lat="46.565718927" lon="6.686857777">
      <ele>863.0</ele>
    </trkpt>
    <trkpt lat="46.565721238" lon="6.686861919">
      <ele>863.4</ele>
    </trkpt>
    <trkpt lat="46.565723495" lon="6.686866169">
      <ele>863.8</ele>
    </trkpt>
    <trkpt lat="46.565725659" lon="6.686870524">
      <ele>864.2</ele>
    </trkpt>
    <trkpt lat="46.565727684" lon="6.686874980">
      <ele>864.6</ele>
    </trkpt>
    <trkpt lat="46.565729527" lon="6.686879529">
      <ele>865.1</ele>
    </trkpt>
    <trkpt lat="46.565731150" lon="6.686884166">
      <ele>865.5</ele>
    </trkpt>
    <trkpt lat="46.565732524" lon="6.686888882">
      <ele>865.8</ele>
    </trkpt>
    <trkpt lat="46.565733641" lon="6.686893670">
      <ele>866.1</ele>
    </trkpt>
    <trkpt lat="46.565734502" lon="6.686898515">
      <ele>866.3</ele>
    </trkpt>
    <trkpt lat="46.565735130" lon="6.686903411">
      <ele>866.4</ele>
    </trkpt>
    <trkpt lat="46.565735551" lon="6.686908347">
      <ele>866.5</ele>
    </trkpt>
    <trkpt lat="46.565735795" lon="6.686913309">
      <ele>866.5</ele>
    </trkpt>
    <trkpt lat="46.565735892" lon="6.686918287">
      <ele>866.5</ele>
    </trkpt>
    <trkpt lat="46.565735869" lon="6.686923271">
      <ele>866.4</ele>
    </trkpt>
    <trkpt lat="46.565735743" lon="6.686928252">
      <ele>866.3</ele>
    </trkpt>
    <trkpt lat="46.565735527" lon="6.686933216">
      <ele>866.2</ele>
    </trkpt>
    <trkpt lat="46.565735229" lon="6.686938159">
      <ele>866.1</ele>
    </trkpt>
    <trkpt lat="46.565734848" lon="6.686943073">
      <ele>866.0</ele>
    </trkpt>
    <trkpt lat="46.565734387" lon="6.686947953">
      <ele>865.9</ele>
    </trkpt>
    <trkpt lat="46.565733845" lon="6.686952792">
      <ele>865.9</ele>
    </trkpt>
    <trkpt lat="46.565733218" lon="6.686957592">
      <ele>865.8</ele>
    </trkpt>
    <trkpt lat="46.565732503" lon="6.686962353">
      <ele>865.7</ele>
    </trkpt>
    <trkpt lat="46.565731701" lon="6.686967082">
      <ele>865.7</ele>
    </trkpt>
    <trkpt lat="46.565730810" lon="6.686971785">
      <ele>865.7</ele>
    </trkpt>
    <trkpt lat="46.565729832" lon="6.686976464">
      <ele>865.6</ele>
    </trkpt>
    <trkpt lat="46.565728763" lon="6.686981119">
      <ele>865.6</ele>
    </trkpt>
    <trkpt lat="46.565727602" lon="6.686985745">
      <ele>865.6</ele>
    </trkpt>
    <trkpt lat="46.565726344" lon="6.686990333">
      <ele>865.7</ele>
    </trkpt>
    <trkpt lat="46.565724987" lon="6.686994874">
      <ele>865.7</ele>
    </trkpt>
    <trkpt lat="46.565723534" lon="6.686999346">
      <ele>865.7</ele>
    </trkpt>
    <trkpt lat="46.565721994" lon="6.687003737">
      <ele>865.7</ele>
    </trkpt>
    <trkpt lat="46.565720383" lon="6.687008040">
      <ele>865.7</ele>
    </trkpt>
    <trkpt lat="46.565718727" lon="6.687012257">
      <ele>865.7</ele>
    </trkpt>
    <trkpt lat="46.565717054" lon="6.687016402">
      <ele>865.7</ele>
    </trkpt>
    <trkpt lat="46.565715392" lon="6.687020504">
      <ele>865.7</ele>
    </trkpt>
    <trkpt lat="46.565713764" lon="6.687024591">
      <ele>865.7</ele>
    </trkpt>
    <trkpt lat="46.565712185" lon="6.687028704">
      <ele>865.7</ele>
    </trkpt>
    <trkpt lat="46.565710659" lon="6.687032873">
      <ele>865.6</ele>
    </trkpt>
    <trkpt lat="46.565709183" lon="6.687037113">
      <ele>865.6</ele>
    </trkpt>
    <trkpt lat="46.565707747" lon="6.687041434">
      <ele>865.6</ele>
    </trkpt>
    <trkpt lat="46.565706338" lon="6.687045823">
      <ele>865.5</ele>
    </trkpt>
    <trkpt lat="46.565704943" lon="6.687050256">
      <ele>865.5</ele>
    </trkpt>
    <trkpt lat="46.565703552" lon="6.687054715">
      <ele>865.5</ele>
    </trkpt>
    <trkpt lat="46.565702157" lon="6.687059173">
      <ele>865.4</ele>
    </trkpt>
    <trkpt lat="46.565700749" lon="6.687063621">
      <ele>865.4</ele>
    </trkpt>
    <trkpt lat="46.565699329" lon="6.687068050">
      <ele>865.3</ele>
    </trkpt>
    <trkpt lat="46.565697905" lon="6.687072475">
      <ele>865.3</ele>
    </trkpt>
    <trkpt lat="46.565696481" lon="6.687076912">
      <ele>865.2</ele>
    </trkpt>
    <trkpt lat="46.565695074" lon="6.687081391">
      <ele>865.1</ele>
    </trkpt>
    <trkpt lat="46.565693701" lon="6.687085940">
      <ele>865.1</ele>
    </trkpt>
    <trkpt lat="46.565692377" lon="6.687090575">
      <ele>864.9</ele>
    </trkpt>
    <trkpt lat="46.565691114" lon="6.687095314">
      <ele>864.8</ele>
    </trkpt>
    <trkpt lat="46.565689921" lon="6.687100151">
      <ele>864.6</ele>
    </trkpt>
    <trkpt lat="46.565688791" lon="6.687105074">
      <ele>864.5</ele>
    </trkpt>
    <trkpt lat="46.565687716" lon="6.687110067">
      <ele>864.3</ele>
    </trkpt>
    <trkpt lat="46.565686682" lon="6.687115100">
      <ele>864.1</ele>
    </trkpt>
    <trkpt lat="46.565685672" lon="6.687120153">
      <ele>863.9</ele>
    </trkpt>
    <trkpt lat="46.565684671" lon="6.687125209">
      <ele>863.7</ele>
    </trkpt>
    <trkpt lat="46.565683661" lon="6.687130263">
      <ele>863.6</ele>
    </trkpt>
    <trkpt lat="46.565682634" lon="6.687135308">
      <ele>863.4</ele>
    </trkpt>
    <trkpt lat="46.565681581" lon="6.687140347">
      <ele>863.3</ele>
    </trkpt>
    <trkpt lat="46.565680495" lon="6.687145374">
      <ele>863.2</ele>
    </trkpt>
    <trkpt lat="46.565679375" lon="6.687150379">
      <ele>863.1</ele>
    </trkpt>
    <trkpt lat="46.565678220" lon="6.687155354">
      <ele>863.1</ele>
    </trkpt>
    <trkpt lat="46.565677033" lon="6.687160280">
      <ele>863.0</ele>
    </trkpt>
    <trkpt lat="46.565675819" lon="6.687165148">
      <ele>863.0</ele>
    </trkpt>
    <trkpt lat="46.565674582" lon="6.687169950">
      <ele>862.9</ele>
    </trkpt>
    <trkpt lat="46.565673327" lon="6.687174678">
      <ele>862.9</ele>
    </trkpt>
    <trkpt lat="46.565672062" lon="6.687179346">
      <ele>862.9</ele>
    </trkpt>
    <trkpt lat="46.565670790" lon="6.687183953">
      <ele>862.9</ele>
    </trkpt>
    <trkpt lat="46.565669515" lon="6.687188514">
      <ele>863.0</ele>
    </trkpt>
    <trkpt lat="46.565668244" lon="6.687193037">
      <ele>863.0</ele>
    </trkpt>
    <trkpt lat="46.565666981" lon="6.687197541">
      <ele>863.0</ele>
    </trkpt>
    <trkpt lat="46.565665730" lon="6.687202036">
      <ele>863.0</ele>
    </trkpt>
    <trkpt lat="46.565664488" lon="6.687206536">
      <ele>863.1</ele>
    </trkpt>
    <trkpt lat="46.565663258" lon="6.687211062">
      <ele>863.1</ele>
    </trkpt>
    <trkpt lat="46.565662031" lon="6.687215616">
      <ele>863.1</ele>
    </trkpt>
    <trkpt lat="46.565660793" lon="6.687220203">
      <ele>863.1</ele>
    </trkpt>
    <trkpt lat="46.565659523" lon="6.687224820">
      <ele>863.1</ele>
    </trkpt>
    <trkpt lat="46.565658200" lon="6.687229458">
      <ele>863.2</ele>
    </trkpt>
    <trkpt lat="46.565656800" lon="6.687234100">
      <ele>863.2</ele>
    </trkpt>
    <trkpt lat="46.565655311" lon="6.687238725">
      <ele>863.3</ele>
    </trkpt>
    <trkpt lat="46.565653732" lon="6.687243322">
      <ele>863.4</ele>
    </trkpt>
    <trkpt lat="46.565652085" lon="6.687247881">
      <ele>863.5</ele>
    </trkpt>
    <trkpt lat="46.565650414" lon="6.687252410">
      <ele>863.6</ele>
    </trkpt>
    <trkpt lat="46.565648775" lon="6.687256923">
      <ele>863.7</ele>
    </trkpt>
    <trkpt lat="46.565647238" lon="6.687261449">
      <ele>863.8</ele>
    </trkpt>
    <trkpt lat="46.565645863" lon="6.687266017">
      <ele>863.8</ele>
    </trkpt>
    <trkpt lat="46.565644693" lon="6.687270656">
      <ele>863.8</ele>
    </trkpt>
    <trkpt lat="46.565643741" lon="6.687275390">
      <ele>863.7</ele>
    </trkpt>
    <trkpt lat="46.565642990" lon="6.687280223">
      <ele>863.6</ele>
    </trkpt>
    <trkpt lat="46.565642392" lon="6.687285148">
      <ele>863.5</ele>
    </trkpt>
    <trkpt lat="46.565641887" lon="6.687290144">
      <ele>863.4</ele>
    </trkpt>
    <trkpt lat="46.565641405" lon="6.687295185">
      <ele>863.2</ele>
    </trkpt>
    <trkpt lat="46.565640888" lon="6.687300244">
      <ele>863.1</ele>
    </trkpt>
    <trkpt lat="46.565640291" lon="6.687305291">
      <ele>863.0</ele>
    </trkpt>
    <trkpt lat="46.565639589" lon="6.687310309">
      <ele>862.9</ele>
    </trkpt>
    <trkpt lat="46.565638775" lon="6.687315290">
      <ele>862.8</ele>
    </trkpt>
    <trkpt lat="46.565637856" lon="6.687320227">
      <ele>862.7</ele>
    </trkpt>
    <trkpt lat="46.565636855" lon="6.687325121">
      <ele>862.7</ele>
    </trkpt>
    <trkpt lat="46.565635787" lon="6.687329976">
      <ele>862.6</ele>
    </trkpt>
    <trkpt lat="46.565634676" lon="6.687334801">
      <ele>862.6</ele>
    </trkpt>
    <trkpt lat="46.565633544" lon="6.687339601">
      <ele>862.5</ele>
    </trkpt>
    <trkpt lat="46.565632409" lon="6.687344381">
      <ele>862.5</ele>
    </trkpt>
    <trkpt lat="46.565631278" lon="6.687349151">
      <ele>862.4</ele>
    </trkpt>
    <trkpt lat="46.565630158" lon="6.687353917">
      <ele>862.4</ele>
    </trkpt>
    <trkpt lat="46.565629047" lon="6.687358685">
      <ele>862.3</ele>
    </trkpt>
    <trkpt lat="46.565627937" lon="6.687363450">
      <ele>862.2</ele>
    </trkpt>
    <trkpt lat="46.565626819" lon="6.687368213">
      <ele>862.1</ele>
    </trkpt>
    <trkpt lat="46.565625681" lon="6.687372965">
      <ele>862.0</ele>
    </trkpt>
    <trkpt lat="46.565624512" lon="6.687377696">
      <ele>861.9</ele>
    </trkpt>
    <trkpt lat="46.565623303" lon="6.687382390">
      <ele>861.8</ele>
    </trkpt>
    <trkpt lat="46.565622044" lon="6.687387038">
      <ele>861.7</ele>
    </trkpt>
    <trkpt lat="46.565620727" lon="6.687391623">
      <ele>861.6</ele>
    </trkpt>
    <trkpt lat="46.565619340" lon="6.687396138">
      <ele>861.5</ele>
    </trkpt>
    <trkpt lat="46.565617877" lon="6.687400576">
      <ele>861.5</ele>
    </trkpt>
    <trkpt lat="46.565616329" lon="6.687404936">
      <ele>861.4</ele>
    </trkpt>
    <trkpt lat="46.565614685" lon="6.687409222">
      <ele>861.3</ele>
    </trkpt>
    <trkpt lat="46.565612940" lon="6.687413431">
      <ele>861.3</ele>
    </trkpt>
    <trkpt lat="46.565611079" lon="6.687417574">
      <ele>861.3</ele>
    </trkpt>
    <trkpt lat="46.565609099" lon="6.687421649">
      <ele>861.3</ele>
    </trkpt>
    <trkpt lat="46.565606996" lon="6.687425651">
      <ele>861.4</ele>
    </trkpt>
    <trkpt lat="46.565604773" lon="6.687429573">
      <ele>861.5</ele>
    </trkpt>
    <trkpt lat="46.565602443" lon="6.687433421">
      <ele>861.7</ele>
    </trkpt>
    <trkpt lat="46.565600026" lon="6.687437183">
      <ele>861.8</ele>
    </trkpt>
    <trkpt lat="46.565597543" lon="6.687440862">
      <ele>862.0</ele>
    </trkpt>
    <trkpt lat="46.565595034" lon="6.687444470">
      <ele>862.2</ele>
    </trkpt>
    <trkpt lat="46.565592525" lon="6.687448034">
      <ele>862.4</ele>
    </trkpt>
    <trkpt lat="46.565590046" lon="6.687451583">
      <ele>862.6</ele>
    </trkpt>
    <trkpt lat="46.565587612" lon="6.687455145">
      <ele>862.7</ele>
    </trkpt>
    <trkpt lat="46.565585224" lon="6.687458748">
      <ele>862.8</ele>
    </trkpt>
    <trkpt lat="46.565582872" lon="6.687462397">
      <ele>862.8</ele>
    </trkpt>
    <trkpt lat="46.565580528" lon="6.687466087">
      <ele>862.8</ele>
    </trkpt>
    <trkpt lat="46.565578166" lon="6.687469794">
      <ele>862.8</ele>
    </trkpt>
    <trkpt lat="46.565575753" lon="6.687473487">
      <ele>862.8</ele>
    </trkpt>
    <trkpt lat="46.565573269" lon="6.687477128">
      <ele>862.8</ele>
    </trkpt>
    <trkpt lat="46.565570703" lon="6.687480695">
      <ele>862.9</ele>
    </trkpt>
    <trkpt lat="46.565568065" lon="6.687484175">
      <ele>863.0</ele>
    </trkpt>
    <trkpt lat="46.565565373" lon="6.687487575">
      <ele>863.1</ele>
    </trkpt>
    <trkpt lat="46.565562661" lon="6.687490909">
      <ele>863.2</ele>
    </trkpt>
    <trkpt lat="46.565559956" lon="6.687494201">
      <ele>863.3</ele>
    </trkpt>
    <trkpt lat="46.565557289" lon="6.687497466">
      <ele>863.4</ele>
    </trkpt>
    <trkpt lat="46.565554678" lon="6.687500715">
      <ele>863.5</ele>
    </trkpt>
    <trkpt lat="46.565552144" lon="6.687503941">
      <ele>863.6</ele>
    </trkpt>
    <trkpt lat="46.565549700" lon="6.687507127">
      <ele>863.7</ele>
    </trkpt>
    <trkpt lat="46.565547354" lon="6.687510251">
      <ele>863.7</ele>
    </trkpt>
    <trkpt lat="46.565545118" lon="6.687513282">
      <ele>863.8</ele>
    </trkpt>
    <trkpt lat="46.565542999" lon="6.687516202">
      <ele>863.8</ele>
    </trkpt>
    <trkpt lat="46.565541000" lon="6.687519000">
      <ele>863.8</ele>
    </trkpt>
    <trkpt lat="46.565539116" lon="6.687521702">
      <ele>863.9</ele>
    </trkpt>
    <trkpt lat="46.565537339" lon="6.687524333">
      <ele>863.9</ele>
    </trkpt>
    <trkpt lat="46.565535645" lon="6.687526938">
      <ele>863.9</ele>
    </trkpt>
    <trkpt lat="46.565534018" lon="6.687529554">
      <ele>863.9</ele>
    </trkpt>
    <trkpt lat="46.565532438" lon="6.687532224">
      <ele>863.9</ele>
    </trkpt>
    <trkpt lat="46.565530893" lon="6.687534966">
      <ele>863.8</ele>
    </trkpt>
    <trkpt lat="46.565529375" lon="6.687537786">
      <ele>863.8</ele>
    </trkpt>
    <trkpt lat="46.565527873" lon="6.687540681">
      <ele>863.7</ele>
    </trkpt>
    <trkpt lat="46.565526379" lon="6.687543637">
      <ele>863.6</ele>
    </trkpt>
    <trkpt lat="46.565524871" lon="6.687546652">
      <ele>863.5</ele>
    </trkpt>
    <trkpt lat="46.565523329" lon="6.687549726">
      <ele>863.4</ele>
    </trkpt>
    <trkpt lat="46.565521723" lon="6.687552873">
      <ele>863.3</ele>
    </trkpt>
    <trkpt lat="46.565520030" lon="6.687556104">
      <ele>863.2</ele>
    </trkpt>
    <trkpt lat="46.565518226" lon="6.687559433">
      <ele>863.1</ele>
    </trkpt>
    <trkpt lat="46.565516305" lon="6.687562865">
      <ele>863.0</ele>
    </trkpt>
    <trkpt lat="46.565514268" lon="6.687566395">
      <ele>862.9</ele>
    </trkpt>
    <trkpt lat="46.565512129" lon="6.687570016">
      <ele>862.8</ele>
    </trkpt>
    <trkpt lat="46.565509909" lon="6.687573716">
      <ele>862.7</ele>
    </trkpt>
    <trkpt lat="46.565507636" lon="6.687577483">
      <ele>862.7</ele>
    </trkpt>
    <trkpt lat="46.565505333" lon="6.687581314">
      <ele>862.6</ele>
    </trkpt>
    <trkpt lat="46.565503023" lon="6.687585201">
      <ele>862.6</ele>
    </trkpt>
    <trkpt lat="46.565500723" lon="6.687589145">
      <ele>862.5</ele>
    </trkpt>
    <trkpt lat="46.565498443" lon="6.687593153">
      <ele>862.5</ele>
    </trkpt>
    <trkpt lat="46.565496190" lon="6.687597225">
      <ele>862.5</ele>
    </trkpt>
    <trkpt lat="46.565493969" lon="6.687601356">
      <ele>862.5</ele>
    </trkpt>
    <trkpt lat="46.565491781" lon="6.687605544">
      <ele>862.4</ele>
    </trkpt>
    <trkpt lat="46.565489626" lon="6.687609782">
      <ele>862.4</ele>
    </trkpt>
    <trkpt lat="46.565487507" lon="6.687614054">
      <ele>862.4</ele>
    </trkpt>
    <trkpt lat="46.565485428" lon="6.687618343">
      <ele>862.4</ele>
    </trkpt>
    <trkpt lat="46.565483388" lon="6.687622631">
      <ele>862.3</ele>
    </trkpt>
    <trkpt lat="46.565481393" lon="6.687626910">
      <ele>862.3</ele>
    </trkpt>
    <trkpt lat="46.565479444" lon="6.687631177">
      <ele>862.2</ele>
    </trkpt>
    <trkpt lat="46.565477545" lon="6.687635445">
      <ele>862.2</ele>
    </trkpt>
    <trkpt lat="46.565475695" lon="6.687639732">
      <ele>862.1</ele>
    </trkpt>
    <trkpt lat="46.565473890" lon="6.687644059">
      <ele>862.1</ele>
    </trkpt>
    <trkpt lat="46.565472124" lon="6.687648444">
      <ele>862.0</ele>
    </trkpt>
    <trkpt lat="46.565470386" lon="6.687652897">
      <ele>862.0</ele>
    </trkpt>
    <trkpt lat="46.565468661" lon="6.687657414">
      <ele>862.0</ele>
    </trkpt>
    <trkpt lat="46.565466935" lon="6.687661979">
      <ele>862.0</ele>
    </trkpt>
    <trkpt lat="46.565465195" lon="6.687666570">
      <ele>862.0</ele>
    </trkpt>
    <trkpt lat="46.565463432" lon="6.687671174">
      <ele>862.0</ele>
    </trkpt>
    <trkpt lat="46.565461651" lon="6.687675772">
      <ele>862.1</ele>
    </trkpt>
    <trkpt lat="46.565459861" lon="6.687680359">
      <ele>862.1</ele>
    </trkpt>
    <trkpt lat="46.565458077" lon="6.687684940">
      <ele>862.2</ele>
    </trkpt>
    <trkpt lat="46.565456318" lon="6.687689518">
      <ele>862.2</ele>
    </trkpt>
    <trkpt lat="46.565454601" lon="6.687694102">
      <ele>862.3</ele>
    </trkpt>
    <trkpt lat="46.565452935" lon="6.687698698">
      <ele>862.3</ele>
    </trkpt>
    <trkpt lat="46.565451324" lon="6.687703306">
      <ele>862.3</ele>
    </trkpt>
    <trkpt lat="46.565449759" lon="6.687707927">
      <ele>862.3</ele>
    </trkpt>
    <trkpt lat="46.565448230" lon="6.687712562">
      <ele>862.3</ele>
    </trkpt>
    <trkpt lat="46.565446723" lon="6.687717208">
      <ele>862.3</ele>
    </trkpt>
    <trkpt lat="46.565445228" lon="6.687721864">
      <ele>862.2</ele>
    </trkpt>
    <trkpt lat="46.565443737" lon="6.687726532">
      <ele>862.2</ele>
    </trkpt>
    <trkpt lat="46.565442251" lon="6.687731214">
      <ele>862.1</ele>
    </trkpt>
    <trkpt lat="46.565440776" lon="6.687735911">
      <ele>862.1</ele>
    </trkpt>
    <trkpt lat="46.565439324" lon="6.687740621">
      <ele>862.0</ele>
    </trkpt>
    <trkpt lat="46.565437910" lon="6.687745342">
      <ele>861.9</ele>
    </trkpt>
    <trkpt lat="46.565436546" lon="6.687750075">
      <ele>861.8</ele>
    </trkpt>
    <trkpt lat="46.565435241" lon="6.687754819">
      <ele>861.7</ele>
    </trkpt>
    <trkpt lat="46.565433997" lon="6.687759580">
      <ele>861.6</ele>
    </trkpt>
    <trkpt lat="46.565432811" lon="6.687764363">
      <ele>861.5</ele>
    </trkpt>
    <trkpt lat="46.565431675" lon="6.687769172">
      <ele>861.4</ele>
    </trkpt>
    <trkpt lat="46.565430577" lon="6.687774013">
      <ele>861.3</ele>
    </trkpt>
    <trkpt lat="46.565429509" lon="6.687778886">
      <ele>861.2</ele>
    </trkpt>
    <trkpt lat="46.565428465" lon="6.687783781">
      <ele>861.1</ele>
    </trkpt>
    <trkpt lat="46.565427446" lon="6.687788678">
      <ele>861.0</ele>
    </trkpt>
    <trkpt lat="46.565426451" lon="6.687793558">
      <ele>860.8</ele>
    </trkpt>
    <trkpt lat="46.565425482" lon="6.687798398">
      <ele>860.7</ele>
    </trkpt>
    <trkpt lat="46.565424539" lon="6.687803176">
      <ele>860.6</ele>
    </trkpt>
    <trkpt lat="46.565423623" lon="6.687807885">
      <ele>860.5</ele>
    </trkpt>
    <trkpt lat="46.565422726" lon="6.687812525">
      <ele>860.4</ele>
    </trkpt>
    <trkpt lat="46.565421851" lon="6.687817109">
      <ele>860.2</ele>
    </trkpt>
    <trkpt lat="46.565420997" lon="6.687821663">
      <ele>860.1</ele>
    </trkpt>
    <trkpt lat="46.565420166" lon="6.687826214">
      <ele>860.0</ele>
    </trkpt>
    <trkpt lat="46.565419362" lon="6.687830792">
      <ele>859.9</ele>
    </trkpt>
    <trkpt lat="46.565418584" lon="6.687835421">
      <ele>859.9</ele>
    </trkpt>
    <trkpt lat="46.565417826" lon="6.687840120">
      <ele>859.8</ele>
    </trkpt>
    <trkpt lat="46.565417080" lon="6.687844896">
      <ele>859.8</ele>
    </trkpt>
    <trkpt lat="46.565416336" lon="6.687849743">
      <ele>859.7</ele>
    </trkpt>
    <trkpt lat="46.565415585" lon="6.687854652">
      <ele>859.7</ele>
    </trkpt>
    <trkpt lat="46.565414827" lon="6.687859598">
      <ele>859.6</ele>
    </trkpt>
    <trkpt lat="46.565414072" lon="6.687864556">
      <ele>859.6</ele>
    </trkpt>
    <trkpt lat="46.565413340" lon="6.687869500">
      <ele>859.5</ele>
    </trkpt>
    <trkpt lat="46.565412655" lon="6.687874411">
      <ele>859.5</ele>
    </trkpt>
    <trkpt lat="46.565412041" lon="6.687879276">
      <ele>859.5</ele>
    </trkpt>
    <trkpt lat="46.565411515" lon="6.687884100">
      <ele>859.4</ele>
    </trkpt>
    <trkpt lat="46.565411087" lon="6.687888890">
      <ele>859.4</ele>
    </trkpt>
    <trkpt lat="46.565410758" lon="6.687893668">
      <ele>859.4</ele>
    </trkpt>
    <trkpt lat="46.565410523" lon="6.687898457">
      <ele>859.4</ele>
    </trkpt>
    <trkpt lat="46.565410371" lon="6.687903276">
      <ele>859.4</ele>
    </trkpt>
    <trkpt lat="46.565410296" lon="6.687908143">
      <ele>859.4</ele>
    </trkpt>
    <trkpt lat="46.565410293" lon="6.687913061">
      <ele>859.4</ele>
    </trkpt>
    <trkpt lat="46.565410361" lon="6.687918029">
      <ele>859.4</ele>
    </trkpt>
    <trkpt lat="46.565410502" lon="6.687923039">
      <ele>859.4</ele>
    </trkpt>
    <trkpt lat="46.565410721" lon="6.687928081">
      <ele>859.4</ele>
    </trkpt>
    <trkpt lat="46.565411026" lon="6.687933137">
      <ele>859.4</ele>
    </trkpt>
    <trkpt lat="46.565411418" lon="6.687938194">
      <ele>859.4</ele>
    </trkpt>
    <trkpt lat="46.565411904" lon="6.687943234">
      <ele>859.4</ele>
    </trkpt>
    <trkpt lat="46.565412488" lon="6.687948240">
      <ele>859.4</ele>
    </trkpt>
    <trkpt lat="46.565413170" lon="6.687953196">
      <ele>859.4</ele>
    </trkpt>
    <trkpt lat="46.565413951" lon="6.687958087">
      <ele>859.4</ele>
    </trkpt>
    <trkpt lat="46.565414829" lon="6.687962910">
      <ele>859.4</ele>
    </trkpt>
    <trkpt lat="46.565415801" lon="6.687967659">
      <ele>859.3</ele>
    </trkpt>
    <trkpt lat="46.565416859" lon="6.687972335">
      <ele>859.3</ele>
    </trkpt>
    <trkpt lat="46.565417996" lon="6.687976947">
      <ele>859.3</ele>
    </trkpt>
    <trkpt lat="46.565419200" lon="6.687981515">
      <ele>859.2</ele>
    </trkpt>
    <trkpt lat="46.565420457" lon="6.687986060">
      <ele>859.2</ele>
    </trkpt>
    <trkpt lat="46.565421751" lon="6.687990597">
      <ele>859.2</ele>
    </trkpt>
    <trkpt lat="46.565423065" lon="6.687995153">
      <ele>859.1</ele>
    </trkpt>
    <trkpt lat="46.565424384" lon="6.687999737">
      <ele>859.0</ele>
    </trkpt>
    <trkpt lat="46.565425698" lon="6.688004358">
      <ele>859.0</ele>
    </trkpt>
    <trkpt lat="46.565427000" lon="6.688009016">
      <ele>858.9</ele>
    </trkpt>
    <trkpt lat="46.565428290" lon="6.688013699">
      <ele>858.9</ele>
    </trkpt>
    <trkpt lat="46.565429568" lon="6.688018391">
      <ele>858.8</ele>
    </trkpt>
    <trkpt lat="46.565430838" lon="6.688023073">
      <ele>858.8</ele>
    </trkpt>
    <trkpt lat="46.565432106" lon="6.688027736">
      <ele>858.7</ele>
    </trkpt>
    <trkpt lat="46.565433379" lon="6.688032380">
      <ele>858.7</ele>
    </trkpt>
    <trkpt lat="46.565434662" lon="6.688037010">
      <ele>858.6</ele>
    </trkpt>
    <trkpt lat="46.565435961" lon="6.688041647">
      <ele>858.6</ele>
    </trkpt>
    <trkpt lat="46.565437283" lon="6.688046310">
      <ele>858.6</ele>
    </trkpt>
    <trkpt lat="46.565438634" lon="6.688051018">
      <ele>858.6</ele>
    </trkpt>
    <trkpt lat="46.565440016" lon="6.688055771">
      <ele>858.5</ele>
    </trkpt>
    <trkpt lat="46.565441429" lon="6.688060564">
      <ele>858.5</ele>
    </trkpt>
    <trkpt lat="46.565442870" lon="6.688065387">
      <ele>858.5</ele>
    </trkpt>
    <trkpt lat="46.565444332" lon="6.688070212">
      <ele>858.5</ele>
    </trkpt>
    <trkpt lat="46.565445804" lon="6.688075015">
      <ele>858.5</ele>
    </trkpt>
    <trkpt lat="46.565447274" lon="6.688079777">
      <ele>858.5</ele>
    </trkpt>
    <trkpt lat="46.565448732" lon="6.688084486">
      <ele>858.4</ele>
    </trkpt>
    <trkpt lat="46.565450168" lon="6.688089142">
      <ele>858.4</ele>
    </trkpt>
    <trkpt lat="46.565451575" lon="6.688093746">
      <ele>858.4</ele>
    </trkpt>
    <trkpt lat="46.565452944" lon="6.688098304">
      <ele>858.4</ele>
    </trkpt>
    <trkpt lat="46.565454276" lon="6.688102825">
      <ele>858.3</ele>
    </trkpt>
    <trkpt lat="46.565455567" lon="6.688107325">
      <ele>858.3</ele>
    </trkpt>
    <trkpt lat="46.565456816" lon="6.688111808">
      <ele>858.3</ele>
    </trkpt>
    <trkpt lat="46.565458036" lon="6.688116286">
      <ele>858.2</ele>
    </trkpt>
    <trkpt lat="46.565459237" lon="6.688120766">
      <ele>858.1</ele>
    </trkpt>
    <trkpt lat="46.565460438" lon="6.688125251">
      <ele>858.0</ele>
    </trkpt>
    <trkpt lat="46.565461669" lon="6.688129741">
      <ele>857.9</ele>
    </trkpt>
    <trkpt lat="46.565462959" lon="6.688134234">
      <ele>857.7</ele>
    </trkpt>
    <trkpt lat="46.565464338" lon="6.688138720">
      <ele>857.5</ele>
    </trkpt>
    <trkpt lat="46.565465827" lon="6.688143194">
      <ele>857.2</ele>
    </trkpt>
    <trkpt lat="46.565467432" lon="6.688147651">
      <ele>856.9</ele>
    </trkpt>
    <trkpt lat="46.565469143" lon="6.688152098">
      <ele>856.6</ele>
    </trkpt>
    <trkpt lat="46.565470927" lon="6.688156542">
      <ele>856.2</ele>
    </trkpt>
    <trkpt lat="46.565472736" lon="6.688161006">
      <ele>855.9</ele>
    </trkpt>
    <trkpt lat="46.565474511" lon="6.688165516">
      <ele>855.5</ele>
    </trkpt>
    <trkpt lat="46.565476196" lon="6.688170098">
      <ele>855.2</ele>
    </trkpt>
    <trkpt lat="46.565477742" lon="6.688174770">
      <ele>854.9</ele>
    </trkpt>
    <trkpt lat="46.565479118" lon="6.688179544">
      <ele>854.6</ele>
    </trkpt>
    <trkpt lat="46.565480312" lon="6.688184416">
      <ele>854.4</ele>
    </trkpt>
    <trkpt lat="46.565481330" lon="6.688189380">
      <ele>854.3</ele>
    </trkpt>
    <trkpt lat="46.565482193" lon="6.688194410">
      <ele>854.2</ele>
    </trkpt>
    <trkpt lat="46.565482928" lon="6.688199486">
      <ele>854.1</ele>
    </trkpt>
    <trkpt lat="46.565483569" lon="6.688204589">
      <ele>854.0</ele>
    </trkpt>
    <trkpt lat="46.565484140" lon="6.688209700">
      <ele>854.0</ele>
    </trkpt>
    <trkpt lat="46.565484666" lon="6.688214810">
      <ele>853.9</ele>
    </trkpt>
    <trkpt lat="46.565485158" lon="6.688219915">
      <ele>853.9</ele>
    </trkpt>
    <trkpt lat="46.565485625" lon="6.688225009">
      <ele>853.9</ele>
    </trkpt>
    <trkpt lat="46.565486067" lon="6.688230095">
      <ele>853.8</ele>
    </trkpt>
    <trkpt lat="46.565486475" lon="6.688235171">
      <ele>853.8</ele>
    </trkpt>
    <trkpt lat="46.565486845" lon="6.688240236">
      <ele>853.7</ele>
    </trkpt>
    <trkpt lat="46.565487169" lon="6.688245288">
      <ele>853.7</ele>
    </trkpt>
    <trkpt lat="46.565487441" lon="6.688250331">
      <ele>853.6</ele>
    </trkpt>
    <trkpt lat="46.565487659" lon="6.688255367">
      <ele>853.5</ele>
    </trkpt>
    <trkpt lat="46.565487826" lon="6.688260403">
      <ele>853.4</ele>
    </trkpt>
    <trkpt lat="46.565487944" lon="6.688265446">
      <ele>853.4</ele>
    </trkpt>
    <trkpt lat="46.565488020" lon="6.688270503">
      <ele>853.3</ele>
    </trkpt>
    <trkpt lat="46.565488062" lon="6.688275574">
      <ele>853.2</ele>
    </trkpt>
    <trkpt lat="46.565488073" lon="6.688280666">
      <ele>853.1</ele>
    </trkpt>
    <trkpt lat="46.565488060" lon="6.688285774">
      <ele>853.0</ele>
    </trkpt>
    <trkpt lat="46.565488029" lon="6.688290898">
      <ele>852.9</ele>
    </trkpt>
    <trkpt lat="46.565487985" lon="6.688296038">
      <ele>852.8</ele>
    </trkpt>
    <trkpt lat="46.565487930" lon="6.688301187">
      <ele>852.7</ele>
    </trkpt>
    <trkpt lat="46.565487868" lon="6.688306348">
      <ele>852.6</ele>
    </trkpt>
    <trkpt lat="46.565487797" lon="6.688311517">
      <ele>852.5</ele>
    </trkpt>
    <trkpt lat="46.565487714" lon="6.688316693">
      <ele>852.4</ele>
    </trkpt>
    <trkpt lat="46.565487616" lon="6.688321875">
      <ele>852.2</ele>
    </trkpt>
    <trkpt lat="46.565487494" lon="6.688327058">
      <ele>852.1</ele>
    </trkpt>
    <trkpt lat="46.565487344" lon="6.688332234">
      <ele>851.9</ele>
    </trkpt>
    <trkpt lat="46.565487166" lon="6.688337405">
      <ele>851.8</ele>
    </trkpt>
    <trkpt lat="46.565486957" lon="6.688342570">
      <ele>851.6</ele>
    </trkpt>
    <trkpt lat="46.565486720" lon="6.688347728">
      <ele>851.4</ele>
    </trkpt>
    <trkpt lat="46.565486453" lon="6.688352884">
      <ele>851.2</ele>
    </trkpt>
    <trkpt lat="46.565486157" lon="6.688358030">
      <ele>851.0</ele>
    </trkpt>
    <trkpt lat="46.565485824" lon="6.688363165">
      <ele>850.9</ele>
    </trkpt>
    <trkpt lat="46.565485444" lon="6.688368279">
      <ele>850.7</ele>
    </trkpt>
    <trkpt lat="46.565485004" lon="6.688373362">
      <ele>850.5</ele>
    </trkpt>
    <trkpt lat="46.565484488" lon="6.688378402">
      <ele>850.4</ele>
    </trkpt>
    <trkpt lat="46.565483882" lon="6.688383396">
      <ele>850.2</ele>
    </trkpt>
    <trkpt lat="46.565483177" lon="6.688388338">
      <ele>850.1</ele>
    </trkpt>
    <trkpt lat="46.565482371" lon="6.688393230">
      <ele>849.9</ele>
    </trkpt>
    <trkpt lat="46.565481467" lon="6.688398078">
      <ele>849.8</ele>
    </trkpt>
    <trkpt lat="46.565480475" lon="6.688402887">
      <ele>849.7</ele>
    </trkpt>
    <trkpt lat="46.565479403" lon="6.688407662">
      <ele>849.6</ele>
    </trkpt>
    <trkpt lat="46.565478262" lon="6.688412405">
      <ele>849.5</ele>
    </trkpt>
    <trkpt lat="46.565477057" lon="6.688417115">
      <ele>849.4</ele>
    </trkpt>
    <trkpt lat="46.565475789" lon="6.688421789">
      <ele>849.4</ele>
    </trkpt>
    <trkpt lat="46.565474452" lon="6.688426424">
      <ele>849.3</ele>
    </trkpt>
    <trkpt lat="46.565473036" lon="6.688431016">
      <ele>849.3</ele>
    </trkpt>
    <trkpt lat="46.565471534" lon="6.688435565">
      <ele>849.3</ele>
    </trkpt>
    <trkpt lat="46.565469940" lon="6.688440071">
      <ele>849.2</ele>
    </trkpt>
    <trkpt lat="46.565468255" lon="6.688444533">
      <ele>849.2</ele>
    </trkpt>
    <trkpt lat="46.565466489" lon="6.688448953">
      <ele>849.2</ele>
    </trkpt>
    <trkpt lat="46.565464651" lon="6.688453332">
      <ele>849.3</ele>
    </trkpt>
    <trkpt lat="46.565462755" lon="6.688457669">
      <ele>849.3</ele>
    </trkpt>
    <trkpt lat="46.565460816" lon="6.688461959">
      <ele>849.2</ele>
    </trkpt>
    <trkpt lat="46.565458839" lon="6.688466202">
      <ele>849.2</ele>
    </trkpt>
    <trkpt lat="46.565456827" lon="6.688470396">
      <ele>849.2</ele>
    </trkpt>
    <trkpt lat="46.565454773" lon="6.688474540">
      <ele>849.2</ele>
    </trkpt>
    <trkpt lat="46.565452669" lon="6.688478634">
      <ele>849.1</ele>
    </trkpt>
    <trkpt lat="46.565450505" lon="6.688482679">
      <ele>849.1</ele>
    </trkpt>
    <trkpt lat="46.565448271" lon="6.688486676">
      <ele>849.0</ele>
    </trkpt>
    <trkpt lat="46.565445967" lon="6.688490623">
      <ele>849.0</ele>
    </trkpt>
    <trkpt lat="46.565443593" lon="6.688494519">
      <ele>848.9</ele>
    </trkpt>
    <trkpt lat="46.565441157" lon="6.688498359">
      <ele>848.9</ele>
    </trkpt>
    <trkpt lat="46.565438666" lon="6.688502140">
      <ele>848.8</ele>
    </trkpt>
    <trkpt lat="46.565436133" lon="6.688505859">
      <ele>848.8</ele>
    </trkpt>
    <trkpt lat="46.565433568" lon="6.688509515">
      <ele>848.8</ele>
    </trkpt>
    <trkpt lat="46.565430979" lon="6.688513108">
      <ele>848.7</ele>
    </trkpt>
    <trkpt lat="46.565428369" lon="6.688516647">
      <ele>848.7</ele>
    </trkpt>
    <trkpt lat="46.565425742" lon="6.688520136">
      <ele>848.6</ele>
    </trkpt>
    <trkpt lat="46.565423098" lon="6.688523583">
      <ele>848.5</ele>
    </trkpt>
    <trkpt lat="46.565420435" lon="6.688526990">
      <ele>848.5</ele>
    </trkpt>
    <trkpt lat="46.565417744" lon="6.688530352">
      <ele>848.4</ele>
    </trkpt>
    <trkpt lat="46.565415020" lon="6.688533663">
      <ele>848.3</ele>
    </trkpt>
    <trkpt lat="46.565412253" lon="6.688536909">
      <ele>848.3</ele>
    </trkpt>
    <trkpt lat="46.565409430" lon="6.688540072">
      <ele>848.3</ele>
    </trkpt>
    <trkpt lat="46.565406539" lon="6.688543126">
      <ele>848.2</ele>
    </trkpt>
    <trkpt lat="46.565403565" lon="6.688546040">
      <ele>848.3</ele>
    </trkpt>
    <trkpt lat="46.565400495" lon="6.688548787">
      <ele>848.3</ele>
    </trkpt>
    <trkpt lat="46.565397319" lon="6.688551350">
      <ele>848.5</ele>
    </trkpt>
    <trkpt lat="46.565394036" lon="6.688553723">
      <ele>848.7</ele>
    </trkpt>
    <trkpt lat="46.565390654" lon="6.688555919">
      <ele>848.9</ele>
    </trkpt>
    <trkpt lat="46.565387197" lon="6.688557976">
      <ele>849.2</ele>
    </trkpt>
    <trkpt lat="46.565383696" lon="6.688559951">
      <ele>849.5</ele>
    </trkpt>
    <trkpt lat="46.565380190" lon="6.688561918">
      <ele>849.9</ele>
    </trkpt>
    <trkpt lat="46.565376721" lon="6.688563947">
      <ele>850.2</ele>
    </trkpt>
    <trkpt lat="46.565373320" lon="6.688566102">
      <ele>850.4</ele>
    </trkpt>
    <trkpt lat="46.565370016" lon="6.688568423">
      <ele>850.6</ele>
    </trkpt>
    <trkpt lat="46.565366817" lon="6.688570926">
      <ele>850.8</ele>
    </trkpt>
    <trkpt lat="46.565363727" lon="6.688573597">
      <ele>850.9</ele>
    </trkpt>
    <trkpt lat="46.565360738" lon="6.688576409">
      <ele>850.9</ele>
    </trkpt>
    <trkpt lat="46.565357834" lon="6.688579323">
      <ele>850.8</ele>
    </trkpt>
    <trkpt lat="46.565355000" lon="6.688582296">
      <ele>850.8</ele>
    </trkpt>
    <trkpt lat="46.565352216" lon="6.688585286">
      <ele>850.7</ele>
    </trkpt>
    <trkpt lat="46.565349462" lon="6.688588258">
      <ele>850.6</ele>
    </trkpt>
    <trkpt lat="46.565346718" lon="6.688591187">
      <ele>850.4</ele>
    </trkpt>
    <trkpt lat="46.565343966" lon="6.688594053">
      <ele>850.3</ele>
    </trkpt>
    <trkpt lat="46.565341195" lon="6.688596846">
      <ele>850.1</ele>
    </trkpt>
    <trkpt lat="46.565338388" lon="6.688599560">
      <ele>849.9</ele>
    </trkpt>
    <trkpt lat="46.565335542" lon="6.688602199">
      <ele>849.7</ele>
    </trkpt>
    <trkpt lat="46.565332654" lon="6.688604779">
      <ele>849.6</ele>
    </trkpt>
    <trkpt lat="46.565329723" lon="6.688607319">
      <ele>849.4</ele>
    </trkpt>
    <trkpt lat="46.565326751" lon="6.688609845">
      <ele>849.3</ele>
    </trkpt>
    <trkpt lat="46.565323741" lon="6.688612377">
      <ele>849.1</ele>
    </trkpt>
    <trkpt lat="46.565320697" lon="6.688614930">
      <ele>849.0</ele>
    </trkpt>
    <trkpt lat="46.565317625" lon="6.688617515">
      <ele>848.9</ele>
    </trkpt>
    <trkpt lat="46.565314531" lon="6.688620133">
      <ele>848.8</ele>
    </trkpt>
    <trkpt lat="46.565311421" lon="6.688622785">
      <ele>848.8</ele>
    </trkpt>
    <trkpt lat="46.565308306" lon="6.688625457">
      <ele>848.7</ele>
    </trkpt>
    <trkpt lat="46.565305193" lon="6.688628144">
      <ele>848.6</ele>
    </trkpt>
    <trkpt lat="46.565302087" lon="6.688630838">
      <ele>848.6</ele>
    </trkpt>
    <trkpt lat="46.565298993" lon="6.688633533">
      <ele>848.5</ele>
    </trkpt>
    <trkpt lat="46.565295910" lon="6.688636226">
      <ele>848.5</ele>
    </trkpt>
    <trkpt lat="46.565292839" lon="6.688638919">
      <ele>848.5</ele>
    </trkpt>
    <trkpt lat="46.565289778" lon="6.688641614">
      <ele>848.4</ele>
    </trkpt>
    <trkpt lat="46.565286726" lon="6.688644311">
      <ele>848.4</ele>
    </trkpt>
    <trkpt lat="46.565283683" lon="6.688647013">
      <ele>848.3</ele>
    </trkpt>
    <trkpt lat="46.565280650" lon="6.688649723">
      <ele>848.3</ele>
    </trkpt>
    <trkpt lat="46.565277629" lon="6.688652440">
      <ele>848.2</ele>
    </trkpt>
    <trkpt lat="46.565274621" lon="6.688655163">
      <ele>848.2</ele>
    </trkpt>
    <trkpt lat="46.565271626" lon="6.688657886">
      <ele>848.1</ele>
    </trkpt>
    <trkpt lat="46.565268644" lon="6.688660603">
      <ele>848.0</ele>
    </trkpt>
    <trkpt lat="46.565265669" lon="6.688663310">
      <ele>848.0</ele>
    </trkpt>
    <trkpt lat="46.565262697" lon="6.688665999">
      <ele>847.9</ele>
    </trkpt>
    <trkpt lat="46.565259718" lon="6.688668663">
      <ele>847.9</ele>
    </trkpt>
    <trkpt lat="46.565256726" lon="6.688671299">
      <ele>847.8</ele>
    </trkpt>
    <trkpt lat="46.565253713" lon="6.688673906">
      <ele>847.8</ele>
    </trkpt>
    <trkpt lat="46.565250677" lon="6.688676483">
      <ele>847.7</ele>
    </trkpt>
    <trkpt lat="46.565247619" lon="6.688679036">
      <ele>847.7</ele>
    </trkpt>
    <trkpt lat="46.565244547" lon="6.688681574">
      <ele>847.6</ele>
    </trkpt>
    <trkpt lat="46.565241469" lon="6.688684109">
      <ele>847.6</ele>
    </trkpt>
    <trkpt lat="46.565238401" lon="6.688686654">
      <ele>847.5</ele>
    </trkpt>
    <trkpt lat="46.565235350" lon="6.688689198">
      <ele>847.5</ele>
    </trkpt>
    <trkpt lat="46.565232247" lon="6.688691845">
      <ele>847.4</ele>
    </trkpt>
    <trkpt lat="46.565229359" lon="6.688694536">
      <ele>847.3</ele>
    </trkpt>
    <trkpt lat="46.565226608" lon="6.688697274">
      <ele>847.3</ele>
    </trkpt>
    <trkpt lat="46.565223854" lon="6.688700241">
      <ele>847.2</ele>
    </trkpt>
    <trkpt lat="46.565221362" lon="6.688703001">
      <ele>847.2</ele>
    </trkpt>
    <trkpt lat="46.565218188" lon="6.688706733">
      <ele>847.0</ele>
    </trkpt>
    <trkpt lat="46.565216086" lon="6.688709851">
      <ele>846.8</ele>
    </trkpt>
    <trkpt lat="46.565214418" lon="6.688713067">
      <ele>846.7</ele>
    </trkpt>
    <trkpt lat="46.565211898" lon="6.688717589">
      <ele>846.5</ele>
    </trkpt>
    <trkpt lat="46.565210450" lon="6.688721475">
      <ele>846.4</ele>
    </trkpt>
    <trkpt lat="46.565209914" lon="6.688725876">
      <ele>846.4</ele>
    </trkpt>
    <trkpt lat="46.565212047" lon="6.688735165">
      <ele>844.6</ele>
    </trkpt>
    <trkpt lat="46.565211918" lon="6.688739647">
      <ele>844.5</ele>
    </trkpt>
    <trkpt lat="46.565212426" lon="6.688745642">
      <ele>844.3</ele>
    </trkpt>
    <trkpt lat="46.565212914" lon="6.688751782">
      <ele>844.1</ele>
    </trkpt>
    <trkpt lat="46.565214272" lon="6.688755639">
      <ele>844.1</ele>
    </trkpt>
    <trkpt lat="46.565216336" lon="6.688760271">
      <ele>844.0</ele>
    </trkpt>
    <trkpt lat="46.565219226" lon="6.688764287">
      <ele>843.9</ele>
    </trkpt>
    <trkpt lat="46.565221142" lon="6.688766898">
      <ele>843.9</ele>
    </trkpt>
    <trkpt lat="46.565224799" lon="6.688769918">
      <ele>843.9</ele>
    </trkpt>
    <trkpt lat="46.565226875" lon="6.688770843">
      <ele>843.9</ele>
    </trkpt>
    <trkpt lat="46.565229994" lon="6.688771931">
      <ele>843.9</ele>
    </trkpt>
    <trkpt lat="46.565234300" lon="6.688772440">
      <ele>843.9</ele>
    </trkpt>
  </trkseg></trk>
</gpx>